ts,coin,user,episode,notional
1760536873191,XPL,331f36a72e14c0aa,0,427.40103
1760536873191,XPL,794eadcd88413f5a,1,304.74612
1760537004909,XPL,71834f4f8772e549,2,552.1355
1760537039927,CAKE,5311edf789a1ccdc,3,159.85011
1760537039927,XPL,5311edf789a1ccdc,4,717.96498
1760537039927,XPL,5311edf789a1ccdc,4,802.74614
1760537039927,XPL,5311edf789a1ccdc,4,802.79048
1760537039927,XPL,5311edf789a1ccdc,4,802.83482
1760537039927,XPL,5311edf789a1ccdc,4,802.89394
1760537039927,XPL,5311edf789a1ccdc,4,802.95306
1760537039927,XPL,5311edf789a1ccdc,4,416.71877
1760537043206,XPL,465d717319eb3716,5,99.6252
1760537043206,XPL,465d717319eb3716,5,43.5544
1760537043206,XPL,f05b8e14211272e1,6,0.54443
1760537046054,XPL,f769fbe8c9358f25,7,223.61257
1760537046054,XPL,f769fbe8c9358f25,7,12.0296
1760537046054,XPL,f769fbe8c9358f25,7,24.06228
1760537046054,XPL,f769fbe8c9358f25,7,667.91142
1760537046054,XPL,f769fbe8c9358f25,7,370.62365
1760537046054,XPL,f769fbe8c9358f25,7,370.63042
1760537046054,XPL,f769fbe8c9358f25,7,21.9
1760537046054,XPL,f769fbe8c9358f25,7,191.653
1760537046054,XPL,f769fbe8c9358f25,7,208.63179
1760537046054,XPL,f769fbe8c9358f25,7,8292.8544
1760537046054,XPL,f769fbe8c9358f25,7,9999.90621
1760537046054,XPL,f769fbe8c9358f25,7,1031.79144
1760537046054,XPL,f769fbe8c9358f25,7,4580.16421
1760537046054,XPL,f769fbe8c9358f25,7,333.5493
1760537046054,XPL,f769fbe8c9358f25,7,382.88424
1760537046054,XPL,f769fbe8c9358f25,7,181.3218
1760537046054,XPL,79a9ceded4b06098,8,266.2308
1760537046054,XPL,79a9ceded4b06098,8,1032.31896
1760537046054,XPL,79a9ceded4b06098,8,3538.11315
1760537046054,XPL,79a9ceded4b06098,8,149.60127
1760537046054,XPL,427e9986a31e4029,9,4433.2391
1760537046054,XPL,427e9986a31e4029,9,3498.90528
1760537046054,XPL,5002ce15d51b5597,10,2410.80768
1760537046054,XPL,8749a1d5c0cbe6d9,11,4582.06944
1760537046054,XPL,8749a1d5c0cbe6d9,11,493.362
1760537046054,XPL,8749a1d5c0cbe6d9,11,1032.84648
1760537046054,XPL,8749a1d5c0cbe6d9,11,169.9513
1760537046054,XPL,8749a1d5c0cbe6d9,11,485.74064
1760537046054,XPL,8749a1d5c0cbe6d9,11,8302.698
1760537046054,XPL,8749a1d5c0cbe6d9,11,4585.85105
1760537046054,XPL,8749a1d5c0cbe6d9,11,1033.374
1760537046054,XPL,8749a1d5c0cbe6d9,11,1002.76768
1760537046054,XPL,8749a1d5c0cbe6d9,11,3542.37477
1760537046054,XPL,8749a1d5c0cbe6d9,11,4189.09545
1760537046054,XPL,8749a1d5c0cbe6d9,11,10502.3094
1760537046054,XPL,8749a1d5c0cbe6d9,11,10502.3094
1760537046054,XPL,8749a1d5c0cbe6d9,11,1339.47434
1760537046054,XPL,8749a1d5c0cbe6d9,11,5434.46931
1760537046054,XPL,8749a1d5c0cbe6d9,11,1033.90152
1760537046054,XPL,8749a1d5c0cbe6d9,11,465.9312
1760537046054,XPL,8749a1d5c0cbe6d9,11,3177.8994
1760537046054,XPL,8749a1d5c0cbe6d9,11,192.1115
1760537046054,XPL,8749a1d5c0cbe6d9,11,8312.69304
1760537046054,XPL,8749a1d5c0cbe6d9,11,518.71995
1760537046054,XPL,8749a1d5c0cbe6d9,11,1340.03577
1760537046054,XPL,8749a1d5c0cbe6d9,11,4591.20337
1760537046054,XPL,8749a1d5c0cbe6d9,11,466.09251
1760537046054,XPL,8749a1d5c0cbe6d9,11,517.707
1760537046054,XPL,8749a1d5c0cbe6d9,11,518.805
1760537046054,XPL,8749a1d5c0cbe6d9,11,10376.1
1760537046054,XPL,8749a1d5c0cbe6d9,11,517.707
1760537046054,XPL,8749a1d5c0cbe6d9,11,4392.24
1760537046054,XPL,8749a1d5c0cbe6d9,11,1034.42904
1760537046054,XPL,8749a1d5c0cbe6d9,11,6206.4773
1760537046054,XPL,8749a1d5c0cbe6d9,11,27460.0
1760537046054,XPL,8749a1d5c0cbe6d9,11,10512.8364
1760537046054,XPL,8749a1d5c0cbe6d9,11,3546.63639
1760537046054,XPL,8749a1d5c0cbe6d9,11,1568.77224
1760537046054,XPL,8749a1d5c0cbe6d9,11,10789.4325
1760537046054,XPL,8749a1d5c0cbe6d9,11,7635.8583
1760537046054,XPL,8749a1d5c0cbe6d9,11,4596.97384
1760537046054,XPL,8749a1d5c0cbe6d9,11,1865.78362
1760537046054,XPL,8749a1d5c0cbe6d9,11,8325.71688
1760537046054,XPL,8749a1d5c0cbe6d9,11,54990.0
1760537046054,XPL,8749a1d5c0cbe6d9,11,3550.89801
1760537046054,XPL,8749a1d5c0cbe6d9,11,4599.56637
1760537046054,XPL,8749a1d5c0cbe6d9,11,212.3
1760537046054,XPL,8749a1d5c0cbe6d9,11,1999.8
1760537046054,XPL,8749a1d5c0cbe6d9,11,22.0
1760537046054,XPL,8749a1d5c0cbe6d9,11,99.0
1760537046054,XPL,8749a1d5c0cbe6d9,11,2369.4
1760537046054,XPL,8749a1d5c0cbe6d9,11,562.65
1760537046054,XPL,8749a1d5c0cbe6d9,11,35551.45
1760537051873,XPL,8749a1d5c0cbe6d9,12,42129.36098
1760537051873,XPL,8749a1d5c0cbe6d9,12,10311.282
1760537051873,XPL,8749a1d5c0cbe6d9,12,195.328
1760537051873,XPL,8749a1d5c0cbe6d9,12,399.5996
1760537051873,XPL,8749a1d5c0cbe6d9,12,4217.57875
1760537051873,XPL,8749a1d5c0cbe6d9,12,24996.202
1760537051873,XPL,8749a1d5c0cbe6d9,12,668.22525
1760537051873,XPL,8749a1d5c0cbe6d9,12,3605.07224
1760537051873,XPL,8749a1d5c0cbe6d9,12,2030.08788
1760537051873,XPL,8749a1d5c0cbe6d9,12,75.93288
1760537051873,XPL,8749a1d5c0cbe6d9,12,120.61224
1760537051873,XPL,8749a1d5c0cbe6d9,12,993.3936
1760537051873,XPL,8749a1d5c0cbe6d9,12,333.37077
1760537051873,XPL,8749a1d5c0cbe6d9,12,167.556
1760537051873,XPL,8749a1d5c0cbe6d9,12,469.1736
1760537051873,XPL,8749a1d5c0cbe6d9,12,4219.9208
1760537051873,XPL,8749a1d5c0cbe6d9,12,167.568
1760537051873,XPL,8749a1d5c0cbe6d9,12,278.17782
1760537051873,XPL,8749a1d5c0cbe6d9,12,167.58
1760537051873,XPL,8749a1d5c0cbe6d9,12,10169.47001
1760537051873,XPL,8749a1d5c0cbe6d9,12,167.625
1760537051873,XPL,8749a1d5c0cbe6d9,12,3608.04246
1760537051873,XPL,8749a1d5c0cbe6d9,12,1002.05391
1760537051873,XPL,8749a1d5c0cbe6d9,12,7765.9155
1760537051873,XPL,8749a1d5c0cbe6d9,12,6583.343
1760537051873,XPL,8749a1d5c0cbe6d9,12,8044.85682
1760537051873,XPL,8749a1d5c0cbe6d9,12,1002.55595
1760537051873,XPL,8749a1d5c0cbe6d9,12,10979.892
1760537051873,XPL,8749a1d5c0cbe6d9,12,21.80919
1760537051873,XPL,8749a1d5c0cbe6d9,12,3237.8259
1760537051873,XPL,8749a1d5c0cbe6d9,12,4225.2093
1760537051873,XPL,8749a1d5c0cbe6d9,12,3611.33553
1760537051873,XPL,8749a1d5c0cbe6d9,12,195.7865
1760537051873,XPL,8749a1d5c0cbe6d9,12,55940.0
1760537051873,XPL,8749a1d5c0cbe6d9,12,1003.05799
1760537051873,XPL,8749a1d5c0cbe6d9,12,62.11116
1760537051873,XPL,8749a1d5c0cbe6d9,12,1880.256
1760537051873,XPL,8749a1d5c0cbe6d9,12,4228.15575
1760537051873,XPL,8749a1d5c0cbe6d9,12,1003.56003
1760537051873,XPL,8749a1d5c0cbe6d9,12,50.3784
1760537051873,XPL,8749a1d5c0cbe6d9,12,455.6772
1760537051873,XPL,8749a1d5c0cbe6d9,12,3614.82231
1760537051873,XPL,8749a1d5c0cbe6d9,12,12256.55199
1760537051873,XPL,8749a1d5c0cbe6d9,12,1004.06207
1760537051873,XPL,8749a1d5c0cbe6d9,12,299.6
1760537051873,XPL,8749a1d5c0cbe6d9,12,22.4
1760537051873,XPL,8749a1d5c0cbe6d9,12,100.8
1760537051873,XPL,8749a1d5c0cbe6d9,12,9518.88
1760537051873,XPL,8749a1d5c0cbe6d9,12,495.04
1760537051873,XPL,8749a1d5c0cbe6d9,12,1393.5288
1760537051873,XPL,8749a1d5c0cbe6d9,12,1403.4513
1760537051873,XPL,8749a1d5c0cbe6d9,12,1004.56411
1760537051873,XPL,8749a1d5c0cbe6d9,12,243.72615
1760537051873,XPL,8749a1d5c0cbe6d9,12,4233.44425
1760537051873,XPL,8749a1d5c0cbe6d9,12,9965.38844
1760537051873,XPL,8749a1d5c0cbe6d9,12,3619.08393
1760537051873,XPL,8749a1d5c0cbe6d9,12,399682.55332
1760537051873,XPL,8749a1d5c0cbe6d9,12,8066.87505
1760537051873,XPL,8749a1d5c0cbe6d9,12,1005.08408
1760537051873,XPL,8749a1d5c0cbe6d9,12,196.2485
1760537051873,XPL,8749a1d5c0cbe6d9,12,7597.5648
1760537051873,XPL,8749a1d5c0cbe6d9,12,3623.34555
1760537051873,XPL,8749a1d5c0cbe6d9,12,5624.04574
1760537051873,XPL,8749a1d5c0cbe6d9,12,3772.0032
1760537051873,XPL,8749a1d5c0cbe6d9,12,405.4391
1760537051873,XPL,8749a1d5c0cbe6d9,12,513.9738
1760537051873,XPL,8749a1d5c0cbe6d9,12,3627.60717
1760537051873,XPL,8749a1d5c0cbe6d9,12,3361.66821
1760537051873,XPL,8749a1d5c0cbe6d9,12,807.43593
1760537051873,XPL,8749a1d5c0cbe6d9,12,196.707
1760537051873,XPL,8749a1d5c0cbe6d9,12,12.36466
1760537051873,XPL,8749a1d5c0cbe6d9,12,3631.86879
1760537051873,XPL,8749a1d5c0cbe6d9,12,2045.25
1760537051873,XPL,8749a1d5c0cbe6d9,12,22.5
1760537051873,XPL,8749a1d5c0cbe6d9,12,28.126
1760537051873,XPL,8749a1d5c0cbe6d9,12,2423.8962
1760537051873,XPL,8749a1d5c0cbe6d9,12,15681.27392
1760537051873,XPL,8749a1d5c0cbe6d9,12,11284.57156
1760537051873,XPL,8749a1d5c0cbe6d9,12,3636.13041
1760537051873,XPL,8749a1d5c0cbe6d9,12,197.1655
1760537051873,XPL,8749a1d5c0cbe6d9,12,7646.48528
1760537051873,XPL,8749a1d5c0cbe6d9,12,13669.60968
1760537051873,XPL,8749a1d5c0cbe6d9,12,532.46025
1760537051873,XPL,8749a1d5c0cbe6d9,12,3640.39203
1760537051873,XPL,8749a1d5c0cbe6d9,12,325100.19171
1760537051873,XPL,8749a1d5c0cbe6d9,12,731.21616
1760537051873,XPL,8749a1d5c0cbe6d9,12,10946.99644
1760537051873,XPL,8749a1d5c0cbe6d9,12,463.36419
1760537051873,XPL,8749a1d5c0cbe6d9,12,3644.65365
1760537051873,XPL,8749a1d5c0cbe6d9,12,13396.7715
1760537051873,XPL,8749a1d5c0cbe6d9,12,197.6275
1760537051873,XPL,8749a1d5c0cbe6d9,12,411.32
1760537051873,XPL,8749a1d5c0cbe6d9,12,22.6
1760537051873,XPL,8749a1d5c0cbe6d9,12,101.7
1760537051873,XPL,8749a1d5c0cbe6d9,12,6090.21668
1760537051873,XPL,8749a1d5c0cbe6d9,12,15316.51636
1760537046054,XPL,f9456fe594c15378,13,3862.1
1760537048851,PUMP,e570d85d30a0d87c,14,3.40818
1760537048851,XPL,e570d85d30a0d87c,15,17075.85
1760537048851,XPL,2f9502f32a7b645d,16,4980.25
1760537048851,XPL,bdd281e41ea6cf37,17,1575.2
1760537048851,XPL,b1d5d39105428436,18,277.75
1760537048851,XPL,be9bfc1106b9c3cc,19,5746.95
1760537048851,XPL,be9bfc1106b9c3cc,19,192.57
1760537048851,XPL,be9bfc1106b9c3cc,19,441.03861
1760537048851,XPL,be9bfc1106b9c3cc,19,593.978
1760537048851,XPL,be9bfc1106b9c3cc,19,388.60305
1760537048851,XPL,be9bfc1106b9c3cc,19,21.50148
1760537048851,XPL,be9bfc1106b9c3cc,19,193.032
1760537048851,XPL,be9bfc1106b9c3cc,19,22.1
1760537048851,XPL,be9bfc1106b9c3cc,19,193.4905
1760537048851,XPL,be9bfc1106b9c3cc,19,12.17392
1760537048851,XPL,be9bfc1106b9c3cc,19,233.58122
1760537048851,XPL,be9bfc1106b9c3cc,19,463.60593
1760537048851,XPL,be9bfc1106b9c3cc,19,193.949
1760537048851,XPL,be9bfc1106b9c3cc,19,1788.30659
1760537048851,XPL,5f4ba9ad016884e0,20,38.7919
1760537048851,XPL,07c7fe37e29936bf,21,187.86363
1760537048851,XPL,07c7fe37e29936bf,21,290.04534
1760537048851,XPL,07c7fe37e29936bf,21,393.8086
1760537048851,XPL,07c7fe37e29936bf,21,1045.35624
1760537048851,XPL,07c7fe37e29936bf,21,22.2
1760537048851,XPL,07c7fe37e29936bf,21,99.9
1760537048851,XPL,07c7fe37e29936bf,21,1401.93
1760537051873,XPL,fd3bd09110a77665,22,6728.80141
1760537051873,XPL,fd3bd09110a77665,22,2498.12123
1760537051873,XPL,fd3bd09110a77665,22,1219.20815
1760537051873,XPL,b7779a753e94ff7e,23,37.38533
1760537051873,XPL,a6f858403c22eb76,24,346.51179
1760537051873,XPL,309eea90faca78f2,25,846.47083
1760538800115,XPL,309eea90faca78f2,26,189.97885
1760538800115,XPL,309eea90faca78f2,26,97.76
1760537051873,XPL,c63defc27f69721f,27,475.96547
1760537275356,MON,5dc89405d254be6e,28,74.6595
1760537275356,MON,5dc89405d254be6e,28,93.422208
1760537334635,FARTCOIN,9b10077b39261011,29,913.689024
1760537334635,FARTCOIN,9b10077b39261011,29,333.340331
1760537334635,FARTCOIN,9b10077b39261011,29,8348.308635
1760537334635,FARTCOIN,9b10077b39261011,29,721.287213
1760537334635,FARTCOIN,9b10077b39261011,29,426.58
1760537334635,FARTCOIN,9b10077b39261011,29,370.3756
1760537334635,FARTCOIN,9b10077b39261011,29,655.414607
1760537334635,FARTCOIN,9b10077b39261011,29,412.486884
1760537334635,FARTCOIN,9b10077b39261011,29,185.2095
1760537334635,FARTCOIN,9b10077b39261011,29,185.21384
1760537334635,FARTCOIN,9b10077b39261011,29,31645.068336
1760537334635,BTC,3de59878fbe99972,30,4594.1592
1760537334635,BTC,af635357044405aa,31,2891.664
1760537338622,SOL,ad3afecbd2601b01,32,468.165
1760537388808,SOL,20e9d725f723a952,33,487.1059
1760537426131,BTC,7ce7e2f7ba67838b,34,34.75782
1760537426131,SOL,6f23989ea5eeca09,35,428.778
1760537428893,BTC,b6524376b308c144,36,619.18392
1760537428893,BTC,d4edcb9e8ca967b0,37,865.96012
1760537432078,BTC,383c7a22ac4bcd63,38,14264.4723
1760537432078,BTC,383c7a22ac4bcd63,38,19827.1004
1760537438331,BTC,9e31e4adc1c4baa0,39,22641.41878
1760537472150,SOL,d28bc2fd715c1a71,40,169.7682
1760537751184,NIL,13759aaec92c4d0b,41,26.90583
1760538789935,XPL,79f38587819b5e2f,42,9454.81331
1760538801954,XPL,704d3732178368fd,43,2865.63132
1760538801954,XPL,704d3732178368fd,43,11.396
1760538801954,XPL,704d3732178368fd,43,10195.276
1760538801954,XPL,ddd9d2adf219f848,44,5344.724
1760538801954,XPL,ddd9d2adf219f848,44,2707.068
1760538801954,XPL,7b06fdaa6ecabd18,45,1981.868
1760538822239,XPL,8e4828b2def0582f,46,291.46392
1760538822239,XPL,000eb9f41fc4df7a,47,7801.31088
1760538822239,XPL,000eb9f41fc4df7a,47,834.5351
1760538822239,XPL,000eb9f41fc4df7a,47,6219.75864
1760538822239,XPL,dbb0bd03ff992abb,48,1472.652
1760538840281,XPL,f52b0880d537460d,49,158.7665
1760538840281,XPL,1c7e90c70c1732f3,50,1361.2947
1760538840281,XPL,1231410918addd88,51,2791.72965
1760538840281,XPL,a1cb710181458134,52,469.64155
1760538914260,XPL,35181ba9f75df6ba,53,22.55396
1760538914260,XPL,55c512db494de0ac,54,366.50185
1760538914260,XPL,55c512db494de0ac,54,2000.08716
1760538914260,XPL,55c512db494de0ac,54,2945.79726
1760538950913,XPL,24ee8c7703b03c0a,55,92.672
1760538950913,XPL,513cef9b3d1055bc,56,574.976
1760538950913,XPL,2453e45aa3f45c53,57,235.008
1760538950913,XPL,65cc14886ae16a05,58,180.736
1760538980715,XPL,cef4c7dd88f3c38a,59,2191.30884
1760539280178,IMX,b06157554bcb3561,60,44.259558
1760539327053,IMX,52bd1c2b2110680c,61,44.43986
1760539605959,SOL,5e7978d7592fd8bb,62,195.5982
1760539615137,SOL,57a6e92069273782,63,149.5725
1760539628451,SOL,04a78a2a65d71880,64,5575.7832
1760539690556,SOL,42f9a0a64384fa1e,65,573.84
1760539704825,SOL,47543d3dfc0f088c,66,2977.442
1760539704825,SOL,47543d3dfc0f088c,66,9876.3444
1760539704825,SOL,d676ed583361f3ec,67,1063.5144
1760539704825,SOL,398085db848bebef,68,129.454
1760539886170,ETH,b60b3f4445abf684,69,78.0074
1760539886170,ETH,060bfb32b6f861ee,70,1293.9578
1760539886170,ETH,060bfb32b6f861ee,70,20.105
1760539886170,ETH,060bfb32b6f861ee,70,27.74421
1760539886170,ETH,060bfb32b6f861ee,70,935.66343
1760539886170,ETH,060bfb32b6f861ee,70,20.104
1760539886170,ETH,060bfb32b6f861ee,70,19.70143
1760539886170,ETH,060bfb32b6f861ee,70,2030.403
1760539886170,ETH,060bfb32b6f861ee,70,2030.403
1760539886170,ETH,060bfb32b6f861ee,70,20.103
1760539886170,ETH,060bfb32b6f861ee,70,57.8952
1760539886170,ETH,060bfb32b6f861ee,70,20102.0
1760539886170,ETH,060bfb32b6f861ee,70,13934.30436
1760540043986,ETH,060bfb32b6f861ee,71,32205.0281
1760539886170,ETH,89f1668c2425201a,72,103.32428
1760539889153,ETH,bfce2de35551ae8d,73,192.4622
1760539889153,ETH,a09285be4cbad88d,74,48144.0778
1760539889153,ETH,41e8f4a9e9197c89,75,65122.9404
1760540043986,ETH,41e8f4a9e9197c89,76,51825.9014
1760539889153,ETH,be0c5ef405927115,77,151.8804
1760539889153,ETH,0e3d1acae9da9360,78,21.6972
1760539889153,ETH,e014fa7f1a8b721b,79,147.0588
1760539889153,ETH,d44f3b67655d699b,80,5032.545
1760539889153,ETH,c4e066e8e0f953e7,81,955.8822
1760539889153,ETH,40c7afc330b7004b,82,1028.608
1760539889153,ETH,485b6e78ee90cb73,83,2341.6904
1760539889153,ETH,6dc9d449b3f9f256,84,1284.5546
1784901287905,ETH,6dc9d449b3f9f256,85,565.91768
1760539889153,ETH,5866450aed418654,86,168.756
1760539889153,ETH,24eeb8bfb06ecc34,87,360.0128
1760539892212,ETH,298fbea5f28fa24d,88,1260.71
1760539892212,ETH,8129e66415cabc76,89,198.7425
1760539892212,ETH,abf0bfa0bee97f8b,90,16440.2205
1760539892212,ETH,3631cc99bd3e8722,91,281.4515
1760539892212,ETH,18e9fb7d41a73e30,92,92.345
1760539892212,ETH,1b34385b7a9256f3,93,7342.632
1760539895968,ETH,15a1275883d1fab0,94,95.08677
1760539895968,ETH,2dc01bcfa1a8bd40,95,44133.1
1760539895968,ETH,29d05c82e64a70d5,96,9670.36463
1760539895968,ETH,57d27ddc07377bd4,97,146.84286
1760539895968,ETH,a604191180827065,98,303.71597
1760539895968,ETH,6088772f12c4f655,99,133.60293
1760539895968,ETH,33be8204f9ca8fc5,100,2442.16527
1760539895968,ETH,33be8204f9ca8fc5,100,35519.92372
1760539895968,ETH,ba6b91b1cfcb062c,101,44935.52
1760540043986,ETH,ba6b91b1cfcb062c,102,35813.12
1760539895968,ETH,61feae15d1106257,103,2790.01434
1760539895968,ETH,c4dede089aa389d4,104,65.39723
1760539895968,ETH,095c2633e0161766,105,227.08486
1760539895968,ETH,308c3961959bbe66,106,318.56074
1760539895968,ETH,62c22bde7d408c8a,107,68.2057
1760539895968,ETH,2e86e12fe9aead00,108,20060.5
1760539895968,ETH,d2eefbf8b9f8bf77,109,16850.82
1760539895968,ETH,fbd6e45b31ace1ff,110,80965.78284
1760540201923,ETH,fbd6e45b31ace1ff,111,50010.3018
1760540201923,ETH,fbd6e45b31ace1ff,111,561.19084
1760540201923,ETH,fbd6e45b31ace1ff,111,810.2339
1760540201923,ETH,fbd6e45b31ace1ff,111,810.2339
1760540201923,ETH,fbd6e45b31ace1ff,111,9996.21085
1760540201923,ETH,fbd6e45b31ace1ff,111,2251.0932
1760539895968,ETH,275ef3a0dbeef5a3,112,2048.97947
1760539895968,ETH,377d0705f3e6c4ea,113,9773.07439
1760539895968,ETH,e865a5f387e2447a,114,30832.18608
1760539895968,ETH,5839e38bb4f138cc,115,31126.27301
1760539895968,ETH,c84e7d873d189669,116,316.9559
1760539895968,ETH,8fc31593f71e4b9b,117,32.89922
1760539895968,ETH,42dde09395af3a54,118,48.94762
1760539895968,ETH,34b92b922143ba97,119,106.72186
1760539895968,ETH,640ad2eadcfdb766,120,311.74017
1760539895968,ETH,dadaaea9e9fa63bc,121,594.59322
1760539895968,ETH,75d8dad50aeb2bc4,122,488.27257
1760540005007,SOL,45164703e85aec54,123,1025.159
1760540005007,SOL,45164703e85aec54,123,901.7418
1760540005007,SOL,ec402885abda3c00,124,384.1858
1760540015364,SOL,56426694a33db559,125,97.4659
1760540015364,SOL,02a91e2235c813a6,126,27292.4411
1760540018319,SOL,02a91e2235c813a6,126,3752.5888
1760540018319,SOL,02a91e2235c813a6,126,17.8875
1760540018319,SOL,02a91e2235c813a6,126,105315.6375
1760540015364,ETH,c8e07519de0c5beb,127,2405.198
1760540015364,ETH,c6492b1c7e393f64,128,97.443
1760540015364,ETH,6b5cea6d3dc21d31,129,175.638
1760540015364,SOL,cc748a9e088dd42c,130,274.4958
1760540015364,ETH,a4df49dfd4ad369b,131,178.044
1760540015364,ETH,ddd8125a2c98d5be,132,90.225
1760540018319,ETH,4ba586fbcdface7f,133,1451.77233
1760540018319,ETH,4ba586fbcdface7f,133,1001.775
1760540018319,ETH,4ba586fbcdface7f,133,57.70224
1760540018319,ETH,4ba586fbcdface7f,133,500.875
1760540018319,ETH,4ba586fbcdface7f,133,466.4148
1760540018319,ETH,4ba586fbcdface7f,133,520.91
1760540018319,ETH,4ba586fbcdface7f,133,560.98
1760540018319,ETH,4ba586fbcdface7f,133,29.6518
1760540018319,ETH,4ba586fbcdface7f,133,1001.75
1760540018319,ETH,4ba586fbcdface7f,133,899223.6924
1760540018319,ETH,4ba586fbcdface7f,133,473592.5391
1760540018319,ETH,69f79d0f6d6ee4bb,134,40768.8208
1760540018319,SOL,f8b1778d97cec777,135,3949.3612
1760540018319,BTC,fa4fe3e7efe1981e,136,5375.57595
1760540018319,ETH,fa4fe3e7efe1981e,137,10025.9147
1760540018319,XPL,fa4fe3e7efe1981e,138,1086.79122
1760540018319,XPL,fa4fe3e7efe1981e,138,295.4025
1760540018319,XPL,fa4fe3e7efe1981e,138,295.3968
1760540018319,XPL,fa4fe3e7efe1981e,138,295.3911
1760540018319,XPL,fa4fe3e7efe1981e,138,295.3854
1760540018319,XPL,fa4fe3e7efe1981e,138,295.3797
1760540018319,XPL,fa4fe3e7efe1981e,138,295.374
1760540018319,XPL,fa4fe3e7efe1981e,138,820.19979
1760540018319,XPL,fa4fe3e7efe1981e,138,2337.80256
1760540018319,ETH,970242d0f17cf0a7,139,11.6203
1760540018319,ETH,7b45cde32556624f,140,22.0385
1760540018319,ETH,f0a040e3b47aa917,141,1906.1299
1760540018319,ETH,06dc8207d62d7615,142,13211.4797
1760540018319,ETH,06dc8207d62d7615,142,1942.1929
1760540018319,ETH,ae2709c44894dff4,143,4500.2617
1760540018319,ETH,8b9caa8344b53469,144,2201.0451
1760540018319,ETH,a49f0d957efdcdb2,145,260.8557
1760540018319,SOL,4a95e3300b955f18,146,153.0375
1760540018319,ETH,a26902d76aebfd91,147,612.2696
1760540018319,ETH,a0fb9f09a229f6e5,148,5302.8638
1760540018319,BTC,b7997cc62c17d620,149,17519.1629
1760540018319,ETH,b7997cc62c17d620,150,24574.5303
1760540018319,SUI,b7997cc62c17d620,151,479.46984
1760540018319,SUI,b7997cc62c17d620,151,999.64345
1760540018319,SUI,b7997cc62c17d620,151,902.979
1760540018319,ETH,dcff1fe0866d4a8f,152,28.4497
1760540018319,ETH,e70d760d2b7aa0f9,153,2625.3864
1760540018319,ETH,c68be148cab34264,154,660.7543
1760540018319,ETH,1295383077e60110,155,278.8872
1760540018319,SOL,413a4f0a9711ad27,156,57.6375
1760540018319,ETH,86b666cbc4451a4e,157,29971.9593
1760540033316,ETH,4b706bd187c9a625,158,643.6035
1760540033316,ETH,d25ee8910b456b22,159,587.5335
1760540033316,ETH,d25ee8910b456b22,159,166.608
1760540033316,ETH,d25ee8910b456b22,159,2022.4745
1760540033316,ETH,d25ee8910b456b22,159,399.68902
1760540033316,ETH,d25ee8910b456b22,159,1056.49262
1760540033316,ETH,d25ee8910b456b22,159,16.82058
1760540033316,ETH,d25ee8910b456b22,159,2022.424
1760540033316,ETH,d25ee8910b456b22,159,334.79292
1760540033316,ETH,d25ee8910b456b22,159,5019.89145
1760540033316,ETH,4bb9eb26feefe9d0,160,253.89798
1760540033316,ETH,c491e5546a85ba8f,161,367.23099
1760540033316,ETH,729a6da2e82adc6a,162,618.32568
1760540033316,SOL,f0a040e3b47aa917,163,242.5116
1760540033316,SOL,f0a040e3b47aa917,163,19.878
1760540033316,SOL,f0a040e3b47aa917,163,19.876
1760540033316,SOL,f0a040e3b47aa917,163,29.814
1760540033316,SOL,f0a040e3b47aa917,163,29.808
1760540033316,SOL,f0a040e3b47aa917,163,596.13
1760540033316,SOL,f0a040e3b47aa917,163,637.8591
1760540033316,ETH,9d65e2454d5b57c4,164,3827.29179
1760540033316,ETH,a1ecb3ee34907e54,165,367.63146
1760540033316,SOL,d4765a152de0381e,166,27.8194
1760540033316,ETH,d44b9ac72d2541a0,167,13920.73767
1760540033316,ETH,d44b9ac72d2541a0,167,364.01814
1760540033316,ETH,d44b9ac72d2541a0,167,2022.323
1760540033316,ETH,d44b9ac72d2541a0,167,57.66624
1760540033316,ETH,d44b9ac72d2541a0,167,400.45
1760540033316,ETH,d44b9ac72d2541a0,167,945.062
1760540033316,ETH,d44b9ac72d2541a0,167,519.77112
1760540033316,ETH,d44b9ac72d2541a0,167,49094.74488
1760540033316,SOL,d44b9ac72d2541a0,168,3258.844
1760540033316,SOL,d44b9ac72d2541a0,168,31257.083
1760540033316,SOL,d44b9ac72d2541a0,168,17.883
1760540033316,SOL,d44b9ac72d2541a0,168,5871.585
1760540033316,SOL,d44b9ac72d2541a0,168,1096.824
1760540033316,ETH,a53a3465127af77d,169,4351.58148
1760540033316,ETH,81896f65631c590c,170,8910.99132
1760540033316,ETH,cd7197fecd36a6f8,171,146.96148
1760540033316,ETH,154ceae193b6a1bf,172,145321.6782
1760540033316,ETH,fe8c97fbec3db8f0,173,227.44992
1760540033316,ETH,601e14f317f5303a,174,3890.67504
1760540033316,ETH,d6ebf661b98f554f,175,46915.5504
1784898333286,ETH,d6ebf661b98f554f,176,19776.39156
1784898333286,ETH,d6ebf661b98f554f,176,105.92694
1784898333286,ETH,d6ebf661b98f554f,176,3333.99807
1784898333286,ETH,d6ebf661b98f554f,176,3199.86849
1784898333286,ETH,d6ebf661b98f554f,176,56.043
1784898333286,ETH,d6ebf661b98f554f,176,34511.2794
1784898333286,ETH,d6ebf661b98f554f,176,3245.45013
1784898333286,ETH,d6ebf661b98f554f,176,24.284
1784898333286,ETH,d6ebf661b98f554f,176,4012.0904
1784898333286,ETH,d6ebf661b98f554f,176,4306.8608
1784898333286,ETH,d6ebf661b98f554f,176,3387.81023
1784898333286,ETH,d6ebf661b98f554f,176,933.95
1784898333286,ETH,d6ebf661b98f554f,176,2272.48714
1784898333286,ETH,d6ebf661b98f554f,176,199.8653
1784898333286,ETH,d6ebf661b98f554f,176,3441.04794
1784898333286,ETH,d6ebf661b98f554f,176,50.99094
1784898333286,ETH,d6ebf661b98f554f,176,74.712
1784898333286,ETH,d6ebf661b98f554f,176,10.08612
1784898333286,ETH,d6ebf661b98f554f,176,20.73258
1784898333286,ETH,d6ebf661b98f554f,176,599.93736
1784898333286,ETH,d6ebf661b98f554f,176,56.034
1784898333286,ETH,d6ebf661b98f554f,176,1867.8
1784898333286,ETH,d6ebf661b98f554f,176,519.2484
1784898333286,ETH,d6ebf661b98f554f,176,3493.34608
1784898333286,ETH,d6ebf661b98f554f,176,19.42408
1784898333286,ETH,d6ebf661b98f554f,176,155.0191
1784898333286,ETH,d6ebf661b98f554f,176,388.29483
1784898333286,ETH,d6ebf661b98f554f,176,10.08558
1784898333286,ETH,d6ebf661b98f554f,176,199.8439
1784898333286,ETH,d6ebf661b98f554f,176,1124.91571
1784898333286,ETH,d6ebf661b98f554f,176,2251.88589
1784898333286,ETH,d6ebf661b98f554f,176,2311.46552
1760540033316,ETH,d7af4c49aae3a6ab,177,2477.52228
1760540033316,SOL,d7af4c49aae3a6ab,178,115.246
1760540036992,ETH,dbfdec91f6d037e3,179,4334.17858
1760540036992,ETH,97f8e66be799d5d5,180,245.48198
1760540036992,ETH,f8b1778d97cec777,181,4846.36692
1760540036992,ETH,08095a2e05032683,182,7764.9194
1760540036992,ETH,08095a2e05032683,182,13620.04506
1760540036992,ETH,08b651e871490ba2,183,131.75134
1760540036992,ETH,31f2b971a5c4542e,184,10248.57232
1760540036992,ETH,31f2b971a5c4542e,184,4835.15404
1760540036992,ETH,31f2b971a5c4542e,184,14.4162
1760540036992,ETH,31f2b971a5c4542e,184,52.0585
1760540036992,ETH,31f2b971a5c4542e,184,52.0585
1760540036992,ETH,31f2b971a5c4542e,184,52.0585
1760540036992,ETH,31f2b971a5c4542e,184,52.0585
1760540036992,ETH,31f2b971a5c4542e,184,52.0585
1760540036992,ETH,31f2b971a5c4542e,184,1998.64595
1760540036992,ETH,31f2b971a5c4542e,184,52.0585
1760540036992,ETH,31f2b971a5c4542e,184,52.0585
1760540036992,ETH,31f2b971a5c4542e,184,19999.67435
1760540036992,ETH,31f2b971a5c4542e,184,395.63472
1760540036992,ETH,31f2b971a5c4542e,184,900.9675
1760540036992,ETH,31f2b971a5c4542e,184,18451.3536
1760540036992,ETH,31f2b971a5c4542e,184,154.95867
1760540036992,ETH,7f1a8e2e9ce358c1,185,77.67954
1760540036992,ETH,a06b5e07c0a6ca60,186,146.95047
1760540036992,ETH,f863c5abd9451818,187,58.45986
1760540036992,ETH,d0f3269bf7a87057,188,243.04887
1760540036992,ETH,cc0108554bd565c6,189,167.77179
1760540036992,ETH,82f71ca73ad81b44,190,3086.36028
1760540036992,ETH,d7356148d0de2796,191,48.85002
1760540036992,ETH,6bc1b0134d393c4b,192,18978.23277
1760540036992,ETH,3edaf9b1a68c27b0,193,5762.70072
1760540036992,ETH,3edaf9b1a68c27b0,193,944.16678
1760540036992,ETH,08d9f0e0bf538a0d,194,768.38679
1760540036992,ETH,61b1b00b60de60ca,195,376.3854
1760540036992,ETH,33a7562817549b35,196,8481.48462
1760540036992,ETH,b2ebf3406fd31628,197,1387.02024
1760540036992,ETH,9403f40cd3907878,198,160.164
1760540036992,SOL,9403f40cd3907878,199,182.8776
1760540036992,ETH,894ca2022f949275,200,762.38064
1760540036992,ETH,43b957413b780e58,201,10368.21654
1760540036992,ETH,d885cfc30cc5f963,202,548.5617
1760540036992,ETH,8c8c718d232721cf,203,146.95047
1760540040093,ETH,f4dab81a5eec8347,204,987.72345
1760540040093,ETH,972aa4e7fed39782,205,49.20615
1760540040093,ETH,e5f0bfaf4e53fa2e,206,512.46405
1760540040093,ETH,49c0108347d42a8b,207,289.23615
1760540040093,ETH,b6359c14bfba6293,208,452.8566
1760540040093,SOL,a1b32c6f31dd075a,209,2384.76
1760540040093,SOL,a1b32c6f31dd075a,209,1482.5258
1760540043986,ETH,d57186549af150f5,210,2993.3533
1760540043986,ETH,8f5375d0254be04b,211,4717.2594
1760540043986,SOL,8f5375d0254be04b,212,3733.7609
1760540043986,ETH,3c575148bc06d82b,213,2614.038
1760540043986,ETH,b1446a408b9b8fb9,214,119.5103
1760540043986,ETH,b8fd13ae8078b1ad,215,366.1252
1760540043986,ETH,f00c3022d4843128,216,470.4469
1760540043986,ETH,a122cb7c10c65417,217,12250.805
1760540043986,ETH,d0f56310b4285539,218,4163.2752
1760540043986,ETH,fe20e1153d365bf3,219,6774.1156
1760540043986,SOL,ba0570bfd67ef1e9,220,5170.4342
1760540043986,ETH,c6b83f5c39a793a8,221,28746.424
1760540043986,ETH,89aa8447e52fca36,222,39970.0
1760540043986,ZEC,89aa8447e52fca36,223,3228.1912
1760540043986,ZEC,89aa8447e52fca36,223,1769.3628
1760540043986,ETH,3071f2ccaaaacbd4,224,790.6066
1760540043986,ETH,cadb9b0dc7807924,225,171.4713
1760540043986,ETH,551d04e349a6abeb,226,33629.5589
1760540043986,ETH,e60a3176404412c4,227,147.0896
1760540043986,ETH,336fa0d4979ba318,228,191.856
1760540043986,SOL,c0acfed7b52b0423,229,1951.3322
1760540043986,ETH,a3039dfb6db1413c,230,2226.7287
1760540043986,ETH,928757e602eb7871,231,2189.1569
1760540043986,ETH,a04675d64ca65174,232,15.1886
1760540043986,ETH,ccb1105e4870dc3e,233,58382.5802
1760540176735,TAO,7a06406296f41e9d,234,515.18484
1760540176735,TAO,7a06406296f41e9d,234,586.075
1760540176735,TAO,0b9020a9db879143,235,31.025
1760540176735,TAO,0b9020a9db879143,235,363.8
1760540176735,TAO,0b9020a9db879143,235,144.4898
1760540180437,SOL,48b6febdf23763dc,236,16898.8736
1760540180437,PUMP,48b6febdf23763dc,237,5927.275244
1760540180437,XPL,48b6febdf23763dc,238,5999.26664
1760540180437,XPL,48b6febdf23763dc,238,4266.8526
1760540180437,XPL,48b6febdf23763dc,238,2707.98804
1760540180437,AAVE,bf974177a722244f,239,908.2451
1760540180437,AAVE,bf974177a722244f,239,996.336
1760540180437,AAVE,bf974177a722244f,239,499.392
1760540180437,AAVE,bf974177a722244f,239,1848.24
1760540180437,AAVE,bf974177a722244f,239,21321.209
1760540186392,ETH,9cef381bf5096de5,240,19.9865
1760540186392,ETH,9cef381bf5096de5,240,73.14693
1760540186392,SOL,a403a4cb917f96d0,241,13.9027
1760540186392,SOL,b373f43bd4a5d60e,242,609.7327
1760540186392,SOL,b373f43bd4a5d60e,242,1767.629
1760540186392,SOL,b373f43bd4a5d60e,242,158.88
1760540186392,SOL,b373f43bd4a5d60e,242,645.4175
1760540189713,ETH,9b2be37cad3fbab8,243,1078.137
1760540189713,ETH,24e5952e8fbbb686,244,1719.02955
1760540189713,ETH,24e5952e8fbbb686,244,19.9655
1760540189713,ETH,24e5952e8fbbb686,244,96.6306
1760540189713,ETH,24e5952e8fbbb686,244,654.02064
1760540189713,ETH,5b04e2d8208204bf,245,1084.44448
1760540189713,ETH,5b04e2d8208204bf,245,1537.228
1760540189713,ETH,1a77ab5ae9bbab30,246,2378.51096
1760540189713,ETH,1a77ab5ae9bbab30,246,19.9635
1760540189713,ETH,1a77ab5ae9bbab30,246,5728.72596
1760540189713,ETH,1a77ab5ae9bbab30,246,3194.08
1760540189713,ETH,1a77ab5ae9bbab30,246,9989.08594
1760540189713,ETH,1a77ab5ae9bbab30,246,192.44332
1760540189713,ETH,1a77ab5ae9bbab30,246,19.9625
1760540189713,ETH,1a77ab5ae9bbab30,246,63919.52575
1760540189713,SOL,3a178e58e5263297,247,3898.7364
1760540189713,ETH,01085a8b337bd276,248,2123.2115
1760540189713,ETH,73d98cc40fe33e7e,249,124.566
1760540189713,ETH,70ce0062eb3dd014,250,3669.1075
1760540189713,ETH,f0395d7b06dc39d9,251,138.939
1760540189713,ETH,bc504fd7d1a23e1c,252,1534.717
1760540189713,ETH,04adad84d26e2418,253,367.70925
1760540189713,ETH,870d05f3e4350745,254,818.4625
1760540189713,ETH,a54df6783d122024,255,346.14975
1760540189713,ETH,d5328b347a5b02a0,256,1705.99525
1760540189713,ETH,4fba99c98d6e3321,257,75.45825
1760540189713,ETH,70e9c4f7d2371884,258,207.61
1760540189713,ETH,fe230d7daeacc24b,259,130.55475
1760540189713,ETH,59713efd29b59ba9,260,490.279
1760540189713,ETH,32a4b9d660fb8bb5,261,1925.58275
1760540189713,ETH,b2c785f66a208c4a,262,228.371
1760540189713,PENDLE,24b170fe1dea908a,263,94.5364
1760540189713,PENDLE,24b170fe1dea908a,263,1235.2134
1760540189713,ETH,c4a61efa8bc70804,264,66.67475
1760540189713,ETH,af05cbd4362d6593,265,137.74125
1760540189713,ETH,e6d20227d856c9ab,266,11.179
1760540189713,SOL,29d333f8ecb8ed38,267,10644.1062
1760540189713,ETH,92b8e574dcb577cd,268,998.9235
1760540192330,SOL,6e706b6391b6ea64,269,107.1738
1760540196092,BTC,cf61093ac2e84ac7,270,4671.3159
1760540196092,XRP,9f75a4975e1bec1e,271,1583.346
1760540196092,XRP,8e4ed3f2438d7bab,272,162.0168
1760540196092,XRP,cba52da67bcd0d07,273,262.6636
1760540196092,XRP,cba52da67bcd0d07,273,189.0196
1760540201923,SOL,f4f455eeb7b67a1a,274,894.9193
1760540201923,BTC,f216bf4e636a98fb,275,356.7921
1760540201923,XRP,42144da1114b7d75,276,1437.751
1760540201923,XRP,42144da1114b7d75,276,134.9315
1760540201923,XRP,42144da1114b7d75,276,377.762
1760540201923,ETH,5906118eac042c0d,277,67720.98645
1760540201923,XRP,a4ce8a828910e6c4,278,242.847
1760540201923,ETH,0f209dc80e129d2e,279,912.41118
1760540201923,ETH,2aa8f3d1ad77eabb,280,1283.20295
1760540201923,ETH,1383670897b78753,281,61.46602
1760540204869,ETH,b030de68354e52ed,282,216540.39803
1760540204869,ETH,0c39c0cd093f68d0,283,13867.37272
1760540204869,ETH,2491f16c62749137,284,115.7477
1760540204869,ETH,e861318304f7699c,285,529.64551
1760540204869,ETH,c280dbe7aaa75eeb,286,387.95436
1760540204869,XRP,32e2cbe81fa5a8ca,287,968.54
1760540204869,SOL,af4a92ed264afba6,288,1183.4331
1760540204869,XRP,4b68b7842f3ba163,289,80.916
1760540204869,ETH,6b06fdd65c79a8eb,290,4182.48327
1760540204869,ETH,5b6cbb7d4208459f,291,4521.74377
1760540204869,ETH,10efe3a8d26e4a93,292,48.69386
1760540204869,XRP,95ea20c27dada25c,293,549.248
1760540204869,XRP,95ea20c27dada25c,293,583.457
1760540204869,ETH,3607841e301a7e7a,294,314.91357
1760540204869,XRP,116d2aeb89d271ab,295,1027.1785
1760540204869,XRP,116d2aeb89d271ab,295,1640.0535
1760540204869,XRP,116d2aeb89d271ab,295,914.4095
1760540204869,SOL,4cc4ffcb791dea8d,296,40946.3888
1760540204869,SOL,4cc4ffcb791dea8d,296,7834.0496
1760540204869,SOL,4cc4ffcb791dea8d,296,32085.5078
1760540204869,SOL,8d7c3573ef90ce01,297,63.4336
1760540204869,ETH,a2d2282ae7620c8b,298,998.22413
1760540204869,XRP,a3e547ac9f0eda77,299,112.769
1760540204869,XRP,a3e547ac9f0eda77,299,502.5575
1760540207999,BTC,a4f73f3574a03050,300,161.7388
1760540207999,BTC,488d6536928b0ffa,301,504.049
1760540207999,BTC,af88aac3c68ebb00,302,26599.3858
1760540207999,SOL,af88aac3c68ebb00,303,16440.5484
1760540207999,SOL,af88aac3c68ebb00,303,10323.9189
1760540207999,SOL,af88aac3c68ebb00,303,2020.3713
1760540207999,SOL,af88aac3c68ebb00,303,2000.5443
1760540207999,SOL,af88aac3c68ebb00,303,9667.6452
1760540207999,SOL,af88aac3c68ebb00,303,12207.4839
1760540207999,SOL,af88aac3c68ebb00,303,8063.6409
1760540207999,SOL,af88aac3c68ebb00,303,8670.3471
1760540207999,MORPHO,af88aac3c68ebb00,304,2018.06405
1760540207999,MORPHO,af88aac3c68ebb00,304,1253.01344
1760540207999,MORPHO,af88aac3c68ebb00,304,780.1996
1760540207999,BTC,4b5d9443aed3859a,305,310.184
1763175601246,BTC,109840c49f325313,306,11710.30692
1763175601246,BTC,109840c49f325313,306,99.44444
1763175601246,BTC,109840c49f325313,306,507.84248
1763175601246,BTC,109840c49f325313,306,10.62028
1763175601246,BTC,109840c49f325313,306,5163.38704
1763175601246,BTC,43d73f6e3c065b8d,307,17.37864
1763175601246,BTC,b4cfb872764c6b8f,308,53.1014
1763175643007,LTC,ac915efb71798fb8,309,1.0588
1763175644853,PUMP,5bf530ddb46d74c4,310,40.837194
1763175660575,XRP,92f3b512e6f90fee,311,205.145
1763175663482,ETH,c5a10c3d2ee4b897,312,9676.07414
1763175663482,ETH,c5a10c3d2ee4b897,312,2282.508
1763175663482,UNI,84e81354723ac462,313,37.1925
1763175663482,UNI,84e81354723ac462,313,120.528
1763175663482,UNI,74058a5f8a969cea,314,129.456
1763175663482,UNI,74058a5f8a969cea,314,100.44
1763175663482,UNI,74058a5f8a969cea,314,100.46025
1763175663482,UNI,74058a5f8a969cea,314,372.12
1763175663482,UNI,74058a5f8a969cea,314,4265.29675
1763175670084,UNI,d738e466a9832e80,315,66.25516
1763175670084,UNI,d738e466a9832e80,315,100.50075
1763175670084,UNI,d738e466a9832e80,315,171.96795
1763175670084,UNI,d738e466a9832e80,315,99.77104
1763175670084,UNI,d738e466a9832e80,315,100.521
1763175670084,UNI,d738e466a9832e80,315,65.538
1763175698851,SOL,3b18b2ab950bdb5f,316,34.3632
1763175732778,LTC,326e7daf9c083bd2,317,24.4881
1763175732778,HYPE,326e7daf9c083bd2,318,32.9358
1763176076218,TAO,4f3c65688a0270f1,319,79.4167
1763176180135,ZEC,7b9c0b72eda9572f,320,823.4604
1763176183378,ZEC,4874d6c313397d68,321,6694.9
1763176213322,ZEC,f1f9054b0b7677f0,322,46.9784
1763176237716,ZEC,15d33572a8aeae48,323,161.268
1763176242862,ZEC,0b315059ad0f49df,324,1105.8028
1763176242862,ZEC,0b315059ad0f49df,324,101.157
1763176242862,ZEC,0b315059ad0f49df,324,101.178
1763176242862,ZEC,0b315059ad0f49df,324,18138.6495
1763176242862,ZEC,0b315059ad0f49df,324,532.934
1763176242862,ZEC,0b315059ad0f49df,324,101.199
1763176242862,ZEC,0b315059ad0f49df,324,6443.4805
1763176242862,ZEC,0b315059ad0f49df,324,6511.241
1763176242862,ZEC,0b315059ad0f49df,324,1686.9
1763176242862,ZEC,a772ce572a3448dc,325,6362.9868
1763178328953,ZEC,a772ce572a3448dc,326,2646.18
1763176248782,ZEC,4b782ed3ea124252,327,506.085
1763176248782,ZEC,4b782ed3ea124252,327,26.992
1763176248782,ZEC,704d3732178368fd,328,74.228
1763176248782,ZEC,704d3732178368fd,328,1531.8868
1763176248782,ZEC,0b477862b0c86c53,329,20.2452
1763176248782,ZEC,9639ee058148bec0,330,728.8272
1763176248782,ZEC,e01180c65e7a81d7,331,1882.8036
1763176248782,ZEC,939c87836364f0b6,332,1207.9636
1763176248782,ZEC,dfa86de08765e125,333,47.2388
1763176248782,ZEC,753d3dbd08b041b3,334,60.7356
1763176256026,ZEC,151e1b98d8e2f39f,335,135.188
1763176292982,ZEC,5d3919e1ce528dcb,336,53.9816
1763176325242,ZEC,51b0ce14d6a19efb,337,101.67
1763178297557,ZEC,51b0ce14d6a19efb,338,106.9785
1763176325242,ZEC,3796055dce3afb98,339,6906.782
1763176325242,ZEC,3796055dce3afb98,339,162.6792
1763176329449,ZEC,194271d36d75260f,340,33.787
1763176329449,ZEC,194271d36d75260f,340,114.8758
1763176329449,ZEC,194271d36d75260f,340,114.8758
1763176329449,ZEC,194271d36d75260f,340,114.8775
1763176329449,ZEC,194271d36d75260f,340,114.8775
1763176329449,ZEC,194271d36d75260f,340,114.8775
1763176329449,ZEC,194271d36d75260f,340,114.8792
1763176329449,ZEC,194271d36d75260f,340,114.8792
1763176329449,ZEC,194271d36d75260f,340,114.8792
1763176329449,ZEC,194271d36d75260f,340,114.8809
1763176329449,ZEC,194271d36d75260f,340,114.8809
1763176329449,ZEC,194271d36d75260f,340,114.8809
1763176329449,ZEC,194271d36d75260f,340,513.5928
1763176329449,ZEC,514ada32b24f6d02,341,202.734
1763176329449,ZEC,9a7babd56f783e09,342,236.523
1763176329449,ZEC,72f05e4cd999f60b,343,1047.459
1763176329449,ZEC,72f05e4cd999f60b,343,2000.3088
1763176329449,ZEC,72f05e4cd999f60b,343,24397.102
1763176329449,ZEC,72f05e4cd999f60b,343,696.1564
1763176329449,ZEC,72f05e4cd999f60b,343,101.388
1763176329449,ZEC,72f05e4cd999f60b,343,824.6468
1763176329449,ZEC,72f05e4cd999f60b,343,4339.6632
1763176329449,ZEC,72f05e4cd999f60b,343,716.5812
1763176329449,ZEC,72f05e4cd999f60b,343,1500.8088
1763176329449,ZEC,72f05e4cd999f60b,343,101.409
1763176329449,ZEC,72f05e4cd999f60b,343,1500.9864
1763176329449,ZEC,72f05e4cd999f60b,343,2832.9847
1763176329449,ZEC,1f1d1714e15c44d8,344,1446.9182
1763178328953,ZEC,1f1d1714e15c44d8,345,831.45
1763176347888,HYPE,0a8a64d372908844,346,294.88
1763176490836,BTC,379529799df2e2ee,347,201.7895
1763176490836,BTC,c0af7f96a71ec0cc,348,524.2665
1763176490836,BTC,ad9cf99148dfedbf,349,31.8615
1763176496655,BTC,f33f5adf206ae68f,350,2066.5766
1763176496655,BTC,21902aede5f4343a,351,2983.01641
1763176571995,ZEC,e5f0bfaf4e53fa2e,352,3683.2233
1763178301731,ZEC,e5f0bfaf4e53fa2e,353,1893.8755
1763176571995,ZEC,fcb56dfd969b3ca3,354,1356.62
1763178286400,ZEC,fcb56dfd969b3ca3,355,668.34
1763176571995,ZEC,9df8dd57edb1b354,356,54.2648
1763176571995,ZEC,76a5acea5fc099dd,357,20.3493
1763176571995,ZEC,005d5b975f29a122,358,332.3719
1763176571995,ZEC,d2e0feb0c5307c19,359,2279.1216
1763176571995,ZEC,b1522079a3403f9f,360,386.6367
1763176571995,ZEC,1b58224c16acf6cf,361,250.9747
1763176571995,ZEC,f718bbff32807b88,362,142.4451
1763178301731,ZEC,f718bbff32807b88,363,92.9071
1763176571995,ZEC,2a7a1deeede6359f,364,10873.3093
1763176571995,ZEC,94a9ac6034ff8df9,365,610.479
1763176577168,ZEC,b870746ffdc63270,366,40.74
1763176577168,ZEC,32673352e1656b09,367,27.16
1763176765249,BTC,c96713af4fb3e139,368,827.9477
1763176765249,BTC,c96713af4fb3e139,368,15.4576
1763176765249,BTC,c96713af4fb3e139,368,10.6271
1763176765249,BTC,c96713af4fb3e139,368,386.444
1763176765249,BTC,c96713af4fb3e139,368,109.17043
1763176765249,BTC,c96713af4fb3e139,368,10.62721
1763176765249,BTC,c96713af4fb3e139,368,302.39556
1763176765249,BTC,c96713af4fb3e139,368,109.17156
1763176765249,BTC,c96713af4fb3e139,368,10.62732
1763176765249,BTC,c96713af4fb3e139,368,289.839
1763176765249,BTC,c96713af4fb3e139,368,10.62743
1763176765249,BTC,c96713af4fb3e139,368,11919.26918
1763176765249,BTC,c96713af4fb3e139,368,15.45824
1763176765249,BTC,c96713af4fb3e139,368,10.62754
1763176765249,BTC,c96713af4fb3e139,368,10.62765
1763176765249,BTC,c96713af4fb3e139,368,6453.9488
1763176765249,BTC,c96713af4fb3e139,368,118.83768
1763176765249,BTC,c96713af4fb3e139,368,10.62776
1763176765249,BTC,c96713af4fb3e139,368,10.62787
1763176765249,BTC,c96713af4fb3e139,368,193.236
1763176765249,BTC,c96713af4fb3e139,368,15.45888
1763176765249,BTC,c96713af4fb3e139,368,10.62798
1763176765249,BTC,c96713af4fb3e139,368,10.62809
1763176765249,BTC,c96713af4fb3e139,368,99.51757
1763176765249,BTC,c96713af4fb3e139,368,10.6282
1763176765249,BTC,c96713af4fb3e139,368,15.45936
1763176765249,BTC,c96713af4fb3e139,368,10.62831
1763176765249,BTC,c96713af4fb3e139,368,10.62842
1763176765249,BTC,c96713af4fb3e139,368,43.48035
1763176765249,BTC,c96713af4fb3e139,368,10.62853
1763176765249,BTC,c96713af4fb3e139,368,20.29104
1763176765249,BTC,c96713af4fb3e139,368,10.62864
1763176765249,BTC,c96713af4fb3e139,368,948.8575
1763176765249,BTC,c96713af4fb3e139,368,15.46
1763176765249,BTC,c96713af4fb3e139,368,10.62875
1763176765249,BTC,c96713af4fb3e139,368,10.62886
1763176765249,BTC,c96713af4fb3e139,368,10.62897
1763176765249,BTC,c96713af4fb3e139,368,15.46064
1763176765249,BTC,c96713af4fb3e139,368,94.69838
1763176765249,BTC,c96713af4fb3e139,368,15.46112
1763176765249,BTC,c96713af4fb3e139,368,193.264
1763176765249,BTC,c96713af4fb3e139,368,304.39395
1763176765249,BTC,c96713af4fb3e139,368,9663.3
1763176765249,BTC,c96713af4fb3e139,368,144.954
1763176765249,BTC,c96713af4fb3e139,368,100.50144
1763176765249,BTC,c96713af4fb3e139,368,15.46176
1763176765249,BTC,c96713af4fb3e139,368,362.38875
1763176765249,BTC,c96713af4fb3e139,368,15.46208
1763176765249,BTC,c96713af4fb3e139,368,59176.89165
1763176765249,BTC,9b9746f2206dae33,369,195.21078
1763176767658,BTC,c73b85252498c409,370,4786.108
1763176767658,BTC,54525b8b770e5189,371,4665.2955
1763176770485,BTC,612df5d1415ccaef,372,853.41067
1763176770485,BTC,3bc87582c8e5fe53,373,562.49718
1763176770485,BTC,83cd20ca0a135572,374,301.54488
1763176873933,BTC,2f5b88490343da98,375,83.12588
1763176886741,BTC,43a5da333aab99ba,376,3951.62432
1763176886741,BTC,43a5da333aab99ba,376,10.63304
1763176886741,BTC,43a5da333aab99ba,376,399.22232
1763176886741,BTC,43a5da333aab99ba,376,5058.42712
1763176886741,BTC,c0587af24f408506,377,29.96584
1763176886741,BTC,dc09b41aec338a4a,378,1286.59784
1763176923040,BTC,5482f53419988aaa,379,3550.87275
1763176923040,BTC,0a6def966d253346,380,3655.28175
1763176923040,BTC,17e774ed6c0b73b1,381,4720.64025
1763176923040,BTC,e65f08c83f14d1a6,382,4321.3725
1763176923040,BTC,e65f08c83f14d1a6,382,10.63425
1763176923040,BTC,e65f08c83f14d1a6,382,31.90308
1763176923040,BTC,e65f08c83f14d1a6,382,10.63436
1763176923040,BTC,e65f08c83f14d1a6,382,805.31941
1763176979701,BTC,d76895d064300e5c,383,263.01584
1763176986500,BTC,143eee55a105d5fa,384,2248.1355
1763176986500,BTC,143eee55a105d5fa,384,15.4712
1763176986500,BTC,143eee55a105d5fa,384,10.63645
1763176986500,BTC,143eee55a105d5fa,384,640.1209
1763177013254,BTC,da55637911edb4aa,385,156.654
1763177013254,BTC,da55637911edb4aa,385,157.621
1763177036681,ZEC,ca821a52cb52256d,386,13.5856
1763177044853,NEAR,8474995a2b681f49,387,1469.08996
1763177044853,NEAR,8474995a2b681f49,387,935.42925
1763177044853,NEAR,8474995a2b681f49,387,965.03925
1763177044853,NEAR,8474995a2b681f49,387,6789.03092
1763177044853,BTC,6b0629d6c2745141,388,45.45511
1763177048379,BTC,a7e109a312714a2f,389,31.91595
1763177048379,BTC,a7e109a312714a2f,389,10.63876
1763177048379,BTC,a7e109a312714a2f,389,118.96191
1763177048379,BTC,a7e109a312714a2f,389,501.96123
1763177048379,BTC,a7e109a312714a2f,389,15.47472
1763177048379,BTC,a7e109a312714a2f,389,10.63887
1763177048379,BTC,a7e109a312714a2f,389,10.63898
1763177048379,BTC,a7e109a312714a2f,389,10.63909
1763177048379,BTC,a7e109a312714a2f,389,188.604
1763177048379,BTC,a7e109a312714a2f,389,188.604
1763177048379,BTC,a7e109a312714a2f,389,10.6392
1763177048379,BTC,a7e109a312714a2f,389,15.47536
1763177048379,BTC,a7e109a312714a2f,389,1063.931
1763177048379,BTC,a7e109a312714a2f,389,10.63931
1763177048379,BTC,a7e109a312714a2f,389,10.63942
1763177048379,BTC,a7e109a312714a2f,389,99.62469
1763177048379,BTC,a7e109a312714a2f,389,10.63953
1763177048379,BTC,a7e109a312714a2f,389,15.47584
1763177048379,BTC,a7e109a312714a2f,389,10.63964
1763177048379,BTC,a7e109a312714a2f,389,863.74532
1763177048379,BTC,1701a666058d6087,390,4135.91824
1763177048379,BTC,1701a666058d6087,390,10.63975
1763177048379,BTC,1701a666058d6087,390,3638.7945
1763177060916,ZEC,193ed1d74acb755a,391,13522.1311
1763177060916,ZEC,193ed1d74acb755a,391,1361.08
1763177060916,ZEC,193ed1d74acb755a,391,88.504
1763177060916,ZEC,193ed1d74acb755a,391,4173.5492
1763177060916,ZEC,cf5bd531bba78bbc,392,3880.788
1763178354333,ZEC,cf5bd531bba78bbc,393,1920.2031
1763177060916,ZEC,ea221d3ee6fb29bb,394,20.4252
1763177060916,ZEC,2ac590a810504de3,395,211.0604
1763177060916,ZEC,8c6c0e7b72549bd4,396,81.7008
1763177063660,BTC,d1e3854c8928f05b,397,500.05274
1763177063660,BTC,d1e3854c8928f05b,397,10.63953
1763177063660,BTC,d1e3854c8928f05b,397,1188.72567
1763177063660,BTC,bcc37768f73c22cc,398,3327.2712
1763177117726,BTC,a96cff050f51c66f,399,2425.24673
1763177117726,BTC,a96cff050f51c66f,399,96740.0
1763177117726,BTC,a96cff050f51c66f,399,10.6414
1763177117726,BTC,a96cff050f51c66f,399,49.33791
1763177117726,BTC,a96cff050f51c66f,399,10.64151
1763177117726,BTC,a96cff050f51c66f,399,199.28852
1763177117726,BTC,a96cff050f51c66f,399,10.64162
1763177117726,BTC,a96cff050f51c66f,399,82.23155
1763177117726,BTC,a96cff050f51c66f,399,14.51145
1763177117726,BTC,a96cff050f51c66f,399,10.64173
1763177117726,BTC,a96cff050f51c66f,399,57.07896
1763177117726,BTC,a96cff050f51c66f,399,10.64184
1763177117726,BTC,a96cff050f51c66f,399,109.32185
1763177117726,BTC,a96cff050f51c66f,399,10.64195
1763177117726,BTC,a96cff050f51c66f,399,6390.9747
1763177117726,BTC,a96cff050f51c66f,399,15009.0193
1763177117726,BTC,a96cff050f51c66f,399,15.47936
1763177117726,BTC,a96cff050f51c66f,399,193.492
1763177117726,BTC,a96cff050f51c66f,399,10.64206
1763177117726,BTC,a96cff050f51c66f,399,6239.14954
1763177117726,BTC,a96cff050f51c66f,399,21.28434
1763177117726,BTC,a96cff050f51c66f,399,82.23495
1763177117726,BTC,a96cff050f51c66f,399,10.64217
1763177117726,BTC,a96cff050f51c66f,399,95501.86611
1763177117726,BTC,a96cff050f51c66f,399,10.64228
1763177117726,BTC,a96cff050f51c66f,399,94.81304
1763177117726,BTC,a96cff050f51c66f,399,10.64239
1763177117726,BTC,a96cff050f51c66f,399,62477.60173
1763177117726,BTC,eef8d1c687d52389,400,146.09099
1763177117726,BTC,6741499d9193616f,401,655.95822
1763177117726,BTC,42d8e710493473d5,402,14512.35
1763177148793,BTC,65e6c562574352cf,403,131.63984
1763177148793,BTC,741c3697f6329758,404,169.3895
1763177236209,ZEC,b4cbdb4c5e296f18,405,601.216
1763177236209,ZEC,b17efb387c9cfbe2,406,2637.152
1763177236209,ZEC,b17efb387c9cfbe2,406,1680.672
1763177236209,ZEC,b17efb387c9cfbe2,406,95.6494
1763177236209,ZEC,b17efb387c9cfbe2,406,772.0951
1763177236209,ZEC,4f3c65688a0270f1,407,116.1559
1763177236209,ZEC,4bfdbd4dd0643ffd,408,2630.5895
1763177236209,ZEC,3611e6e6f0596c23,409,20.4981
1763177236209,ZEC,f03e462f69a7fb77,410,737.9316
1763177239257,ZEC,d0df4798e6f25a95,411,109.1008
1763177239257,ZEC,97aff2f7b4f174ec,412,565.9604
1763177239257,ZEC,c220e7c61b571985,413,865.9876
1763178310098,ZEC,c220e7c61b571985,414,430.194
1763177241928,ZEC,99ce57e88045fc88,415,88.7705
1763177241928,ZEC,99ce57e88045fc88,415,225.4824
1763177241928,ZEC,ae56f70f2e3457d3,416,280.1448
1763177241928,ZEC,03ac0364713db0bb,417,7495.5816
1763177241928,ZEC,03ac0364713db0bb,417,9019.428
1763177241928,ZEC,03ac0364713db0bb,417,1380.3266
1763177241928,ZEC,03ac0364713db0bb,417,5206.9746
1763178331090,ZEC,03ac0364713db0bb,418,9521.91
1763177245544,ZEC,9bdc1361047dda46,419,20.5227
1763177245544,ZEC,6676c98a1f68f98f,420,622.5219
1763177245544,ETH,319768313b512259,421,12757.2
1763177245544,SOL,319768313b512259,422,1430.6
1763177245544,AVAX,319768313b512259,423,1557.8
1763177245544,TIA,319768313b512259,424,1883.568768
1763177245544,TIA,319768313b512259,424,500.34071
1763177245544,TIA,319768313b512259,424,1996.651137
1763177245544,ETHFI,319768313b512259,425,924.31
1763177245544,ETHFI,319768313b512259,425,1848.62
1763177245544,HYPE,319768313b512259,426,1375.99719
1763177245544,HYPE,319768313b512259,426,2548.76181
1763177245544,ZEC,319768313b512259,427,1258.7256
1763177245544,ZEC,319768313b512259,427,410.46
1763177245544,ZEC,319768313b512259,427,102.627
1763177245544,ZEC,319768313b512259,427,1642.056
1763177245544,ZEC,319768313b512259,427,8210.4
1763177245544,ZEC,319768313b512259,427,20.5263
1763177245544,ZEC,319768313b512259,427,999.0926
1763177245544,ZEC,319768313b512259,427,102.648
1763177245544,ZEC,319768313b512259,427,2244.6024
1763177245544,ZEC,319768313b512259,427,472.2153
1763177245544,ZEC,319768313b512259,427,205.326
1763177245544,ZEC,319768313b512259,427,1861.6224
1763177245544,ZEC,319768313b512259,427,13.6886
1763177245544,ZEC,319768313b512259,427,20012.7332
1763177245544,ZEC,319768313b512259,427,766.5728
1763177516335,ZEC,319768313b512259,428,4186.8404
1763177516335,ZEC,319768313b512259,428,14401.045
1763177516335,ZEC,319768313b512259,428,2880.209
1763177516335,ZEC,319768313b512259,428,2880.209
1763177516335,ZEC,319768313b512259,428,2880.209
1763177516335,ZEC,319768313b512259,428,4243.0396
1763178247163,ZEC,319768313b512259,429,25177.6
1763178286400,ZEC,319768313b512259,430,369.72
1763178286400,ZEC,319768313b512259,430,21.33
1763178286400,ZEC,319768313b512259,430,106.65
1763178286400,ZEC,319768313b512259,430,2758.8352
1763178286400,ZEC,319768313b512259,430,71.105
1763178286400,ZEC,319768313b512259,430,106.6725
1763178286400,ZEC,319768313b512259,430,2759.4172
1763178286400,ZEC,319768313b512259,430,99.5722
1763178286400,ZEC,319768313b512259,430,9224.6531
1763178286400,ZEC,319768313b512259,430,291.6125
1763178286400,ZEC,319768313b512259,430,4580.45
1763178325126,ZEC,319768313b512259,431,8994.0045
1763178325126,ZEC,319768313b512259,431,332.35
1763178325126,ZEC,319768313b512259,431,93.925
1763178325126,ZEC,319768313b512259,431,101.157
1763178325126,ZEC,319768313b512259,431,101.178
1763178325126,ZEC,319768313b512259,431,101.199
1763178325126,ZEC,319768313b512259,431,245.82
1763178325126,ZEC,319768313b512259,431,72943.47
1763177285672,BTC,92c455c010af2999,432,3144.45974
1763177288798,BTC,137b54ed0399c56f,433,77.4784
1763177288798,BTC,de1fd843ce373c75,434,809.64928
1763177288798,BTC,296afc678cf84280,435,19369.6
1763177288798,BTC,2f9b9f68b773b670,436,254.71024
1763177295032,BTC,1bac7a24baf01fc2,437,184.97395
1784899861984,BTC,1bac7a24baf01fc2,438,680.88405
1763177299258,BTC,fc731e54b2ebcf5c,439,6592.44336
1763177317472,BTC,054f0293ad43f3a5,440,252.79677
1763177372861,ASTER,2abbe0a40885ae11,441,1194.4266
1763177372861,ASTER,2abbe0a40885ae11,441,440.7564
1763177372861,ASTER,ce5e51ed3247233c,442,2.3016
1763177372861,ASTER,b98d29b6f05cfb46,443,33.3732
1763177495985,ZEC,cb2d006a8497bd5c,444,61.5537
1763177510178,ZEC,44fe63ef5d183667,445,89.05
1763177510178,ZEC,ee14f36de1fb8db5,446,2466.0
1763177510178,ZEC,ee14f36de1fb8db5,446,178.1
1763178328953,ZEC,ee14f36de1fb8db5,447,1352.01
1763177510178,ZEC,3937053e03765111,448,732.95
1763178328953,ZEC,3937053e03765111,449,578.4
1763177510178,ZEC,85af60d205ccfe5e,450,767.2
1763177510178,ZEC,2027c5ded1d319d6,451,20.55
1763177513336,ZEC,26ef76d0aa187048,452,1961.0147
1763177513336,ZEC,04791ac04d39981b,453,607.1469
1763177513336,ZEC,c0508bf9fc0cbf4d,454,5645.7683
1763177513336,ZEC,94823bed9e006dd5,455,34.8935
1763177513336,ZEC,f35ceb13e65cab7a,456,3091.5641
1763177513336,ZEC,f35ceb13e65cab7a,456,1444.6116
1763178328953,ZEC,f35ceb13e65cab7a,457,3036.6
1763178718829,ZEC,f35ceb13e65cab7a,458,696.8436
1763178718829,ZEC,f35ceb13e65cab7a,458,799.2738
1763177513336,ZEC,35b8760507ce0ab5,459,90.7244
1763177513336,ZEC,9bab742787eb4520,460,14906.7168
1763177513336,ZEC,9bab742787eb4520,460,8179.2708
1763178354333,ZEC,9bab742787eb4520,461,3216.2763
1763178354333,ZEC,9bab742787eb4520,461,5056.32
1763177513336,ZEC,3fc0c771cf5e1b8e,462,188.4303
1763177513336,ZEC,42d8ead2c9b17c0e,463,530.3964
1763177513336,BTC,ab6908d909a987f1,464,226.10016
1763177513336,SOL,ab6908d909a987f1,465,234.274
1763177513336,ZEC,ab6908d909a987f1,466,809.5524
1763177513336,ZEC,a96fb6f580f979b8,467,7739.6001
1763177513336,ZEC,a96fb6f580f979b8,467,209.397
1763177513336,ZEC,a96fb6f580f979b8,467,7608.091
1763177513336,ZEC,f4706b874927ee85,468,1919.4725
1763177513336,ZEC,f4706b874927ee85,468,1898.5328
1763177513336,ZEC,f4706b874927ee85,468,4858.08
1763177513336,ZEC,f4706b874927ee85,468,698.0
1763177513336,ZEC,f4706b874927ee85,468,1200.6976
1763177513336,ZEC,a3c359cf0828b423,469,418.848
1763177513336,ZEC,a3c359cf0828b423,469,279.252
1763177513336,ZEC,7908f57d4b9c52f4,470,62.8317
1763177513336,ZEC,aceedabef6a0cdb3,471,684.1674
1763177513336,ZEC,aceedabef6a0cdb3,471,13.9628
1763177513336,ZEC,aceedabef6a0cdb3,471,481.7511
1763177513336,ZEC,aceedabef6a0cdb3,471,10822.255
1763177513336,ZEC,aceedabef6a0cdb3,471,998.4546
1763177513336,ZEC,aceedabef6a0cdb3,471,58248.015
1763177513336,ZEC,a0ce2bf2a0fa306b,472,5816.4225
1763177516335,ZEC,25ca55378d3cc4b3,473,42.06
1763177516335,ZEC,2485480fd05d0e93,474,31748.29
1763177516335,ZEC,2485480fd05d0e93,474,15237.7279
1763178331090,ZEC,2485480fd05d0e93,475,46112.94
1763177516335,ZEC,ee36f32a1aaae1e9,476,16633.1756
1763177516335,ZEC,ee36f32a1aaae1e9,476,9095.4719
1763177516335,ZEC,ee36f32a1aaae1e9,476,210.465
1763177516335,ZEC,ee36f32a1aaae1e9,476,1817.0145
1763177516335,ZEC,ee36f32a1aaae1e9,476,15597.6795
1763178357321,ZEC,ee36f32a1aaae1e9,477,29525.8392
1763177516335,ZEC,d965ec8e5f6763d8,478,11514.0765
1763177516335,ZEC,6f12d528d0d4761f,479,56.132
1763177516335,HYPE,39c045fcfeba14ce,480,58.1295
1763177516335,WLFI,39c045fcfeba14ce,481,44.853
1763177516335,ZEC,39c045fcfeba14ce,482,140.33
1763177516335,ZEC,0100b6477b94e046,483,1705.0095
1763177516335,ZEC,3077ff534c9f77e8,484,2876.765
1763177516335,ZEC,3077ff534c9f77e8,484,16531.1096
1763177516335,ZEC,3077ff534c9f77e8,484,406.9802
1763178354333,ZEC,3077ff534c9f77e8,485,2692.6986
1763178354333,ZEC,3077ff534c9f77e8,485,5253.1836
1763177516335,ZEC,a7f72cf271ad0f53,486,77.1859
1763177516335,ZEC,a7f72cf271ad0f53,486,9101.8272
1763177516335,ZEC,a7f72cf271ad0f53,486,92999.8856
1763177516335,ZEC,a7f72cf271ad0f53,486,842.4
1763177516335,ZEC,a7f72cf271ad0f53,486,32545.1836
1763177547034,ZEC,a7f72cf271ad0f53,487,224.4544
1763177547034,ZEC,a7f72cf271ad0f53,487,34111.0272
1763177547034,ZEC,a7f72cf271ad0f53,487,1816.7814
1763177547034,ZEC,a7f72cf271ad0f53,487,2721.7812
1763177547034,ZEC,a7f72cf271ad0f53,487,210.45
1763177547034,ZEC,a7f72cf271ad0f53,487,105.231
1763177547034,ZEC,a7f72cf271ad0f53,487,996.1868
1763177547034,ZEC,a7f72cf271ad0f53,487,996.1868
1763177547034,ZEC,a7f72cf271ad0f53,487,105.2325
1763177547034,ZEC,a7f72cf271ad0f53,487,11380.2764
1763177547034,ZEC,a7f72cf271ad0f53,487,2722.3632
1763177547034,ZEC,a7f72cf271ad0f53,487,34121.2395
1763177547034,ZEC,a7f72cf271ad0f53,487,28.066
1763177547034,ZEC,a7f72cf271ad0f53,487,105.252
1763177547034,ZEC,a7f72cf271ad0f53,487,9100.9193
1763177547034,ZEC,a7f72cf271ad0f53,487,105.255
1763177547034,ZEC,a7f72cf271ad0f53,487,210.534
1763177547034,ZEC,a7f72cf271ad0f53,487,2722.9452
1763177547034,ZEC,a7f72cf271ad0f53,487,105.273
1763177547034,ZEC,a7f72cf271ad0f53,487,105.2775
1763177547034,ZEC,a7f72cf271ad0f53,487,6422.019
1763177516335,ZEC,fe0f004e94d8c081,488,1544.422
1763177516335,ZEC,51bdabdf4e2df96b,489,11590.1851
1763177516335,ZEC,2a21ab3d248e7539,490,182.5226
1763177516335,ZEC,a113f9d44e2a264c,491,3510.05
1763177516335,ZEC,93b461d0515c46d2,492,582.6683
1763177516335,ZEC,ecf94caf0be1fc40,493,9168.2506
1763177516335,ZEC,ecf94caf0be1fc40,493,659.8988
1763177516335,ZEC,ecf94caf0be1fc40,493,21.0612
1763177516335,ZEC,ecf94caf0be1fc40,493,31909.0815
1763177516335,ZEC,ecf94caf0be1fc40,493,210.633
1763177516335,ZEC,ecf94caf0be1fc40,493,1818.4649
1763177516335,ZEC,ecf94caf0be1fc40,493,73702.912
1763177516335,ZEC,ecf94caf0be1fc40,493,14.0454
1763177516335,ZEC,ecf94caf0be1fc40,493,21.069
1763177516335,ZEC,ecf94caf0be1fc40,493,484.6491
1763177516335,ZEC,ecf94caf0be1fc40,493,9111.1656
1763177516335,ZEC,ecf94caf0be1fc40,493,26603.2963
1763177516335,ZEC,10376aadb58e17fe,494,1138.0338
1763177516335,ZEC,0483cf18c580631a,495,146630.7377
1763177540493,ZEC,0483cf18c580631a,496,9962.423
1763177540493,ZEC,0483cf18c580631a,496,9080.6861
1763177540493,ZEC,0483cf18c580631a,496,105.021
1763177540493,ZEC,0483cf18c580631a,496,1813.4921
1763177540493,ZEC,0483cf18c580631a,496,2352.7728
1763177540493,ZEC,0483cf18c580631a,496,34053.6438
1763177540493,ZEC,0483cf18c580631a,496,105.042
1763177540493,ZEC,0483cf18c580631a,496,483.2001
1763177540493,ZEC,0483cf18c580631a,496,1498.642
1763177540493,ZEC,0483cf18c580631a,496,210.117
1763177540493,ZEC,0483cf18c580631a,496,2717.6296
1763177540493,ZEC,0483cf18c580631a,496,105.063
1763177540493,ZEC,0483cf18c580631a,496,1814.3727
1763177540493,ZEC,0483cf18c580631a,496,34066.7739
1763177540493,ZEC,0483cf18c580631a,496,105.084
1763177540493,ZEC,0483cf18c580631a,496,1113.9063
1763177540493,ZEC,0483cf18c580631a,496,9087.0414
1763177540493,ZEC,0483cf18c580631a,496,87234.1962
1763177540493,ZEC,0483cf18c580631a,496,16507.314
1763177540493,ZEC,0483cf18c580631a,496,105.105
1763177540493,ZEC,0483cf18c580631a,496,924.9504
1763177540493,ZEC,0483cf18c580631a,496,105.126
1763177540493,ZEC,0483cf18c580631a,496,2375.9493
1763177540493,ZEC,0483cf18c580631a,496,14.0186
1763177540493,ZEC,0483cf18c580631a,496,210.285
1763177540493,ZEC,0483cf18c580631a,496,105.147
1763177540493,ZEC,0483cf18c580631a,496,483.6831
1763177540493,ZEC,0483cf18c580631a,496,34089.1437
1763177540493,ZEC,0483cf18c580631a,496,1815.5641
1763177540493,ZEC,0483cf18c580631a,496,50036.6662
1763177540493,ZEC,0483cf18c580631a,496,1738.5296
1763177540493,ZEC,0483cf18c580631a,496,105.168
1763177540493,ZEC,0483cf18c580631a,496,16518.8584
1763177540493,ZEC,0483cf18c580631a,496,2720.5396
1763177540493,ZEC,0483cf18c580631a,496,1991.408
1763177540493,ZEC,0483cf18c580631a,496,9094.6937
1763177540493,ZEC,0483cf18c580631a,496,2721.1216
1763177540493,ZEC,0483cf18c580631a,496,995.9596
1763177540493,ZEC,0483cf18c580631a,496,34109.5683
1763177540493,ZEC,0483cf18c580631a,496,1739.6456
1763177540493,ZEC,0483cf18c580631a,496,5359.2308
1763177540493,ZEC,0483cf18c580631a,496,210.453
1763177540493,ZEC,0483cf18c580631a,496,1817.0145
1763177540493,ZEC,0483cf18c580631a,496,16528.9892
1763177540493,ZEC,0483cf18c580631a,496,1606.7098
1763177540493,ZEC,0483cf18c580631a,496,484.1661
1763177540493,ZEC,0483cf18c580631a,496,9101.049
1763177540493,ZEC,0483cf18c580631a,496,870.1948
1763177540493,ZEC,0483cf18c580631a,496,34129.9929
1763177540493,ZEC,0483cf18c580631a,496,12801.5616
1763177540493,ZEC,0483cf18c580631a,496,2084.7024
1763177540493,ZEC,0483cf18c580631a,496,18566.0485
1763177540493,ZEC,0483cf18c580631a,496,1818.1541
1763177540493,ZEC,0483cf18c580631a,496,210.597
1763177540493,ZEC,0483cf18c580631a,496,9104.8103
1763177540493,ZEC,0483cf18c580631a,496,16538.8844
1763177540493,ZEC,0483cf18c580631a,496,1270.7467
1763177540493,ZEC,0483cf18c580631a,496,14.0464
1763177540493,ZEC,0483cf18c580631a,496,484.6491
1763177540493,ZEC,0483cf18c580631a,496,34158.1983
1763177540493,ZEC,0483cf18c580631a,496,21.0729
1763177540493,ZEC,0483cf18c580631a,496,9111.1656
1763177540493,ZEC,0483cf18c580631a,496,28802.09
1763177540493,ZEC,0483cf18c580631a,496,5985.2148
1763177516335,ZEC,5f200bfbaf26b630,497,983.486
1763177516335,ZEC,0492c529e293355f,498,611.1663
1763177516335,ZEC,046068df94a31752,499,1601.6772
1763177528287,ZEC,a9c89ceb04f8a868,500,1643.4568
1763177528287,ZEC,a9c89ceb04f8a868,500,8969.7608
1763178331090,ZEC,a9c89ceb04f8a868,501,5227.29
1763177528287,ZEC,74628bddcdadd9fd,502,8252.4585
1763177540493,ZEC,1033992b0af7c190,503,5116.4152
1763177540493,ZEC,1033992b0af7c190,503,755.9352
1763177540493,ZEC,1033992b0af7c190,503,105.0
1763177540493,ZEC,1033992b0af7c190,503,6160.0
1763177540493,ZEC,1033992b0af7c190,503,6160.176
1763177540493,ZEC,1033992b0af7c190,503,210.021
1763177540493,ZEC,1033992b0af7c190,503,2716.3104
1763177540493,ZEC,1033992b0af7c190,503,742.106
1763178331090,ZEC,1033992b0af7c190,504,10375.05
1763177540493,ZEC,e1e1f3494d4db6e2,505,826.118
1763177540493,ZEC,648d0766ef27a2c2,506,288.0209
1763177543624,ZEC,575ba6d3eedf749d,507,258.9149
1763177547034,ZEC,522cbe23d88e0c29,508,189.5022
1763177556653,NEAR,68952f54f0cc55a1,509,37.7264
1763177579248,BNB,9483739d941ebb4d,510,10.2476
1763177579248,ZEC,9483739d941ebb4d,511,1410.7788
1763177579248,ZEC,9483739d941ebb4d,511,105.3
1763177579248,ZEC,9483739d941ebb4d,511,196.5992
1763177579248,ZEC,9483739d941ebb4d,511,105.3225
1763177579248,ZEC,9483739d941ebb4d,511,1818.6203
1763177579248,ZEC,9483739d941ebb4d,511,779.442
1763178331090,ZEC,9483739d941ebb4d,512,2111.16
1763177579248,ZEC,5c610f4e0b8d30e9,513,526.65
1763177693929,ASTER,8d5ba8368a4fce31,514,1362.784
1763177911887,ASTER,e6aede25b53cc6bd,515,424.5616
1763178247163,ZEC,78217214d7a7ce26,516,84.3
1763178272305,XRP,9f1cc4615507bb1b,517,1082.8761
1763178272305,XRP,9f1cc4615507bb1b,517,1048.4808
1763178272305,ZEC,9f1cc4615507bb1b,518,4433.499
1763178272305,ZEC,b384d7a9f4be5ba3,519,1231.5275
1763178276580,ZEC,4f58473693b4b294,520,296.0118
1763178276580,ZEC,b8092031d308a5ab,521,2459.7171
1763178276580,ZEC,b8092031d308a5ab,521,8457.6
1763178276580,ZEC,b8092031d308a5ab,521,105.7275
1763178276580,ZEC,b8092031d308a5ab,521,49.35
1763178276580,ZEC,b8092031d308a5ab,521,225.6
1763178276580,ZEC,b8092031d308a5ab,521,155.1
1763178276580,ZEC,2a1d8a4614c14bb4,522,35.25
1763178279439,ZEC,ca506ef3d0e9e6ae,523,106.4235
1763178718829,ZEC,ca506ef3d0e9e6ae,524,40.9908
1763178279439,ZEC,89e206f9d7d41a6a,525,383.1246
1763178279439,ZEC,accf6931b19daae7,526,127.7082
1763178279439,ZEC,11df62e9fe5c4974,527,2454.8354
1763178279439,ZEC,f043b9a498a76021,528,127.7082
1763178279439,ZEC,8c8ec93e6bc3c27b,529,340.5552
1763178279439,ZEC,eefa77d1e41306d3,530,1206.133
1763178279439,ZEC,dac757f4d572d5f4,531,340.5552
1763178279439,ZEC,f0af8502955cdf16,532,127.7082
1763178279439,ZEC,571d86edbe5697b3,533,752.0594
1763178282458,ZEC,671da17b8911d171,534,333.4556
1763178282458,ZEC,67d71a4a7b6a0e5f,535,248.318
1763178282458,ZEC,67d71a4a7b6a0e5f,535,106.425
1763178282458,ZEC,67d71a4a7b6a0e5f,535,5697.6062
1763178282458,ZEC,67d71a4a7b6a0e5f,535,42.579
1763178282458,CRV,8baab8e1a2dae9ff,536,0.269844
1763178282458,UNI,8baab8e1a2dae9ff,537,19.30006
1763178282458,RSR,8baab8e1a2dae9ff,538,10.09736
1763178282458,MAVIA,8baab8e1a2dae9ff,539,19.295142
1763178282458,POPCAT,8baab8e1a2dae9ff,540,18.4875
1763178282458,RENDER,8baab8e1a2dae9ff,541,9.91852
1763178282458,GRASS,8baab8e1a2dae9ff,542,10.10478
1763178282458,IOTA,8baab8e1a2dae9ff,543,60.75419
1763178282458,USUAL,8baab8e1a2dae9ff,544,37.692914
1763178282458,FARTCOIN,8baab8e1a2dae9ff,545,20.0728
1763178282458,ZEREBRO,8baab8e1a2dae9ff,546,0.499785
1763178282458,MELANIA,8baab8e1a2dae9ff,547,27.551405
1763178282458,VINE,8baab8e1a2dae9ff,548,20.266548
1763178282458,IP,8baab8e1a2dae9ff,549,9.1815
1763178282458,OM,8baab8e1a2dae9ff,550,19.673954
1763178282458,ZEC,8baab8e1a2dae9ff,551,63.8685
1763178282458,ZEC,8baab8e1a2dae9ff,551,198.7076
1763178282458,ZEC,8baab8e1a2dae9ff,551,212.934
1763178282458,ZEC,e3d2e989b6ea0b3c,552,1625.3962
1763178282458,ZEC,e3d2e989b6ea0b3c,552,5323.425
1763178282458,ZEC,e3d2e989b6ea0b3c,552,574.938
1763178282458,ZEC,e3d2e989b6ea0b3c,552,2895.984
1763178286400,ZEC,ce76ced0b1bccca5,553,49.77
1763178286400,ZEC,4356a12778ae687a,554,184.925
1763178297557,ARB,ee550bc1754c6b95,555,1891.8628
1763178297557,ZEC,ee550bc1754c6b95,556,820.1685
1763178297557,ZEC,ee550bc1754c6b95,556,107.01
1763178297557,ZEC,ee550bc1754c6b95,556,14.2712
1763178297557,ZEC,ee550bc1754c6b95,556,913.8816
1763178297557,ZEC,ee550bc1754c6b95,556,99.9572
1763178297557,ZEC,ee550bc1754c6b95,556,249.9
1763178297557,ZEC,ee550bc1754c6b95,556,71.421
1763178297557,ZEC,ee550bc1754c6b95,556,1128.5624
1763178297557,XRP,c914e4313297fd16,557,4478.2572
1763178297557,XRP,c914e4313297fd16,557,698.8656
1763178297557,XRP,c914e4313297fd16,557,570.1272
1763178297557,ZEC,c914e4313297fd16,558,1642.844
1763178297557,ZEC,c914e4313297fd16,558,107.145
1763178297557,ZEC,c914e4313297fd16,558,21.4308
1763178297557,ZEC,c914e4313297fd16,558,492.9567
1763178297557,ZEC,c914e4313297fd16,558,2771.9884
1763178297557,ZEC,c914e4313297fd16,558,100.023
1763178297557,ZEC,c914e4313297fd16,558,107.1675
1763178297557,ZEC,c914e4313297fd16,558,1900.7828
1763178297557,ZEC,84e81354723ac462,559,628.8304
1763178297557,ZEC,239723b6696825e3,560,242.9572
1763178297557,ZEC,239723b6696825e3,560,107.19
1763178297557,ZEC,239723b6696825e3,560,2151.3373
1763178297557,ZEC,239723b6696825e3,560,107.2125
1763178297557,ZEC,239723b6696825e3,560,214.437
1763178301731,ZEC,74b2e68b9f6c0b1b,561,28.5868
1763178301731,ZEC,e07519845a7dc6fd,562,971.9512
1763178301731,ZEC,21af73e2867084da,563,2951.5871
1763178301731,ZEC,3600ed9f0afd731d,564,257.2812
1763178303579,TIA,522734a1e33d3493,565,28.047118
1763178310098,ZEC,ac819b3c463ba38c,566,537.7425
1763178310098,ZEC,fb78651b96a84877,567,32508.3266
1763178310098,ZEC,fb78651b96a84877,567,2237.0088
1763178310098,ZEC,fb78651b96a84877,567,2308.7078
1763178310098,ZEC,fb78651b96a84877,567,100.38
1763178310098,ZEC,fb78651b96a84877,567,9300.2682
1763178310098,ZEC,fb78651b96a84877,567,774.468
1763178310098,ZEC,fb78651b96a84877,567,1857.3667
1763178310098,ZEC,fb78651b96a84877,567,100.401
1763178310098,ZEC,fb78651b96a84877,567,200.8048
1763178310098,ZEC,fb78651b96a84877,567,5974.4426
1763178310098,ZEC,c47e11f1a302018e,568,31335.3418
1763178310098,ZEC,c47e11f1a302018e,568,537.9525
1763178310098,ZEC,c47e11f1a302018e,568,494.9301
1763178310098,ZEC,c47e11f1a302018e,568,100.422
1763178310098,ZEC,c47e11f1a302018e,568,16047.5669
1763178310098,ZEC,c47e11f1a302018e,568,9304.4186
1763178310098,ZEC,c47e11f1a302018e,568,20812.9344
1763178310098,ZEC,f74e3d6991ca375e,569,5215.7888
1763178322073,ZEC,ff5435577c051b29,570,21281.52
1763178325126,ZEC,ff5435577c051b29,570,85718.88
1763178325126,ZEC,e70248f2dc600a62,571,1220.8729
1763178325126,ZEC,05f717148436a9a4,572,1119.7355
1763178325126,ZEC,fb4bec85622dcd85,573,209.4989
1763178325126,ZEC,10eaa7d317c99fdc,574,975.2535
1763178325126,ZEC,60129dc189fe9c1d,575,57.7928
1763178325126,ZEC,5a0d08a0dfe688bd,576,577.928
1763178325126,ZEC,c658ca05984a5246,577,968.82
1763178325126,ZEC,104c6aa5fa12674d,578,860.37
1763178328953,ZEC,c4d6b520ed0b6e95,579,28.92
1763178328953,ZEC,f94abc34343a9c58,580,354.27
1763178328953,ZEC,f6234aaf2e521d29,581,3528.24
1763178328953,ZEC,1b763286a907ce18,582,1004.97
1763178328953,ZEC,60153c3471ba2d23,583,347.04
1763178328953,ZEC,df0cdfb3ec8d778e,584,43.38
1763178328953,ZEC,b79bca0ef2dcfd05,585,39063.69
1763178328953,ZEC,ca0b07d54131d8a3,586,5617.71
1763178328953,ZEC,cfee2b46b9b5fce7,587,2407.59
1763178328953,ZEC,2186a9ac41e29790,588,1070.04
1763178328953,ZEC,c91218b50632721a,589,2653.41
1763178328953,ZEC,ccb2394d9773a3bb,590,3029.37
1763178328953,ZEC,1e4f130850732082,591,50.61
1763178328953,ZEC,e549b779f166a1bc,592,209.67
1763178328953,ZEC,d66519dd07a2ffcc,593,506.1
1763178331090,ZEC,d1226c956aa46bdb,594,36.15
1763178331090,ETH,bce22df77ec9fd23,595,14.29065
1763178331090,ZEC,bce22df77ec9fd23,596,11806.59
1763178331090,ZEC,4f3f2d0fd55d3ff8,597,838.68
1763178331090,ZEC,515286dfc0cebfee,598,28609.11
1763178331090,ZEC,343365cfe46488dc,599,289.2
1763178718829,ZEC,343365cfe46488dc,600,157.1222
1763178354333,ZEC,4d183d0c6881cf23,601,183.62
1763178354333,ZEC,e758a3528715fa7b,602,580.2392
1763178354333,MORPHO,ab463692acfc5fe9,603,212.877
1763178354333,ZEC,ab463692acfc5fe9,604,80.7928
1763178354333,ZEC,29997b777833ff77,605,24729.9416
1763178354333,ZEC,29997b777833ff77,605,29.38
1763178354333,ZEC,29997b777833ff77,605,102.837
1763178354333,ZEC,29997b777833ff77,605,102.858
1763178354333,ZEC,29997b777833ff77,605,102.879
1763178354333,ZEC,29997b777833ff77,605,1198.05
1763178354333,ZEC,29997b777833ff77,605,80.85
1763178354333,ZEC,29997b777833ff77,605,102.9
1763178354333,ZEC,29997b777833ff77,605,29.4
1763178354333,ZEC,29997b777833ff77,605,14.702
1763178354333,ZEC,29997b777833ff77,605,102.921
1763178354333,ZEC,29997b777833ff77,605,102.942
1763178354333,ZEC,29997b777833ff77,605,507.4536
1763178354333,ZEC,29997b777833ff77,605,102.963
1763178354333,ZEC,29997b777833ff77,605,102.984
1763178354333,ZEC,29997b777833ff77,605,1971.7028
1763178354333,MET,29997b777833ff77,606,911.5085
1763178354333,MET,29997b777833ff77,606,1019.1405
1763178354333,MET,29997b777833ff77,606,1673.65812
1763178354333,ETH,0149c9e953df777d,607,508.048
1763178354333,ETH,0149c9e953df777d,607,31.753
1763178354333,ETH,0149c9e953df777d,607,92.71584
1763178354333,ETH,0149c9e953df777d,607,20.00313
1763178354333,ETH,0149c9e953df777d,607,4110.0375
1763178354333,ZEC,0149c9e953df777d,608,1103.565
1763178354333,ZEC,bad3ee01a9878f98,609,29.4284
1763178354333,ZEC,877229e9d2b6c184,610,743.0974
1763178354333,ZEC,877229e9d2b6c184,610,103.005
1763178354333,ZEC,877229e9d2b6c184,610,750.4752
1763178354333,ZEC,877229e9d2b6c184,610,103.026
1763178354333,ZEC,877229e9d2b6c184,610,2715.5079
1763178354333,ZEC,877229e9d2b6c184,610,95.6722
1763178354333,ZEC,877229e9d2b6c184,610,4783.935
1763178354333,ZEC,8dd23892053ae39d,611,1133.44
1763178354333,ZEC,93a209dbd43d3e93,612,1170.24
1763178354333,ZEC,93a209dbd43d3e93,612,22.08
1763178354333,ZEC,93a209dbd43d3e93,612,29.44
1763178354333,ZEC,93a209dbd43d3e93,612,103.047
1763178354333,ZEC,93a209dbd43d3e93,612,2716.209
1763178354333,ZEC,93a209dbd43d3e93,612,9068.8752
1763178354333,ZEC,a78aa2acdf5f77d2,613,1435.4145
1763178354333,ZEC,c15aa169131d4d2a,614,14.7222
1763178354333,ZEC,9359f79d4177f28a,615,4482.9099
1763178354333,ZEC,9359f79d4177f28a,615,103.068
1763178354333,ZEC,9359f79d4177f28a,615,80.9875
1763178354333,ZEC,9359f79d4177f28a,615,103.089
1763178354333,ZEC,9359f79d4177f28a,615,2717.316
1763178354333,ZEC,9359f79d4177f28a,615,736.43
1763178354333,ZEC,9359f79d4177f28a,615,10583.3613
1763178354333,ZEC,65b5eed08c72941f,616,9427.072
1763178354333,ZEC,65b5eed08c72941f,616,103.11
1763178354333,ZEC,65b5eed08c72941f,616,2717.8695
1763178354333,ZEC,65b5eed08c72941f,616,14.7312
1763178354333,ZEC,65b5eed08c72941f,616,22855.4568
1763178354333,ZEC,fca1864ccee8ff7b,617,7159.3632
1763178354333,ZEC,fca1864ccee8ff7b,617,301.9937
1763178354333,ZEC,fca1864ccee8ff7b,617,103.131
1763178354333,ZEC,fca1864ccee8ff7b,617,250.4746
1763178354333,ZEC,fca1864ccee8ff7b,617,5540.5856
1763178354333,ZEC,fca1864ccee8ff7b,617,103.152
1763178354333,ZEC,fca1864ccee8ff7b,617,508.4679
1763178354333,ZEC,fca1864ccee8ff7b,617,40015.842
1763178354333,ZEC,fca1864ccee8ff7b,617,103.173
1763178354333,ZEC,fca1864ccee8ff7b,617,5622.9285
1763178354333,ZEC,fca1864ccee8ff7b,617,530.64
1763178354333,ZEC,fca1864ccee8ff7b,617,110.5635
1763178354333,ZEC,fca1864ccee8ff7b,617,103.194
1763178354333,ZEC,fca1864ccee8ff7b,617,103.201
1763178354333,ZEC,fca1864ccee8ff7b,617,582.4038
1763178354333,ZEC,fca1864ccee8ff7b,617,8404.308
1763178354333,ZEC,fca1864ccee8ff7b,617,103.215
1763178354333,ZEC,fca1864ccee8ff7b,617,103.236
1763178354333,ZEC,fca1864ccee8ff7b,617,103.257
1763178354333,ZEC,fca1864ccee8ff7b,617,3842.6876
1763178354333,ZEC,fa4918e7188220a0,618,5531.7
1763178354333,ZEC,de3b6fdc8c497047,619,1740.6416
1763178357321,ZEC,70dcd01d203e3201,620,525.0024
1763178357321,ZEC,6161bfe3ddc01427,621,3697.2
1763178357321,ZEC,38d78488e2ce7c2a,622,369.72
1763178357321,ZEC,37005772a9c221f5,623,14788.8
1763178357321,ZEC,3816622f626aeed9,624,8695.8144
1763178357321,ZEC,04419405e63bda89,625,36676.224
1763178357321,ZEC,04419405e63bda89,625,1656.3456
1763178357321,ZEC,cbbdccb029f6fec0,626,14.7888
1763178357321,ZEC,6200107549e03fe9,627,273.5928
1763178357321,ZEC,bfb6fea3b05138db,628,702.468
1763178357321,ZEC,bfb6fea3b05138db,628,103.53
1763178357321,ZEC,bfb6fea3b05138db,628,1338.6941
1763178357321,ZEC,bfb6fea3b05138db,628,207.0936
1763178357321,ZEC,bfb6fea3b05138db,628,1464.4674
1763178357321,ZEC,bfb6fea3b05138db,628,3032.483
1763178357321,ZEC,bfb6fea3b05138db,628,103.551
1763178357321,ZEC,bfb6fea3b05138db,628,29.586
1763178357321,ZEC,bfb6fea3b05138db,628,303.2688
1763178357321,ZEC,bfb6fea3b05138db,628,1997.352
1763178357321,ZEC,bfb6fea3b05138db,628,103.572
1763178357321,ZEC,bfb6fea3b05138db,628,754.596
1763178357321,ZEC,bfb6fea3b05138db,628,532.6632
1763178357321,ZEC,bfb6fea3b05138db,628,510.5034
1763178357321,ZEC,bfb6fea3b05138db,628,103.593
1763178357321,ZEC,bfb6fea3b05138db,628,207.1916
1763178357321,ZEC,bfb6fea3b05138db,628,16553.3526
1763178357321,ZEC,bfb6fea3b05138db,628,1339.3819
1763178357321,ZEC,bfb6fea3b05138db,628,73.999
1763178357321,ZEC,bfb6fea3b05138db,628,1043.4
1763178357321,ZEC,bfb6fea3b05138db,628,1702.0
1763178357321,ZEC,bfb6fea3b05138db,628,629.0
1763178357321,ZEC,bfb6fea3b05138db,628,740.0
1763178357321,ZEC,bfb6fea3b05138db,628,1065.6
1763178357321,ZEC,7547e6cfafaee50f,629,207.2
1763178357321,ZEC,32cb0bdf21411ad2,630,8939.2
1763178373039,ZEC,78f173245ab31e63,631,866.4318
1763178401769,ZEN,194b3ca3f23baafc,632,384.0527
1763178401769,ZEN,194b3ca3f23baafc,632,1196.36543
1763178401769,ZEN,194b3ca3f23baafc,632,695.9832
1763178401769,ZEN,194b3ca3f23baafc,632,285.15833
1763178622520,ZEC,038cb245675c2a2b,633,3911.882
1763178684091,ZEC,c3ba388d34f7b3b4,634,2982.9032
1763178684091,ZEC,c3ba388d34f7b3b4,634,3686.7597
1763178687109,ZEC,90166f5136fa96c4,635,283.8881
1763178715855,ZEC,41a063d1e713f7b0,636,1267.25
1763178715855,ZEC,41a063d1e713f7b0,636,1657.7
1765828873577,xyz:COIN,77878fb2b003f0b4,637,18.27117
1765828873577,xyz:COIN,77878fb2b003f0b4,637,226.69932
1765828873577,xyz:COIN,77878fb2b003f0b4,637,11.00924
1765828873577,xyz:COIN,77878fb2b003f0b4,637,466.08534
1765828873577,xyz:COIN,77878fb2b003f0b4,637,32.27064
1765828996464,xyz:HOOD,76b15425cffc7aaa,638,224.82138
1765828996464,xyz:HOOD,92b38947c09927e8,639,47.25177
1765829002478,xyz:HOOD,8ddd165a00f80ce3,640,12290.98144
1765829017502,xyz:HOOD,a6d13600049395b5,641,32.66386
1765829425592,xyz:COIN,b0986b5a19e2c8a6,642,234.19046
1765829597920,HYPE,2a4258d1d105a946,643,218.4
1765829597920,BERA,2a4258d1d105a946,644,30.95743
1765829597920,BERA,2a4258d1d105a946,644,65.74976
1765829597920,BERA,2a4258d1d105a946,644,814.71376
1765829612697,ONDO,46803b33259aed45,645,360.96245
1765829719152,ONDO,64446255e7f5f483,646,311.09284
1765829910826,FARTCOIN,17ff0063263c469f,647,37.884468
1765829910826,FARTCOIN,bc89fddaeddf42d8,648,1842.090934
1765829910826,FARTCOIN,ab4a0d8ab68bf24f,649,77.818532
1765829910826,FARTCOIN,2915c110b9995751,650,369.09257
1765829910826,FARTCOIN,2915c110b9995751,650,45.120075
1765829910826,FARTCOIN,78e7377c3809ddb5,651,14.87475
1765829910826,FARTCOIN,78e7377c3809ddb5,651,1749.86559
1765829910826,PUMP,78e7377c3809ddb5,652,55.759012
1765829910826,PUMP,78e7377c3809ddb5,652,245.551922
1765829910826,HYPE,016fb333c345fdac,653,187.15664
1765829910826,HYPE,016fb333c345fdac,653,13.87302
1765829910826,HYPE,016fb333c345fdac,653,499.95438
1765829910826,HYPE,016fb333c345fdac,653,67.728
1765829910826,HYPE,016fb333c345fdac,653,3172.49136
1765829910826,HYPE,016fb333c345fdac,653,549.06705
1765829910826,HYPE,016fb333c345fdac,653,11837.27626
1765829910826,HYPE,016fb333c345fdac,653,2524.69096
1765829910826,FARTCOIN,016fb333c345fdac,654,1769.36804
1765829910826,FARTCOIN,016fb333c345fdac,654,499.995528
1765829910826,FARTCOIN,016fb333c345fdac,654,4979.992476
1765829910826,FARTCOIN,016fb333c345fdac,654,1600.97505
1765829910826,FARTCOIN,d150f973c7e9786e,655,254.78245
1765829910826,FARTCOIN,70b46d4d1629f087,656,210.23105
1765829910826,FARTCOIN,37b10a61c25047c9,657,237.72865
1765829911441,xyz:COIN,3ae9e72d30f906d2,658,117.60672
1765829914753,FARTCOIN,0e668c2e951217cd,659,119.795598
1765829923562,FARTCOIN,903b186b92f80297,660,739.988476
1765829923562,FARTCOIN,2476c2b1f6cab3f5,661,1238.386884
1765829923562,FARTCOIN,2476c2b1f6cab3f5,661,1560.50249
1765829923562,FARTCOIN,2476c2b1f6cab3f5,661,53.746088
1765829923562,FARTCOIN,2476c2b1f6cab3f5,661,3491.02014
1765829923562,FARTCOIN,2476c2b1f6cab3f5,661,750.002625
1765829923562,FARTCOIN,2476c2b1f6cab3f5,661,4222.5557
1765829923562,FARTCOIN,2476c2b1f6cab3f5,661,643.255298
1765829923562,FARTCOIN,2476c2b1f6cab3f5,661,39.032643
1765829923562,FARTCOIN,2476c2b1f6cab3f5,661,54.467064
1765829923562,FARTCOIN,2476c2b1f6cab3f5,661,5343.01742
1765829923562,FARTCOIN,2476c2b1f6cab3f5,661,3488.464956
1765829923562,FARTCOIN,2476c2b1f6cab3f5,661,15.136968
1765829923562,FARTCOIN,2476c2b1f6cab3f5,661,727.491856
1765829923562,FARTCOIN,2476c2b1f6cab3f5,661,717.585692
1765829923562,FARTCOIN,2476c2b1f6cab3f5,661,55.221558
1765829923562,FARTCOIN,2476c2b1f6cab3f5,661,10015.354053
1765829923562,FARTCOIN,2476c2b1f6cab3f5,661,3440.3875
1765829926627,FARTCOIN,2476c2b1f6cab3f5,661,4130.02191
1765829926627,FARTCOIN,2476c2b1f6cab3f5,661,58.364694
1765829926627,FARTCOIN,2476c2b1f6cab3f5,661,59.149071
1765829926627,FARTCOIN,2476c2b1f6cab3f5,661,326.6
1765829926627,FARTCOIN,2476c2b1f6cab3f5,661,15.577866
1765829926627,FARTCOIN,2476c2b1f6cab3f5,661,3849.324343
1765829926627,FARTCOIN,2476c2b1f6cab3f5,661,79.9925
1765829926627,FARTCOIN,2476c2b1f6cab3f5,661,59.967028
1765829926627,FARTCOIN,2476c2b1f6cab3f5,661,42.4372
1765829926627,FARTCOIN,2476c2b1f6cab3f5,661,3848.145413
1765829926627,FARTCOIN,2476c2b1f6cab3f5,661,143.076224
1765829926627,FARTCOIN,2476c2b1f6cab3f5,661,3846.966483
1765829926627,FARTCOIN,2476c2b1f6cab3f5,661,60.816728
1765829926627,FARTCOIN,2476c2b1f6cab3f5,661,3845.787553
1765829926627,FARTCOIN,2476c2b1f6cab3f5,661,61.66551
1765829926627,FARTCOIN,2476c2b1f6cab3f5,661,8453.138106
1765829926627,FARTCOIN,2476c2b1f6cab3f5,661,15.781304
1765829926627,FARTCOIN,2476c2b1f6cab3f5,661,326.0
1765829926627,FARTCOIN,2476c2b1f6cab3f5,661,1021.9122
1765829926627,FARTCOIN,2476c2b1f6cab3f5,661,79.9678
1765829926627,FARTCOIN,2476c2b1f6cab3f5,661,33333.337
1765829926627,FARTCOIN,2476c2b1f6cab3f5,661,62.515292
1765829926627,FARTCOIN,2476c2b1f6cab3f5,661,63.396788
1765829926627,FARTCOIN,2476c2b1f6cab3f5,661,3468.449348
1765829926627,FARTCOIN,2476c2b1f6cab3f5,661,5311.549542
1765829926627,FARTCOIN,2476c2b1f6cab3f5,661,39.215484
1765829926627,FARTCOIN,2476c2b1f6cab3f5,661,24999.88998
1765829926627,FARTCOIN,2476c2b1f6cab3f5,661,64.277388
1765829926627,FARTCOIN,2476c2b1f6cab3f5,661,62.582242
1765829926627,FARTCOIN,2476c2b1f6cab3f5,661,13229.74664
1765829926627,FARTCOIN,2476c2b1f6cab3f5,661,66.674688
1765829926627,FARTCOIN,2476c2b1f6cab3f5,661,15.983523
1765829926627,FARTCOIN,2476c2b1f6cab3f5,661,79.97535
1765829926627,FARTCOIN,2476c2b1f6cab3f5,661,7660.301992
1765829926627,FARTCOIN,2476c2b1f6cab3f5,661,65.159094
1765829926627,FARTCOIN,2476c2b1f6cab3f5,661,5306.658162
1765829926627,FARTCOIN,2476c2b1f6cab3f5,661,9785.615014
1765829926627,FARTCOIN,2476c2b1f6cab3f5,661,4907.656298
1765829926627,FARTCOIN,2476c2b1f6cab3f5,661,66.072492
1765829926627,FARTCOIN,2476c2b1f6cab3f5,661,3463.445446
1765829926627,FARTCOIN,2476c2b1f6cab3f5,661,237.4252
1765829923562,FARTCOIN,ce8a63875b9fd961,662,186.2165
1765829923562,FARTCOIN,08248b5d6cd31941,663,1347.69525
1765829923562,FARTCOIN,08248b5d6cd31941,663,60.714792
1765829923562,FARTCOIN,08248b5d6cd31941,663,2846.184082
1765829923562,FARTCOIN,f035102dcee8d367,664,443.184364
1765829923562,FARTCOIN,ccfc530a92862b15,665,196.606984
1765829923562,FARTCOIN,b4f3799a09ac5461,666,152.727344
1765829923562,FARTCOIN,1802773af42bb9f7,667,883.126874
1765829926627,FARTCOIN,efade1f7c49ea899,668,1600.029312
1765829926627,FARTCOIN,efade1f7c49ea899,668,3327.04974
1765829926627,FARTCOIN,efade1f7c49ea899,668,11.000976
1765829926627,FARTCOIN,efade1f7c49ea899,668,78.012271
1765829926627,FARTCOIN,efade1f7c49ea899,668,56.007874
1765829926627,FARTCOIN,efade1f7c49ea899,668,354.258436
1765829926627,FARTCOIN,efade1f7c49ea899,668,56.760525
1765829926627,FARTCOIN,efade1f7c49ea899,668,39.387656
1765829926627,FARTCOIN,efade1f7c49ea899,668,15.37417
1765829926627,FARTCOIN,efade1f7c49ea899,668,99.9966
1765829926627,FARTCOIN,efade1f7c49ea899,668,79.9842
1765829926627,FARTCOIN,efade1f7c49ea899,668,79.9842
1765829926627,FARTCOIN,efade1f7c49ea899,668,57.54672
1765829926627,FARTCOIN,efade1f7c49ea899,668,119.61271
1765829926627,FARTCOIN,b8a679b068f38c7d,669,97.18737
1765829926627,HYPE,b86941f74afb4609,670,1268.4054
1765829926627,HYPE,b86941f74afb4609,670,5373.72448
1765829926627,HYPE,b86941f74afb4609,670,501.80772
1765829926627,HYPE,b86941f74afb4609,670,984.25804
1765829926627,HYPE,b86941f74afb4609,670,688.98252
1765829926627,HYPE,b86941f74afb4609,670,133.3339
1765829926627,HYPE,b86941f74afb4609,670,1997.7582
1765829926627,HYPE,b86941f74afb4609,670,1976.2623
1765829926627,HYPE,b86941f74afb4609,670,6499.6527
1765829926627,HYPE,b86941f74afb4609,670,1500.0873
1765829926627,HYPE,b86941f74afb4609,670,13.87608
1765829926627,HYPE,b86941f74afb4609,670,2968.2837
1765829926627,HYPE,b86941f74afb4609,670,801.24615
1765829926627,HYPE,b86941f74afb4609,670,984.00485
1765829926627,HYPE,b86941f74afb4609,670,2887.81075
1765829926627,HYPE,b86941f74afb4609,670,1670.387
1765829926627,HYPE,b86941f74afb4609,670,666.77004
1765829926627,HYPE,b86941f74afb4609,670,2563.33869
1765829926627,HYPE,b86941f74afb4609,670,5525.74539
1765829926627,HYPE,b86941f74afb4609,670,1717.47114
1765829926627,HYPE,b86941f74afb4609,670,983.824
1765829926627,HYPE,b86941f74afb4609,670,721.616
1765829926627,HYPE,b86941f74afb4609,670,11.968
1765829926627,HYPE,b86941f74afb4609,670,3811.93985
1765829926627,FARTCOIN,b86941f74afb4609,671,1620.378204
1765829926627,FARTCOIN,b86941f74afb4609,671,5302.25592
1765829926627,FARTCOIN,b86941f74afb4609,671,66.98502
1765829926627,FARTCOIN,b86941f74afb4609,671,1999.979187
1765829926627,FARTCOIN,b86941f74afb4609,671,67.12902
1765829926627,FARTCOIN,b86941f74afb4609,671,1747.239984
1765829926627,FARTCOIN,b86941f74afb4609,671,1946.90412
1765829926627,FARTCOIN,b86941f74afb4609,671,760.310176
1765829926627,FARTCOIN,b86941f74afb4609,671,67.92918
1765829926627,FARTCOIN,b86941f74afb4609,671,299.195
1765829926627,FARTCOIN,b86941f74afb4609,671,592.865
1765829926627,FARTCOIN,b86941f74afb4609,671,325.0
1765829926627,FARTCOIN,b86941f74afb4609,671,30000.0025
1765829926627,FARTCOIN,b86941f74afb4609,671,16.185
1765829926627,FARTCOIN,b86941f74afb4609,671,7999.9725
1765829926627,FARTCOIN,b86941f74afb4609,671,299.975
1765829926627,FARTCOIN,b86941f74afb4609,671,79.9825
1765829926627,FARTCOIN,b86941f74afb4609,671,999.9925
1765829926627,FARTCOIN,b86941f74afb4609,671,74.8475
1765829926627,FARTCOIN,b86941f74afb4609,671,988.857408
1765829926627,FARTCOIN,1ddf001e263adbd2,672,2804.947068
1765829930964,FARTCOIN,d27b0a59514346d7,673,1021.100219
1765829930964,FARTCOIN,ef308f123a8b2523,674,14573.751388
1765829930964,FARTCOIN,ef308f123a8b2523,674,600.7048
1765829930964,FARTCOIN,ef308f123a8b2523,674,2007.398736
1765829930964,FARTCOIN,ef308f123a8b2523,674,335.135414
1765829930964,FARTCOIN,ef308f123a8b2523,674,1000.2528
1765829930964,FARTCOIN,ef308f123a8b2523,674,10756.006475
1765829930964,FARTCOIN,ef308f123a8b2523,674,5003.61789
1765829930964,FARTCOIN,ef308f123a8b2523,674,77.34021
1765829930964,FARTCOIN,ef308f123a8b2523,674,719.838936
1765829930964,FARTCOIN,ef308f123a8b2523,674,68.597757
1765829930964,FARTCOIN,ef308f123a8b2523,674,511.305355
1765829930964,FARTCOIN,c1eeadf722221297,675,95.333645
1765829930964,FARTCOIN,55e2fb23847bede0,676,3923.51927
1765829930964,FARTCOIN,1a74b439c25c0a71,677,11095.133775
1765829930964,FARTCOIN,1a74b439c25c0a71,677,2087.36
1765829930964,FARTCOIN,1a74b439c25c0a71,677,2887.99302
1765829930964,FARTCOIN,1a74b439c25c0a71,677,600.0976
1765829930964,FARTCOIN,1a74b439c25c0a71,677,5000.70462
1765829930964,FARTCOIN,1a74b439c25c0a71,677,3300.471572
1765829930964,FARTCOIN,1a74b439c25c0a71,677,2087.296
1765829930964,FARTCOIN,1a74b439c25c0a71,677,9999.843768
1765829930964,FARTCOIN,1a74b439c25c0a71,677,990.095812
1765829930964,FARTCOIN,1a74b439c25c0a71,677,1771.853463
1765829930964,FARTCOIN,1a74b439c25c0a71,677,681.977868
1765829930964,FARTCOIN,1a74b439c25c0a71,677,1004.985696
1765829930964,FARTCOIN,1a74b439c25c0a71,677,84.6296
1765829930964,FARTCOIN,1a74b439c25c0a71,677,4917.461353
1765829930964,FARTCOIN,1a74b439c25c0a71,677,4997.63802
1765829930964,FARTCOIN,1a74b439c25c0a71,677,3842.604442
1765829930964,FARTCOIN,1a74b439c25c0a71,677,1768.59412
1765829930964,FARTCOIN,1a74b439c25c0a71,677,4386.60378
1765829932573,FARTCOIN,1a74b439c25c0a71,677,313.375212
1765829932573,FARTCOIN,1a74b439c25c0a71,677,2124.63881
1765829932573,FARTCOIN,1a74b439c25c0a71,677,2126.885976
1765829932573,FARTCOIN,1a74b439c25c0a71,677,4992.88479
1765829932573,FARTCOIN,1a74b439c25c0a71,677,3294.399692
1765829932573,FARTCOIN,1a74b439c25c0a71,677,4990.73817
1765829932573,FARTCOIN,1a74b439c25c0a71,677,1248.261118
1765829932573,FARTCOIN,1a74b439c25c0a71,677,598.6992
1765829932573,FARTCOIN,1a74b439c25c0a71,677,4988.59155
1765829932573,FARTCOIN,1a74b439c25c0a71,677,3292.072138
1765829932573,FARTCOIN,1a74b439c25c0a71,677,2429.087464
1765829932573,FARTCOIN,1a74b439c25c0a71,677,4986.44493
1765829932573,FARTCOIN,1a74b439c25c0a71,677,981.00772
1765829932573,FARTCOIN,1a74b439c25c0a71,677,1062.492816
1765829932573,FARTCOIN,1a74b439c25c0a71,677,9973.0008
1765829932573,FARTCOIN,1a74b439c25c0a71,677,67.988865
1765829932573,FARTCOIN,1a74b439c25c0a71,677,212.51804
1765829932573,FARTCOIN,1a74b439c25c0a71,677,1162.99652
1765829932573,FARTCOIN,1a74b439c25c0a71,677,212.51804
1765829932573,FARTCOIN,1a74b439c25c0a71,677,212.51804
1765829932573,FARTCOIN,1a74b439c25c0a71,677,62.977681
1765829932573,FARTCOIN,1a74b439c25c0a71,677,598.092
1765829932573,FARTCOIN,1a74b439c25c0a71,677,4983.99165
1765829932573,FARTCOIN,1a74b439c25c0a71,677,3289.44099
1765829932573,FARTCOIN,1a74b439c25c0a71,677,4902.678347
1765829932573,FARTCOIN,1a74b439c25c0a71,677,6874.933145
1765829932573,FARTCOIN,1a74b439c25c0a71,677,68.87456
1765829932573,FARTCOIN,1a74b439c25c0a71,677,4981.38504
1765829932573,FARTCOIN,1a74b439c25c0a71,677,402.026625
1765829932573,FARTCOIN,1a74b439c25c0a71,677,1695.684515
1765829932573,FARTCOIN,1a74b439c25c0a71,677,3287.113436
1765829932573,FARTCOIN,1a74b439c25c0a71,677,1389.969744
1765829932573,FARTCOIN,1a74b439c25c0a71,677,13.18688
1765829932573,FARTCOIN,1a74b439c25c0a71,677,69.8191
1765829932573,FARTCOIN,1a74b439c25c0a71,677,4978.31844
1765829932573,FARTCOIN,1a74b439c25c0a71,677,3389.626732
1765829932573,FARTCOIN,1a74b439c25c0a71,677,170.176288
1765829932573,FARTCOIN,1a74b439c25c0a71,677,17.983948
1765829932573,FARTCOIN,1a74b439c25c0a71,677,70.797441
1765829932573,FARTCOIN,1a74b439c25c0a71,677,3284.785882
1765829932573,FARTCOIN,1a74b439c25c0a71,677,15305.27592
1765829932573,FARTCOIN,1a74b439c25c0a71,677,1001.30166
1765829932573,FARTCOIN,1a74b439c25c0a71,677,79.98925
1765829932573,FARTCOIN,1a74b439c25c0a71,677,71.805211
1765829932573,FARTCOIN,1a74b439c25c0a71,677,16.385735
1765829932573,FARTCOIN,1a74b439c25c0a71,677,1606.061606
1765829932573,FARTCOIN,1a74b439c25c0a71,677,6864.56499
1765829932573,FARTCOIN,1a74b439c25c0a71,677,596.9144
1765829932573,FARTCOIN,1a74b439c25c0a71,677,4974.17853
1765829932573,FARTCOIN,1a74b439c25c0a71,677,39706.616124
1765829932573,FARTCOIN,1a74b439c25c0a71,677,72.81433
1765829932573,FARTCOIN,1a74b439c25c0a71,677,3281.952338
1765829932573,FARTCOIN,1a74b439c25c0a71,677,15293.48667
1765829932573,FARTCOIN,1a74b439c25c0a71,677,13220.7381
1765829932573,FARTCOIN,1a74b439c25c0a71,677,39.044516
1765829932573,FARTCOIN,1a74b439c25c0a71,677,74.683987
1765829932573,FARTCOIN,1a74b439c25c0a71,677,73.824894
1765829932573,FARTCOIN,1a74b439c25c0a71,677,4971.11193
1765829932573,FARTCOIN,1a74b439c25c0a71,677,15284.05527
1765829932573,FARTCOIN,1a74b439c25c0a71,677,5023.8741
1765829932573,FARTCOIN,1a74b439c25c0a71,677,23569.10297
1765829930964,FARTCOIN,8d2c2e972135f74e,678,2507.16132
1765829930964,FARTCOIN,8d2c2e972135f74e,678,599.472
1765829930964,FARTCOIN,8d2c2e972135f74e,678,387.83232
1765829930964,FARTCOIN,2c7914eda99489c0,679,8.40564
1765829932573,FARTCOIN,b6b229a1463ab095,680,2219.808692
1765829932573,FARTCOIN,b6b229a1463ab095,680,1806.019684
1765829932573,FARTCOIN,315beb920c70e2ef,681,237.66253
1765829932573,FARTCOIN,70cc7a50e288e922,682,1194.34091
1765829932573,FARTCOIN,70cc7a50e288e922,682,1503.20821
1765829932573,FARTCOIN,428687453f0d4fa9,683,1487.619
1765829936042,FARTCOIN,612e8b30eed28399,684,1293.298556
1765829936042,FARTCOIN,612e8b30eed28399,684,2575.711425
1765829936042,RESOLV,612e8b30eed28399,685,254.05784
1765829936042,RESOLV,612e8b30eed28399,685,205.092916
1765829936042,FARTCOIN,142b70ac8046b0e5,686,156.807795
1765829936042,FARTCOIN,e9291ecdf36e6eb7,687,546.80197
1765829936042,FARTCOIN,e9291ecdf36e6eb7,687,398.921112
1765829936042,FARTCOIN,e9291ecdf36e6eb7,687,324.0
1765829936042,FARTCOIN,e9291ecdf36e6eb7,687,617.8032
1765829936042,FARTCOIN,a482f89f88d8f615,688,397.8396
1765829936042,FARTCOIN,a482f89f88d8f615,688,79.9956
1765829936042,FARTCOIN,a482f89f88d8f615,688,943.7796
1765829940860,HYPE,49a59f395445593d,689,8279.88714
1765829940860,PUMP,49a59f395445593d,690,2138.567163
1765829940860,PUMP,49a59f395445593d,690,2001.779861
1765829940860,PUMP,49a59f395445593d,690,1303.040436
1765829940860,PUMP,49a59f395445593d,690,100.019962
1765829940860,PUMP,49a59f395445593d,690,1158.358246
1765829940860,PUMP,49a59f395445593d,690,173.77121
1765829940860,PUMP,49a59f395445593d,690,489.128672
1765829940860,HYPE,ae1980a7063092bb,691,44.33274
1765830033952,ASTER,f6d9ad1ed1e94df3,692,44.7139
1765830033952,ASTER,07f70f3150ae9326,693,152.02726
1765830033952,ASTER,e7cc094e67b200f7,694,35.77112
1765830033952,ASTER,370bf7716845cf0a,695,221.13056
1765830033952,ASTER,573c71831aadb6bc,696,129.26382
1765830033952,ASTER,7fc1c2a4a55da227,697,117.8821
1765830033952,ASTER,c11116ea9993d59e,698,126.82488
1765830033952,ASTER,da025af90701eb24,699,80.48502
1765830033952,ASTER,297de9e0708a116e,700,195.92818
1765830036755,ASTER,776595d4bfdc6e7a,701,237.5058
1765830036755,ASTER,1776f443164fc402,702,22.6968
1765830036755,SOL,72b5a90010d86699,703,52.0632
1765830036755,XRP,72b5a90010d86699,704,24.4374
1765830036755,HYPE,72b5a90010d86699,705,35.66737
1765830036755,ASTER,72b5a90010d86699,706,102.9462
1765830036755,ASTER,d145b5d75bda14fd,707,15.4014
1765830036755,ASTER,1f18dadbe0c8ffe9,708,62.4162
1765830036755,ASTER,1f18dadbe0c8ffe9,708,370.4442
1765830036755,ASTER,1f18dadbe0c8ffe9,708,370.4442
1765830036755,ASTER,1f18dadbe0c8ffe9,708,218.04602
1765830036755,ASTER,7485714e4619082d,709,152.38904
1765830036755,ASTER,7485714e4619082d,709,370.43506
1765830036755,ASTER,7485714e4619082d,709,10.53728
1765830036755,HYPE,f1c43784470329ff,710,964.10807
1765830036755,HYPE,f1c43784470329ff,710,199.84618
1765830036755,HYPE,f1c43784470329ff,710,199.84618
1765830036755,HYPE,f1c43784470329ff,710,763.71735
1765830036755,HYPE,f1c43784470329ff,710,299.76927
1765830036755,HYPE,f1c43784470329ff,710,6498.30168
1765830036755,HYPE,f1c43784470329ff,710,5270.68134
1765830036755,HYPE,f1c43784470329ff,710,30427.47675
1765830036755,ASTER,f1c43784470329ff,711,248.03136
1765830036755,ASTER,f1c43784470329ff,711,370.40307
1765830036755,ASTER,f1c43784470329ff,711,370.3985
1765830036755,ASTER,f1c43784470329ff,711,370.3985
1765830036755,ASTER,f1c43784470329ff,711,370.3985
1765830036755,ASTER,f1c43784470329ff,711,370.3985
1765830036755,ASTER,f1c43784470329ff,711,370.3985
1765830036755,ASTER,f1c43784470329ff,711,370.3985
1765830036755,ASTER,f1c43784470329ff,711,333.92188
1765830036755,ASTER,f1c43784470329ff,711,370.38936
1765830036755,ASTER,f1c43784470329ff,711,333.91364
1765830036755,ASTER,f1c43784470329ff,711,2659.92972
1765830036755,ASTER,f1c43784470329ff,711,333.90952
1765830036755,ASTER,f1c43784470329ff,711,333.90952
1765830036755,ASTER,f1c43784470329ff,711,333.9054
1765830036755,ASTER,f1c43784470329ff,711,186.4012
1765830036755,ASTER,f1c43784470329ff,711,2927.9752
1765830036755,ASTER,f1c43784470329ff,711,3999.324
1765830036755,ASTER,f1c43784470329ff,711,2000.04252
1765830036755,ASTER,f1c43784470329ff,711,300.65098
1765830036755,ASTER,f1c43784470329ff,711,371.15404
1765830036755,ASTER,f1c43784470329ff,711,371.15404
1765830036755,ASTER,f1c43784470329ff,711,300.65098
1765830036755,ASTER,f1c43784470329ff,711,300.64356
1765830036755,ASTER,f1c43784470329ff,711,371.10366
1765830036755,ASTER,f1c43784470329ff,711,9571.48325
1765830036755,ASTER,f1c43784470329ff,711,196.88832
1765830036755,ASTER,f1c43784470329ff,711,999.01359
1765830036755,ASTER,f1c43784470329ff,711,371.07618
1765830036755,ASTER,f1c43784470329ff,711,9967.76757
1765830036755,ASTER,f1c43784470329ff,711,1698.90552
1765830036755,ASTER,f1c43784470329ff,711,9999.18773
1765830036755,ASTER,f1c43784470329ff,711,2926.56613
1765830036755,ASTER,f1c43784470329ff,711,101.25
1765830036755,ASTER,f1c43784470329ff,711,1620.0
1765830036755,ASTER,f1c43784470329ff,711,32.4
1765830036755,ASTER,f1c43784470329ff,711,10218.15
1765830064518,xyz:COIN,83c2606c7d3bbec4,712,248.0
1765830064518,xyz:COIN,83c2606c7d3bbec4,712,997.41578
1765830064518,xyz:COIN,83c2606c7d3bbec4,712,123.73204
1765830064518,xyz:COIN,83c2606c7d3bbec4,712,2029.2228
1765830064518,xyz:COIN,83c2606c7d3bbec4,712,1320.22725
1765830129808,WIF,f23b4a3212a9347e,713,404.1072
1765830130307,xyz:AMD,29b19b96ee1c9a72,714,41.47558
1765830130307,xyz:AMD,29b19b96ee1c9a72,714,19.79325
1765830199517,xyz:AMD,daf996f309861e31,715,40.78956
1765830199517,xyz:AMD,daf996f309861e31,715,994.17537
1765830199517,xyz:AMD,daf996f309861e31,715,191.92862
1765830199517,xyz:AMD,daf996f309861e31,715,24.9528
1765830199517,xyz:AMD,daf996f309861e31,715,384.00977
1765830199517,xyz:AMD,daf996f309861e31,715,575.7445
1765830199517,xyz:AMD,daf996f309861e31,715,12977.7334
1765830202476,xyz:HOOD,6f9cdfd67232906c,716,11.01888
1765830400513,xyz:HOOD,e6a6ccff47746850,717,39.10588
1765830400513,xyz:HOOD,e6a6ccff47746850,717,1602.05457
1765830400513,xyz:HOOD,e6a6ccff47746850,717,24.0786
1765830400513,xyz:HOOD,e6a6ccff47746850,717,998.1153
1765830400513,xyz:HOOD,e6a6ccff47746850,717,973.00476
1765830400513,xyz:HOOD,e6a6ccff47746850,717,10000.0219
1765830400513,xyz:HOOD,e6a6ccff47746850,717,6752.5758
1765830400513,xyz:HOOD,e6a6ccff47746850,717,1998.1656
1765830400513,xyz:HOOD,e6a6ccff47746850,717,495.62982
1765830400513,xyz:HOOD,e6a6ccff47746850,717,49.2608
1765830400513,xyz:HOOD,e6a6ccff47746850,717,188.20565
1765830400513,xyz:HOOD,e6a6ccff47746850,717,8714.2032
1765830415316,xyz:HOOD,7e0e11c9c603fb38,718,55.33248
1765830652399,xyz:AMD,41e5c29801e4561e,719,207.71
1765830655452,xyz:HOOD,87eabac5feb1314a,720,669.80928
1765830658453,xyz:AMD,9a90e83b9c6f1e6e,721,81.003
1765830658453,xyz:AMD,9a90e83b9c6f1e6e,721,997.9985
1765830658453,xyz:AMD,9a90e83b9c6f1e6e,721,39.87648
1765830658453,xyz:AMD,9a90e83b9c6f1e6e,721,958.07397
1765830718716,NXPC,c49aca6077aa07da,722,573.04675
1765830718716,NXPC,c49aca6077aa07da,722,560.20325
1765830727361,xyz:HOOD,97708215278ee4d6,723,43.74626
1765830727361,xyz:HOOD,97708215278ee4d6,723,179.2783
1765830727361,xyz:HOOD,97708215278ee4d6,723,995.7368
1765830727361,xyz:HOOD,97708215278ee4d6,723,826.96398
1765830727361,xyz:HOOD,97708215278ee4d6,723,1988.27628
1765830727361,xyz:HOOD,97708215278ee4d6,723,9727.80192
1765831468423,xyz:AMD,a1fb9d8a0d78d8f6,724,40.77506
1765831468423,xyz:AMD,a1fb9d8a0d78d8f6,724,12.62517
1765831865436,ASTER,788e4aa43683e457,725,34.062
1765831871710,ASTER,7950cdf970776127,726,8.0892
1765831871710,ASTER,f74612c49f37d9e5,727,2502.79848
1765831871710,ASTER,f74612c49f37d9e5,727,10062.15588
1765831871710,ASTER,f74612c49f37d9e5,727,3407.97996
1765831871710,ASTER,f74612c49f37d9e5,727,4759.2734
1765831871710,ASTER,f74612c49f37d9e5,727,3407.68505
1765831871710,ASTER,f74612c49f37d9e5,727,4759.09688
1765831871710,ASTER,f74612c49f37d9e5,727,3407.55866
1765831871710,ASTER,f74612c49f37d9e5,727,4758.685
1765831871710,ASTER,f74612c49f37d9e5,727,3407.26375
1765831871710,ASTER,f74612c49f37d9e5,727,404.37
1765831871710,ASTER,f74612c49f37d9e5,727,1474.33302
1765831871710,ASTER,f74612c49f37d9e5,727,258.7968
1765831871710,ASTER,f74612c49f37d9e5,727,198.94758
1765831871710,ASTER,f74612c49f37d9e5,727,258.7936
1765831871710,ASTER,f74612c49f37d9e5,727,404.365
1765831871710,ASTER,f74612c49f37d9e5,727,400.32135
1765831871710,ASTER,f74612c49f37d9e5,727,278.99115
1765831871710,ASTER,f74612c49f37d9e5,727,1395.69538
1765831871710,ASTER,f74612c49f37d9e5,727,5049.76945
1765831871710,ASTER,f74612c49f37d9e5,727,3999.28614
1765831871710,ASTER,f74612c49f37d9e5,727,9999.02394
1765831871710,ASTER,f74612c49f37d9e5,727,105.92136
1765831871710,ZEC,f74612c49f37d9e5,728,297.8925
1765831871710,ZEC,f74612c49f37d9e5,728,5661.3825
1765831871710,ASTER,0abaa9cd45df9853,729,658.9764
1765831871710,ASTER,0abaa9cd45df9853,729,282.996
1765831871710,ASTER,e33b658821b3971d,730,15.36264
1765831871710,ASTER,3aa97d4b4d22500a,731,22.63968
1765831871710,ASTER,4a7f6e5da18939bf,732,110.77272
1765831871710,ASTER,8ad32deac2064e8a,733,161.712
1765831878976,ASTER,0721cb715680b048,734,10.51167
1765831878976,ASTER,68990b2abe7e0118,735,27.49206
1765831878976,ASTER,c093810c33e999d4,736,61.45284
1768468241601,xyz:SNDK,36bee1b148d6bbdb,737,221.904
1768468241601,xyz:SNDK,36bee1b148d6bbdb,737,1627.51275
1768468247170,LIT,01f54babc638a36f,738,171.1458
1768468247170,LIT,0055a05ac31a6496,739,897.6051
1768468247170,LIT,1192dbdfb6dcaa3a,740,16.3863
1768468247170,LIT,fc271bf8dfde8e3a,741,1727.8443
1768468247170,LIT,f1e5b864c10b5b90,742,2818.4436
1768468247170,LIT,f1e5b864c10b5b90,742,216.6514
1768468247170,LIT,f1e5b864c10b5b90,742,271.2396
1768468247170,LIT,31a54b54a54ecdb7,743,1274.28
1768468247170,LIT,31a54b54a54ecdb7,743,60.0732
1768468247170,LIT,31a54b54a54ecdb7,743,216.58
1768468247170,LIT,31a54b54a54ecdb7,743,27.3
1768468247170,LIT,31a54b54a54ecdb7,743,27.3
1768468247170,LIT,31a54b54a54ecdb7,743,420.3507
1768468247170,LIT,31a54b54a54ecdb7,743,25.4604
1768468247170,LIT,31a54b54a54ecdb7,743,240.0024
1768468247170,LIT,31a54b54a54ecdb7,743,545.46
1768468247170,LIT,31a54b54a54ecdb7,743,983.4839
1768468247170,LIT,31a54b54a54ecdb7,743,99.9845
1768468247170,LIT,31a54b54a54ecdb7,743,2441.3054
1768468247170,LIT,31a54b54a54ecdb7,743,419.7732
1768468247170,LIT,31a54b54a54ecdb7,743,67.1846
1768468247170,LIT,31a54b54a54ecdb7,743,1089.48
1768468247170,LIT,31a54b54a54ecdb7,743,3980.2336
1768468247170,LIT,31a54b54a54ecdb7,743,1394.5344
1768468247170,LIT,31a54b54a54ecdb7,743,2623.6865
1768468247170,LIT,7dbebe02a1b38526,744,620.9694
1768468247170,LIT,54d58b8bf48e92ab,745,862.4575
1768468247170,LIT,400ac9f8fd7c662f,746,118.0205
1768468247170,LIT,ce977482eace3291,747,544.71
1768468247170,LIT,5f6644c772b10f82,748,90.785
1768468247170,LIT,1ae7d34abb2a7369,749,81.7065
1768468247170,LIT,c046ec6d88620fa3,750,39.9454
1768468247170,LIT,a2fd11b60193a018,751,58.1024
1768468247170,LIT,d76ad12c9860d0d1,752,486.6076
1768468247170,LIT,d76ad12c9860d0d1,752,25.417
1768468247170,LIT,d76ad12c9860d0d1,752,1063.59
1768468247170,LIT,e2b49b7e19c25b9a,753,1263.24
1768468247170,LIT,e2b49b7e19c25b9a,753,419.1726
1768468247170,LIT,e2b49b7e19c25b9a,753,59.8719
1768468247170,LIT,e2b49b7e19c25b9a,753,985.1106
1768468247170,LIT,e2b49b7e19c25b9a,753,3288.9633
1768468247170,LIT,e2b49b7e19c25b9a,753,1088.34
1768468247170,LIT,e2b49b7e19c25b9a,753,1986.2205
1768468249601,LIT,400075f2aa39c276,754,10.8828
1768468249601,LIT,2dfd2a40662c2c28,755,36.276
1768468249601,LIT,020e2399f3f56045,756,39.9036
1768468249601,LIT,1389889b502a93a8,757,36.276
1768468249601,LIT,f8492ae4ccea458a,758,10.8828
1768468249601,LIT,0f32bf7f168ddd1a,759,1490.9436
1768468249601,LIT,219b6a8fa8229d47,760,7679.6292
1768468249601,LIT,219b6a8fa8229d47,760,175.9386
1768468249601,LIT,219b6a8fa8229d47,760,725.32
1768468249601,LIT,219b6a8fa8229d47,760,2458.6992
1768468249601,LIT,219b6a8fa8229d47,760,241.1423
1768468249601,LIT,219b6a8fa8229d47,760,906.25
1768468249601,LIT,219b6a8fa8229d47,760,25.3736
1768468249601,LIT,219b6a8fa8229d47,760,418.5951
1768468249601,LIT,219b6a8fa8229d47,760,1646.2899
1768468249601,LIT,219b6a8fa8229d47,760,99.594
1768468249601,LIT,219b6a8fa8229d47,760,66.9885
1768468249601,LIT,219b6a8fa8229d47,760,474.3248
1768468249601,LIT,219b6a8fa8229d47,760,979.3723
1768468249601,LIT,219b6a8fa8229d47,760,9.05
1768468249601,LIT,219b6a8fa8229d47,760,1810.0
1768468249601,LIT,219b6a8fa8229d47,760,485.08
1768468249601,LIT,219b6a8fa8229d47,760,90.5
1768468249601,LIT,219b6a8fa8229d47,760,6735.7034
1768468249601,LIT,219b6a8fa8229d47,760,418.0176
1768468249601,LIT,219b6a8fa8229d47,760,25.3316
1768468249601,LIT,219b6a8fa8229d47,760,1756.6361
1768468249601,LIT,219b6a8fa8229d47,760,1085.34
1768468249601,LIT,219b6a8fa8229d47,760,3964.8896
1768468249601,LIT,219b6a8fa8229d47,760,2476.1103
1768468249601,LIT,219b6a8fa8229d47,760,9638.5623
1768468249601,LIT,219b6a8fa8229d47,760,4583.2458
1768468249601,LIT,8d40b8f8b5cd0085,761,28.9392
1768468249601,LIT,a70ab9cf2ea3884c,762,12.6609
1768468252609,LIT,7e3927ae7f65252f,763,66.8553
1768468252609,LIT,5861c9c431e66aba,764,207.7935
1768468252609,LIT,8f9e30fb529890e0,765,1333.4922
1768468252609,LIT,12345ee3afe748ea,766,397.518
1768468252609,LIT,078d3ea4f25b1a99,767,173.4624
1768468252609,LIT,1c8cef7fb4045431,768,70.4691
1768468270783,LIT,f0ce544ee0459147,769,34.3045
1768468270783,LIT,c314178724ea88c1,770,464.0135
1768468270783,LIT,c314178724ea88c1,770,721.68
1768468270783,LIT,c314178724ea88c1,770,1226.788
1768468295546,xyz:AMD,4802ca70b93ff8e8,771,106.96936
1768468577619,xyz:SNDK,7445d204fca5465d,772,1253.702
1768468932097,vntl:SEMIS,a6d13600049395b5,773,33.3984
1768468967461,xyz:AMD,1b45e352942fd808,774,205.002
1768468967461,xyz:AMD,1b45e352942fd808,774,7306.59204
1768469004211,vntl:SEMIS,58d8ec24fe5b1789,775,8.35758
1768469004211,vntl:SEMIS,58d8ec24fe5b1789,775,31.46096
1768469040223,vntl:SEMIS,37ddda3b0e90a9ba,776,14.33988
1768469040223,vntl:SEMIS,37ddda3b0e90a9ba,776,97.98918
1768469040223,vntl:SEMIS,37ddda3b0e90a9ba,776,30.67834
1768469040223,vntl:SEMIS,37ddda3b0e90a9ba,776,136.28358
1768469107490,ICP,a8fbecfbe4929aee,777,111.92907
1768469187343,ETH,f817070f65621a1c,778,755.89752
1768469558034,ICP,e9c629a8d1637d3d,779,655.11569
1768469558034,ICP,b5ae7cca5f33629e,780,131.27398
1768469558034,ICP,b5ae7cca5f33629e,780,4.1807
1768469792044,ICP,0c89defce8fb3b76,781,40.866
1768469810987,ICP,191c2ed4b685ba68,782,44.17868
1768469825560,xyz:SILVER,f75a8fb5468bea91,783,8.12745
1768469825560,xyz:SILVER,2d15680112ac0d19,784,1932.527
1768469828794,xyz:SILVER,94b11b4f5406c85b,785,38.86899
1768469838981,ETH,cc684d301547a781,786,43.2537
1768469849112,BTC,8711d6ddfc14ce8e,787,20231.94334
1768469904959,PUMP,18cd46d4addd0865,788,2026.755269
1768469939909,ETH,6aeeb01238ebd5ad,789,169.68
1768469939909,ETH,3ebc9cdccf696ac2,790,88579.008
1768469984527,xyz:CL,d803f111456c7ea2,791,19.989115
1768469984527,xyz:CL,d803f111456c7ea2,791,156.86022
1768469986585,BTC,08ecc3b6ae413495,792,3292.02965
1768470096629,ETH,d832a5395fbe967a,793,50.8568
1768470096629,ETH,2d83e2400f0bc557,794,84.2
1768470153318,PUMP,ee1f2a7bc96cb612,795,58.06489
1768470157246,BTC,06567d34e1660070,796,255.25202
1768470157246,BTC,7f79068c41f25bcc,797,4713.91278
1768470157246,BTC,b10c971ff2fbdbf3,798,13603.08864
1768470157246,BTC,0d74bb1c9b0bd2d0,799,63.0851
1768470157246,BTC,d828ca90b116550e,800,74.73158
1768470168026,BTC,3e80745ad8c6d7ef,801,1164.852
1768470174832,BTC,3caa120a43dc3f51,802,188.33714
1768470174832,BTC,18c4c52b1f7893c6,803,1682.41373
1768470174832,BTC,c8d37380bf025e33,804,3084.26337
1768470177050,BTC,c678d8e36fd3a252,805,2411.49204
1768470177050,BTC,0fb2d21fd6b18a79,806,23506.22253
1768470183072,BTC,0134ad3ce1dbc4ea,807,404.88198
1768470189081,BTC,870718ce3ad5b34e,808,1215.61688
1768470189081,BTC,02849de13b24b338,809,244.67688
1784900443878,BTC,02849de13b24b338,810,353.91832
1784900443878,BTC,02849de13b24b338,810,793.2652
1768470192584,hyna:ETH,59f8eed15f26f047,811,126.34875
1768470296347,xyz:SILVER,e8f0ac84e3042657,812,587.15928
1768470306989,ETH,38989edd44a234eb,813,999.99768
1768470306989,ETH,38989edd44a234eb,813,1956.9123
1768470623469,xyz:SILVER,72bc2abdd2d2314b,814,3223.42454
1768470623469,xyz:SILVER,72bc2abdd2d2314b,814,1201.71402
1768470623469,xyz:SILVER,72bc2abdd2d2314b,814,7138.76756
1768470653572,PUMP,82e7aae7d88b4d68,815,27.507956
1768470677339,BTC,c6caf724d7e3e1e3,816,37.87095
1768470739569,BTC,15f0384e2e3dd576,817,1865.50231
1768470794463,xyz:SNDK,5a7b1aaf65275ba1,818,47.7828
1768470803691,BTC,5c7de6e4a1e03bae,819,91.29468
1768470901513,ETH,dba4f9e3d9f3f4d9,820,15370.10412
1768470901513,ETH,dba4f9e3d9f3f4d9,820,6831.60716
1768470901513,ETH,5dcefd9630fd7517,821,1167.1618
1768470901513,ETH,5dcefd9630fd7517,821,7.75859
1768470901513,TAO,5dcefd9630fd7517,822,612.14265
1768470901513,HYPE,5dcefd9630fd7517,823,50.386
1768470901513,BTC,3bed9f7e876f0b0e,824,213.7344
1768470901513,BTC,3e92e2b59c3f4fe0,825,35.94624
1768470912164,BTC,44861240d8be7534,826,23.32248
1768470912164,BTC,0f209dc80e129d2e,827,34.01195
1771171523750,PUMP,8cb3a2964870d6bd,828,304.719948
1771171523750,PUMP,8cb3a2964870d6bd,828,50.013054
1771171523750,PUMP,8cb3a2964870d6bd,828,6.969105
1771171620246,hyna:DOGE,d67e66fe41fb7c25,829,90.10474
1771171633920,DOGE,58eacc567084f1df,830,18.93369
1771171633920,PUMP,3d432059f913325a,831,144.432504
1771171633920,PUMP,3d432059f913325a,831,259.434306
1771171633920,PUMP,3d432059f913325a,831,12.803562
1771171642802,DOGE,88031e707db038d1,832,132.7524
1771171642802,XRP,cc70b87e53947935,833,7048.0719
1771171642802,XRP,cc70b87e53947935,833,493.4103
1771171642802,XRP,cc70b87e53947935,833,267.0576
1771171642802,XRP,cc70b87e53947935,833,870.5776
1771171642802,XRP,cc70b87e53947935,833,436.0432
1771171642802,XRP,cc70b87e53947935,833,1863.368
1771171642802,XRP,cc70b87e53947935,833,4527.6087
1771171642802,XRP,cc70b87e53947935,833,267.0222
1771171642802,XRP,cc70b87e53947935,833,67.887
1771171649680,BTC,59f8b9417344b1fe,834,68.817
1771171649680,XRP,59f8b9417344b1fe,835,2370.4819
1771171649680,XRP,59f8b9417344b1fe,835,4934.103
1771171649680,XRP,59f8b9417344b1fe,835,5001.672
1771171649680,XRP,59f8b9417344b1fe,835,1131.45
1771171649680,XRP,59f8b9417344b1fe,835,1327.568
1771171649680,XRP,59f8b9417344b1fe,835,1991.352
1771171649680,XRP,59f8b9417344b1fe,835,4257.2692
1771171649680,XRP,819ae489610175e2,836,24.1376
1771171656800,DOGE,26875ecc3e1a694a,837,45.46696
1771171656800,PUMP,6a5d7426765295f2,838,14.561646
1771171656800,DOGE,6f20d9058f9459eb,839,236.59856
1771171656800,ETH,15ead3fabd78d5d6,840,6017.20705
1771171656800,SOL,15ead3fabd78d5d6,841,3002.21322
1771171656800,SOL,15ead3fabd78d5d6,841,1005.6504
1771171656800,SOL,15ead3fabd78d5d6,841,633.73314
1771171656800,XMR,15ead3fabd78d5d6,842,11.08305
1771171656800,XMR,15ead3fabd78d5d6,842,455.65346
1771171656800,XMR,15ead3fabd78d5d6,842,15.78025
1771171656800,XMR,15ead3fabd78d5d6,842,460.2447
1771171656800,XMR,15ead3fabd78d5d6,842,510.264
1771171656800,XMR,15ead3fabd78d5d6,842,469.966
1771171656800,XMR,15ead3fabd78d5d6,842,1450.50642
1771171861411,ZEC,9519dbd1147e2aae,843,99.8444
1771171861411,ZEC,f2cf3b9d2391b6f8,844,41.1124
1771171868606,ZEC,d8db82f807a7aa31,845,205.52
1771171868606,ZEC,d8db82f807a7aa31,845,226.0566
1771172076274,vntl:DEFENSE,047585800437143c,846,48.9405
1771172076274,vntl:DEFENSE,047585800437143c,846,220.23225
1771172076274,vntl:DEFENSE,047585800437143c,846,105.21896
1771172130306,vntl:DEFENSE,047585800437143c,847,11.7504
1771172139167,vntl:DEFENSE,047585800437143c,848,49.76568
1771172151263,vntl:DEFENSE,047585800437143c,849,49.78152
1771174773295,vntl:DEFENSE,047585800437143c,850,14.71932
1771172658443,ZEC,9e7f42497ac7cd87,851,111.4426
1771172658443,ZEC,9e7f42497ac7cd87,851,879.78
1771172658443,ZEC,9e7f42497ac7cd87,851,4906.0725
1771172665836,ZEC,ca01d9373b2b3f60,852,4845.316
1771172665836,ZEC,ca01d9373b2b3f60,852,3454.9562
1771172691014,ZEC,3c9ca8a25714d37f,853,143.3789
1771172691014,ZEC,a1b32c6f31dd075a,854,8444.7246
1771172691014,ZEC,a1b32c6f31dd075a,854,79.002
1771172691014,ZEC,a1b32c6f31dd075a,854,728.574
1771172691014,ZEC,a1b32c6f31dd075a,854,219.45
1771172691014,ZEC,a1b32c6f31dd075a,854,4160.6298
1771172870691,FTT,57c1d15f8278992a,855,225.513364
1771173136013,ZEC,ad53b2795a1984a9,856,11.7064
1771173136013,ZEC,ad53b2795a1984a9,856,728.5989
1771173136013,ZEC,ad53b2795a1984a9,856,52.6644
1771173136013,ZEC,ad53b2795a1984a9,856,2624.0838
1771173136013,ZEC,ad53b2795a1984a9,856,605.5371
1771173136013,ZEC,ad53b2795a1984a9,856,643.566
1771173136013,ZEC,ad53b2795a1984a9,856,231.0987
1771173136013,ZEC,ad53b2795a1984a9,856,877.56
1771173136013,ZEC,ad53b2795a1984a9,856,10003.842
1771173136013,ZEC,ad53b2795a1984a9,856,833.625
1771173151107,PAXG,e4ee59c5ef1884c2,857,95.6935
1771173151107,ZEC,e4ee59c5ef1884c2,858,4614.1538
1771173151107,LIT,e4ee59c5ef1884c2,859,19.2264
1771173155400,ZEC,0ebe2c362f72ea5e,860,1959.8208
1771173155400,ZEC,bee62dfd1f37d760,861,2163.9688
1771173155400,ZEC,476fd732ab2ad5da,862,104.9904
1771173155400,ZEC,2247e86d2975268a,863,49.5788
1771173161167,PAXG,b61664240946886d,864,20.146
1771173161167,ZEC,b61664240946886d,865,873.93
1771173161167,LIT,b61664240946886d,866,11.2091
1771173535313,HYPE,19aede601a7499c7,867,11.14272
1771173535313,HYPE,19aede601a7499c7,867,298.37728
1771173535313,ZEC,19aede601a7499c7,868,763.075
1771173535313,ZEC,19aede601a7499c7,868,1022.2524
1771173535313,ZEC,19aede601a7499c7,868,1022.2173
1771173535313,ZEC,19aede601a7499c7,868,1022.2173
1771173535313,ZEC,19aede601a7499c7,868,1022.1822
1771173535313,ZEC,19aede601a7499c7,868,99.0148
1771173550924,ZEC,29bd4018c5c8ff6c,869,2979.7376
1771173550924,FTT,9a75f2cd2a49ae36,870,220.703
1771173811543,FTT,bce00623df717a21,871,444.317
1771173811543,FTT,bce00623df717a21,871,16.88554
1771173811543,FTT,bce00623df717a21,871,800.7928
1773558144222,xyz:BRENTOIL,344368459d8679ae,872,99.5424
1773558144222,xyz:BRENTOIL,344368459d8679ae,872,139.995
1773558360108,xyz:BRENTOIL,8b9d3a5b96f65402,873,35.2648
1773558399036,xyz:BRENTOIL,75434991be9cd298,874,48.7672
1773558399036,xyz:BRENTOIL,75434991be9cd298,874,99.6288
1773558399036,xyz:BRENTOIL,75434991be9cd298,874,944.671
1773558417509,xyz:BRENTOIL,33b02000498ac690,875,99.6672
1773558417509,xyz:BRENTOIL,33b02000498ac690,875,335.3709
1773558435098,xyz:BRENTOIL,e361e93be08dda04,876,728.5356
1773558435098,xyz:BRENTOIL,e361e93be08dda04,876,3781.0697
1773558450269,xyz:BRENTOIL,e43869432ca7209d,877,649.7254
1773560792102,BERA,77a98bf138a08310,878,78.742982
1773561328668,BERA,d479853d773cd95a,879,149.915053
1773561328668,BERA,d479853d773cd95a,879,512.0244
1773561328668,BERA,d479853d773cd95a,879,261.523372
1773561328668,BERA,d479853d773cd95a,879,196.171184
1773561328668,BERA,d479853d773cd95a,879,1289.479308
1773561328668,BERA,d479853d773cd95a,879,274.93884
1776290589994,ORDI,aaf03cfff3192443,880,145.769426
1776290589994,ORDI,3e45a5a77c75fde4,881,13.766731
1776290610346,kNEIRO,27a1e32918db5d9a,882,44.492904
1776290679646,xyz:COIN,6046e6014b20dbd2,883,478.4027
1776290679646,xyz:COIN,6046e6014b20dbd2,883,182.0053
1776290679646,xyz:COIN,6046e6014b20dbd2,883,501.2025
1776290679646,xyz:COIN,6046e6014b20dbd2,883,49.92878
1776290679646,xyz:COIN,6046e6014b20dbd2,883,3910.77632
1776290910646,xyz:SP500,d7a586229edcc611,884,119.3723
1776290910646,xyz:SP500,d7a586229edcc611,884,14.0438
1776290910646,xyz:SP500,d7a586229edcc611,884,63.1971
1776290910646,xyz:SP500,d7a586229edcc611,884,168.528
1776290910646,xyz:SP500,d7a586229edcc611,884,449.408
1776290910646,xyz:SP500,d7a586229edcc611,884,1067.344
1776290910646,xyz:SP500,d7a586229edcc611,884,154.484
1776290910646,xyz:SP500,d7a586229edcc611,884,49.154
1776290910646,xyz:SP500,d7a586229edcc611,884,14.0442
1776290910646,xyz:SP500,d7a586229edcc611,884,2857.9947
1776290910646,xyz:SP500,d7a586229edcc611,884,231.7293
1776290910646,xyz:SP500,c5839f8877d7ba80,885,772.431
1776290910646,xyz:SP500,c5839f8877d7ba80,885,1130.5742
1776290910646,xyz:SP500,c5839f8877d7ba80,885,13230.2016
1776290913674,xyz:SP500,0d4d86aefa09775e,886,14.0442
1776291243606,xyz:HOOD,daa6c4422b1abb5c,887,262.015974
1776291246709,xyz:HOOD,92c804ddbadeb2a5,888,15.71255
1776291255636,xyz:HOOD,db7545d4b0a5993f,889,300.075256
1776291255636,xyz:HOOD,db7545d4b0a5993f,889,3527.427183
1776291330631,xyz:HOOD,2606a49d641e69d9,890,3846.339044
1776291330631,xyz:HOOD,2606a49d641e69d9,890,59.4
1776291330631,xyz:HOOD,2606a49d641e69d9,890,192.96
1776291330631,xyz:HOOD,2606a49d641e69d9,890,15.03
1776291330631,xyz:HOOD,2606a49d641e69d9,890,47.16
1776291330631,xyz:HOOD,2606a49d641e69d9,890,11.070615
1776291330631,xyz:HOOD,2606a49d641e69d9,890,1887.947514
1776291330631,xyz:HOOD,2606a49d641e69d9,890,673.454582
1776291330631,xyz:HOOD,2606a49d641e69d9,890,5027.138424
1776291330631,xyz:HOOD,2606a49d641e69d9,890,20113.63893
1776291330631,xyz:HOOD,2606a49d641e69d9,890,195.738264
1776291330631,xyz:HOOD,2606a49d641e69d9,890,957.384687
1776291330631,xyz:HOOD,2606a49d641e69d9,890,958.687821
1776291330631,xyz:HOOD,2606a49d641e69d9,890,67.086505
1776291330631,xyz:HOOD,2606a49d641e69d9,890,294.203151
1776291330631,xyz:HOOD,2606a49d641e69d9,890,397.43478
1776291330631,xyz:HOOD,2606a49d641e69d9,890,44278.276989
1776291375693,xyz:HOOD,bb161c15352efc5e,891,54.4808
1776291378605,xyz:HOOD,befa47f8738cdced,892,224.33664
1776291378605,xyz:HOOD,befa47f8738cdced,892,2617.440205
1776291477626,kNEIRO,1c17c8317793f66f,893,29.467485
1776291477626,kNEIRO,7dcf2a44f5e2efdb,894,63.940115
1776291483590,kNEIRO,7ac8483360c06960,895,43.150722
1776291483590,kNEIRO,c14c0d31fce73bbf,896,13.73835
1776291483590,kNEIRO,d2df933282d36e70,897,64.131438
1776291507366,kNEIRO,f78b319af4935a96,898,932.91051
1776291762631,xyz:HOOD,c5107fd957d7bb4b,899,38.823213
1776291777667,xyz:HOOD,7ca5e08bb4c179f0,900,1100.998705
1776292015937,ORDI,de8440ca2187c49d,901,54.469844
1776292041649,xyz:HOOD,54a25ce2180d4362,902,278.263161
1776292041649,xyz:HOOD,54a25ce2180d4362,902,50.14051
1776292041649,xyz:HOOD,54a25ce2180d4362,902,266.072724
1776292041649,xyz:HOOD,54a25ce2180d4362,902,2841.767832
1776292041915,cash:HOOD,2ce2998a1d7b7636,903,50.106224
1776292041915,cash:HOOD,2ce2998a1d7b7636,903,50.108436
1776292041915,cash:HOOD,2ce2998a1d7b7636,903,50.111201
1776292041915,cash:HOOD,2ce2998a1d7b7636,903,50.113413
1776292041915,cash:HOOD,2ce2998a1d7b7636,903,367.752192
1776292041915,cash:HOOD,2ce2998a1d7b7636,903,50.116178
1776292041915,cash:HOOD,2ce2998a1d7b7636,903,50.11839
1776292041915,cash:HOOD,2ce2998a1d7b7636,903,50.121155
1776292041915,cash:HOOD,2ce2998a1d7b7636,903,50.123367
1776292041915,cash:HOOD,2ce2998a1d7b7636,903,50.126132
1776292041915,cash:HOOD,2ce2998a1d7b7636,903,50.128344
1776292041915,cash:HOOD,2ce2998a1d7b7636,903,50.131109
1776292041915,cash:HOOD,2ce2998a1d7b7636,903,50.133874
1776292041915,cash:HOOD,2ce2998a1d7b7636,903,865.721889
1776292041915,cash:HOOD,2ce2998a1d7b7636,903,50.136086
1776292041915,cash:HOOD,2ce2998a1d7b7636,903,50.138851
1776292041915,cash:HOOD,2ce2998a1d7b7636,903,50.141063
1776292041915,cash:HOOD,2ce2998a1d7b7636,903,50.143828
1776292041915,cash:HOOD,2ce2998a1d7b7636,903,50.14604
1776292041915,cash:HOOD,2ce2998a1d7b7636,903,12.967669
1776292050657,xyz:HOOD,6d991f8832f5bc0e,904,109.097126
1776292050657,xyz:HOOD,716f056fe3657daa,905,3200.30338
1776292113630,xyz:HOOD,66df4d8d542b5644,906,11.542649
1776292227627,xyz:HOOD,64d773cfcb5c028f,907,215.9024
1776292227627,xyz:HOOD,64d773cfcb5c028f,907,65.554825
1776292230594,xyz:HOOD,9f67fd2df945754b,908,17.328
1776292234409,cash:USA500,a0b66822c4bdd712,909,175.61
1776292234409,cash:TSLA,a0b66822c4bdd712,910,64.43396
1776292234409,cash:NVDA,a0b66822c4bdd712,911,60.67674
1776292234409,cash:HOOD,a0b66822c4bdd712,912,50.293824
1776292234409,cash:HOOD,a0b66822c4bdd712,912,26.058604
1776292234409,cash:GOLD,a0b66822c4bdd712,913,123.36257
1776292234409,cash:SILVER,a0b66822c4bdd712,914,59.47425
1776292239598,xyz:SP500,c1f62c5fb5af8e1b,915,4332.8208
1776292260603,xyz:SP500,12a4bcc1257f7927,916,751.4182
1776292281673,xyz:SP500,ae58595a66d734e1,917,14.046
1776292281673,xyz:SP500,ae58595a66d734e1,917,2282.475
1776292284651,xyz:XYZ100,c00b52fd7f22180d,918,1970.6912
1776292284651,xyz:XYZ100,c00b52fd7f22180d,918,482.1904
1776292284651,xyz:XYZ100,c00b52fd7f22180d,918,149.3742
1776292284651,xyz:XYZ100,c00b52fd7f22180d,918,450.7432
1776292284651,xyz:XYZ100,c00b52fd7f22180d,918,450.7432
1776292284651,xyz:XYZ100,c00b52fd7f22180d,918,83.8592
1776292284651,xyz:XYZ100,c00b52fd7f22180d,918,1050.8606
1776292284651,xyz:XYZ100,c00b52fd7f22180d,918,81.2386
1776292284651,xyz:XYZ100,c00b52fd7f22180d,918,880.5216
1776292284651,xyz:XYZ100,8c9c4c6e2705a810,919,5186.1674
1776292284651,xyz:XYZ100,8c9c4c6e2705a810,919,1040.3782
1776292284651,xyz:XYZ100,8c9c4c6e2705a810,919,7751.7348
1776292284651,xyz:XYZ100,8c9c4c6e2705a810,919,1417.7446
1776292284651,xyz:SP500,b541de70bcc878c3,920,245.8295
1776292293600,xyz:HIMS,24002991eb0edd7b,921,113.3776
1776292311613,xyz:SP500,f567f44309135a3c,922,3539.7936
1776292311613,xyz:SP500,f567f44309135a3c,922,63.2106
1776292311613,xyz:SP500,f567f44309135a3c,922,28.094
1776292311613,xyz:SP500,f567f44309135a3c,922,1067.572
1776292311613,xyz:SP500,f567f44309135a3c,922,6581.1132
1776292311613,xyz:SP500,2715ae45cb118ca0,923,3420.4932
1776292311613,xyz:SP500,2715ae45cb118ca0,923,49.1659
1776292311613,xyz:SP500,2715ae45cb118ca0,923,379.2906
1776292311613,xyz:SP500,3e6d6d3a3e5e7f65,924,217.7409
1776292311613,xyz:SP500,3e6d6d3a3e5e7f65,924,498.6969
1776292311613,xyz:SP500,f01011d73c9dba06,925,1671.6882
1776292311613,xyz:SP500,ac321054f981e9f2,926,667.2705
1776292326590,xyz:HIMS,64e9d24cc302dad8,927,58.32
1776292326590,xyz:HIMS,b7ab9edb94f37105,928,274.86
1776292326590,xyz:HIMS,7c3c38914d4f939c,929,422.28
1776292401598,xyz:HIMS,ba5df70733006a64,930,18.23271
1776292401598,xyz:HIMS,ba5df70733006a64,930,1080.18495
1776292545737,xyz:XYZ100,52927a41f1cabcdb,931,5357.5284
1776292545737,xyz:SP500,bc2a0e2dbe7f8378,932,63.2142
1776292545737,xyz:SP500,bc2a0e2dbe7f8378,932,63.2151
1776292545737,xyz:SP500,bc2a0e2dbe7f8378,932,758.592
1776292545737,xyz:SP500,bc2a0e2dbe7f8378,932,597.04
1776292545737,xyz:SP500,bc2a0e2dbe7f8378,932,168.576
1776292545737,xyz:SP500,bc2a0e2dbe7f8378,932,63.216
1776292545737,xyz:SP500,bc2a0e2dbe7f8378,932,449.536
1776292545737,xyz:SP500,bc2a0e2dbe7f8378,932,287.984
1776292545737,xyz:SP500,bc2a0e2dbe7f8378,932,196.6748
1776292545737,xyz:SP500,bc2a0e2dbe7f8378,932,597.0655
1776292545737,xyz:SP500,bc2a0e2dbe7f8378,932,3779.1272
1776292545737,xyz:SP500,5429b4e880e9c7ab,933,330.1468
1776292548598,xyz:SP500,ebf99bb430c0d6b7,934,330.1656
1776292569641,xyz:PLTR,9eb8adf70a7571e6,935,24.882
1776292569641,xyz:PLTR,9eb8adf70a7571e6,935,3.861
1776292683617,xyz:SP500,e0a7b0b79365cdb3,936,934.2851
1776292683617,xyz:SP500,e0a7b0b79365cdb3,936,2859.1343
1776292701624,xyz:XYZ100,ff5de4cffb295ab3,937,985.5336
1776292701624,xyz:XYZ100,ff5de4cffb295ab3,937,1169.0106
1776292701624,xyz:XYZ100,6a8b5ea2ade4bd0e,938,28.8321
1776292737243,vntl:MAG7,1e0a415abfaef750,939,26.291202
1776292746633,xyz:SP500,d6882fda9eae008a,940,35.132
1776292749785,xyz:SP500,599409f2e98def75,941,5431.0207
1776292749785,xyz:SP500,03d8afe5d086a56a,942,1004.7037
1776292760111,BTC,de559d30687e8e0d,943,2913.19847
1776292762699,hyna:BTC,13475cb41a425db1,944,61.77798
1776292763364,BTC,5bdf19b7e7f54e8c,945,2324.74552
1776292763364,TRUMP,02df27704da2a132,946,25.81
1776292763364,BTC,02a4794e25d38be6,947,461.78516
1776292763364,BTC,d076c541a4da7d60,948,1156.3462
1776292763364,BTC,0a22f0027dbcfb4f,949,3430.61928
1776292763364,BTC,0a22f0027dbcfb4f,949,769.89304
1776292763364,BTC,1640e0c646bde63b,950,247.84228
1776292763364,BTC,63b3753b594775eb,951,6448.4192
1776292763364,BTC,b237fc6f348d16b6,952,1988.01148
1776292763364,BTC,a963bed6486dbcd6,953,27147.39284
1776292763364,BTC,31d6133db75bf2c8,954,30.88612
1776292763364,BTC,ea6c031540219f41,955,4403.1554
1776292763364,BTC,cc7023be6ccf1479,956,64.78552
1776292763364,BTC,c98b3df7ad1315fd,957,15907.85844
1776292763364,BTC,b31ccf450c6b5eb4,958,655.3884
1776292763364,BTC,88d95a21dc0094cc,959,466.30508
1776292766139,BTC,ded77315df98787c,960,4408.5015
1776292766139,BTC,ce9adc86640e4837,961,183.87596
1776292766139,BTC,c39f4389d51d5481,962,127.35671
1776292766139,BTC,2e8ad2af0d9af413,963,158.2539
1776292766139,BTC,c36992d0d8e1fdad,964,7648.18491
1776292766139,BTC,a2a22092302de5ea,965,16.57898
1776292766139,BTC,704c978bd09619b0,966,654.11612
1776292766139,BTC,943faaa1934078e6,967,872.65722
1776292769083,BTC,f32ec07719c964a0,968,4723.4379
1776292769083,TRUMP,a52374168a4e43d7,969,59.22528
1776292769083,BTC,068fed479a5b4ca4,970,269.0709
1776292769083,BTC,a2a7089bbf41e6bd,971,1055.9337
1776292769083,BTC,a1d6261302c5b903,972,33.9165
1776292769083,BTC,ede731215cff4c6d,973,529.0974
1776292769083,BTC,7940f17fe11150af,974,249.4747
1776292769083,BTC,3773fc6fbd446162,975,23.3647
1776292769083,BTC,3773fc6fbd446162,975,1763.658
1776292769083,TRUMP,cb40a5dc3ba9d583,976,33.3868
1776292769083,BTC,e48800de219e0a33,977,1003.1747
1776292769083,BTC,f0b962e23c846915,978,80.6459
1776292769083,BTC,575ce6595b3b6ecf,979,452.9737
1776292769083,BTC,a6411234a6ea4ec0,980,64.0645
1776292769083,BTC,63958d0bad876348,981,88.9366
1776292769083,BTC,29cd2a5a43d642a7,982,386.6481
1776292769083,BTC,568a6591c33b4eb2,983,1758.3821
1776292769083,BTC,93b338c3734c06b1,984,27.8869
1776292772127,BTC,bd48297cf4b7fc96,985,902.538
1776292772127,BTC,31b27d24639f35f7,986,3651.622
1776292772127,BTC,09553a5d9fc2ec13,987,271.44
1776292772127,BTC,d19925e5be8a961c,988,18169.892
1776292772127,BTC,d91e92d98143f306,989,62514.894
1784562365167,BTC,d91e92d98143f306,990,30456.573
1776292772127,BTC,aa2f1c245f74cf05,991,1291.602
1776292788698,xyz:MSTR,caa053f72bd1ad38,992,262.55728
1776292788698,xyz:MSTR,b032ac49a4d33c1e,993,313.7386
1776292791597,xyz:MSTR,a13c8c122e4e798c,994,13.0077
1776292794702,xyz:MSTR,d9e6950f2f7ba44b,995,170.26812
1776292794702,xyz:MSTR,d9e6950f2f7ba44b,995,667.71054
1776292926051,TRUMP,10caacc0af8fe516,996,1096.864
1776292926051,TRUMP,10caacc0af8fe516,996,355.97275
1776293664667,xyz:CL,6139a0449c0e6f55,997,156.0259
1778843569345,SUI,9e48c4c992c16bbb,998,69.18931
1778843569345,SUI,9e48c4c992c16bbb,998,10.60978
1778844718267,xyz:BIRD,9594535f600b77bf,999,51.5352
1778844718267,xyz:BIRD,f9ec19b2f8402656,1000,228.47272
1778844718267,xyz:BIRD,f9ec19b2f8402656,1000,23.61975
1778844718267,xyz:BIRD,f9ec19b2f8402656,1000,48.81138
1778844718267,xyz:BIRD,f9ec19b2f8402656,1000,115.5222
1778844718267,xyz:BIRD,f9ec19b2f8402656,1000,11385.14205
1778845443442,MON,8d9632da947b01cf,1001,438.872
1778845443442,PYTH,892ba5403469d407,1002,135.167463
1778845449237,MON,7c900763a389058a,1003,52.141232
1778845489613,MON,148caa8b9259aa58,1004,547.248
1778845489613,MON,148caa8b9259aa58,1004,514.254475
1778845489613,MON,148caa8b9259aa58,1004,547.1895
1778845489613,MON,148caa8b9259aa58,1004,59.99228
1778845489613,MON,148caa8b9259aa58,1004,88.55736
1778845489613,MON,148caa8b9259aa58,1004,59.988004
1778845489613,MON,148caa8b9259aa58,1004,1819.002035
1778845556324,PYTH,503b2fc96b8dceff,1005,70.388127
1778845952203,SAGA,5f732a7355efb760,1006,110.111976
1778845952203,SAGA,5f732a7355efb760,1006,108.99018
1778845952203,SAGA,5f732a7355efb760,1006,189.05562
1778845952203,SAGA,820888474b646004,1007,55.605888
1778845964280,SAGA,f8196db2b742b8b3,1008,36.711324
1781499992484,xyz:SNDK,f7768a2fbc0e2aaa,1009,152.0225
1781499992484,xyz:SNDK,f7768a2fbc0e2aaa,1009,152.0298
1781499992484,xyz:SNDK,f7768a2fbc0e2aaa,1009,156.2025
1781499992484,xyz:SNDK,f7768a2fbc0e2aaa,1009,204.1144
1781499992484,xyz:SNDK,f7768a2fbc0e2aaa,1009,508.2032
1781499992484,xyz:SNDK,f7768a2fbc0e2aaa,1009,1647.5739
1781499998524,xyz:SNDK,a395d1fd0f1a5baf,1010,141.61
1781499998524,xyz:SNDK,a395d1fd0f1a5baf,1010,268.6425
1781499998524,xyz:SNDK,a395d1fd0f1a5baf,1010,152.0371
1781499998524,xyz:SNDK,a395d1fd0f1a5baf,1010,268.6683
1781499998524,xyz:SNDK,a395d1fd0f1a5baf,1010,154.1198
1781499998524,xyz:SNDK,a395d1fd0f1a5baf,1010,106.2228
1781500286502,xyz:XYZ100,be3291c82781b9e8,1011,190.5309
1781500466513,xyz:XYZ100,e93c61f9f358a5a3,1012,15.123
1781500565256,FARTCOIN,0366589c7f448864,1013,40.087872
1781500583540,xyz:SNDK,cd6e8d2a2885d716,1014,49.9968
1781500814502,xyz:SNDK,b850db7608948a4a,1015,2065.4422
1781500814502,xyz:SNDK,be92fb2ca8674a33,1016,1636.097
1781500814502,xyz:SNDK,be92fb2ca8674a33,1016,2111.2946
1781500914826,ZEC,4e19d789e77315d7,1017,14.7858
1781500914826,ZEC,db6ab1cfed2097f1,1018,88.7148
1781500914826,ZEC,cb61d6f592a29ef5,1019,9.8572
1781500914826,ZEC,cb61d6f592a29ef5,1019,1651.148
1781500914826,ZEC,befb891ee5a3328b,1020,64.0744
1781500914826,ZEC,919db049323b261e,1021,39.4304
1781500916421,ZEC,1df2b361b2eb5b46,1022,585.6942
1781500916421,ZEC,1df2b361b2eb5b46,1022,334.6892
1781500916421,ZEC,8cc61eb78fee4cd5,1023,14.7657
1781500961467,xyz:SNDK,4d0257620256bc18,1024,43.785
1781500961467,xyz:SNDK,678d956fda641ba4,1025,754.77
1781500961467,xyz:SNDK,678d956fda641ba4,1025,1584.6
1781500961467,xyz:SNDK,678d956fda641ba4,1025,97.9997
1781500961467,xyz:SNDK,678d956fda641ba4,1025,77.1524
1781500985302,FARTCOIN,5e51f1c8a8f64ef7,1026,19.06605
1781501204784,BABY,8bf31b0808a96374,1027,214.93488
1781501223998,APT,4f6d3b3e60ce5dae,1028,49.997376
1781501223998,APT,4f6d3b3e60ce5dae,1028,343.25
1781501223998,APT,4f6d3b3e60ce5dae,1028,27.425675
1781501270340,FARTCOIN,117bda0fadbe0a80,1029,20.3181
1781501270340,FARTCOIN,117bda0fadbe0a80,1029,18.709656
1781501273345,APT,74166184c333073e,1030,28.026576
1781501273345,APT,b15047e9aaba75fa,1031,31.168908
1781501273345,WIF,b308ddf3bd108f1d,1032,49.91506
1781501273345,WIF,b308ddf3bd108f1d,1032,14.86745
1781501273345,WIF,b308ddf3bd108f1d,1032,6.18122
1781501289759,W,9d47731462fb3b39,1033,14.04936
1781501316151,BABY,f8a165466f46456c,1034,112.542987
1781501316151,BABY,f8a165466f46456c,1034,282.115548
1781501316151,BABY,f8a165466f46456c,1034,299.834538
1781501316151,BABY,f8a165466f46456c,1034,298.17294
1781501348026,FET,3dcee800b2f01a52,1035,33.8754
1781501356834,FET,094ed868602ec5cb,1036,61.9248
1781501356834,FET,094ed868602ec5cb,1036,218.62392
1781501356834,FET,094ed868602ec5cb,1036,233.83632
1781501356834,FET,094ed868602ec5cb,1036,388.16924
1781501360054,WLD,22b531cb19be2d23,1037,1095.757014
1781501360054,WLD,6443bb73acb3f240,1038,55.798518
1781501360054,WLD,473d38a5e85d28e7,1039,25.539018
1781501360054,WLD,b57d93e0182d4b2e,1040,0.121038
1781501360054,FET,5450181ad64aea87,1041,13.0638
1781501360054,FET,d196a1192dc90cbb,1042,13.0638
1781501360054,FET,72a3d561c75fb488,1043,44.63465
1781501360054,FET,218b241162932228,1044,65.53673
1781501360054,FET,de511ae574987df4,1045,4.3546
1781501360054,FET,de511ae574987df4,1045,51.1783
1781501360054,WLD,ca058dcea0765c0a,1046,13.798332
1781501360054,EIGEN,876af26838331eac,1047,19.455933
1781501360054,FET,b0e4d35ee64f75f5,1048,13.0668
1781501360054,WLD,b568b2bc38b03f9b,1049,97.072476
1781501360054,WLD,1348a2fe4b651116,1050,97.254033
1781501360054,WLD,0506a9d0add2ee0e,1051,605.432076
1781501360054,BTC,a6e42818ef0ff402,1052,21410.30745
1781501360054,DOGE,a6e42818ef0ff402,1053,0.08891
1781501360054,kPEPE,a6e42818ef0ff402,1054,0.008793
1781501360054,WLD,a6e42818ef0ff402,1055,17212.450866
1781501360054,WLD,a6e42818ef0ff402,1055,225.01336
1781501360054,WLD,a6e42818ef0ff402,1055,21992.3628
1781501360054,TAO,a6e42818ef0ff402,1056,0.27714
1781501360054,HYPE,a6e42818ef0ff402,1057,20408.535
1781501360054,HYPE,a6e42818ef0ff402,1057,599.89984
1781501360054,HYPE,a6e42818ef0ff402,1057,1579.43392
1781501360054,HYPE,a6e42818ef0ff402,1057,789.06912
1781501360054,FARTCOIN,a6e42818ef0ff402,1058,0.01309
1781501360054,TRUMP,a6e42818ef0ff402,1059,1067.57404
1781501360054,TRUMP,a6e42818ef0ff402,1059,1077.03042
1781501360054,TRUMP,a6e42818ef0ff402,1059,1082.01582
1781501360054,TRUMP,a6e42818ef0ff402,1059,1086.79885
1781501360054,TRUMP,a6e42818ef0ff402,1059,49.82075
1781501360054,TRUMP,a6e42818ef0ff402,1059,1091.63648
1781501360054,TRUMP,a6e42818ef0ff402,1059,1202.52681
1781501360054,TRUMP,a6e42818ef0ff402,1059,1096.42158
1781501360054,TRUMP,a6e42818ef0ff402,1059,1101.2076
1781501360054,TRUMP,a6e42818ef0ff402,1059,299.0127
1781501360054,TRUMP,a6e42818ef0ff402,1059,1105.99454
1781501360054,TRUMP,a6e42818ef0ff402,1059,312.65654
1781501360054,TRUMP,a6e42818ef0ff402,1059,1110.7824
1781501360054,TRUMP,a6e42818ef0ff402,1059,381.45
1781501360054,TRUMP,a6e42818ef0ff402,1059,383.07752
1781501360054,TRUMP,a6e42818ef0ff402,1059,320.24604
1781501360054,TRUMP,a6e42818ef0ff402,1059,1115.82948
1781501360054,TRUMP,a6e42818ef0ff402,1059,152.80597
1781501360054,TRUMP,a6e42818ef0ff402,1059,322.31232
1781501360054,TRUMP,a6e42818ef0ff402,1059,1120.61943
1781501360054,TRUMP,a6e42818ef0ff402,1059,22228.63713
1781501360054,TRUMP,a6e42818ef0ff402,1059,221.6115
1781501360054,TRUMP,a6e42818ef0ff402,1059,1125.4103
1781501360054,TRUMP,a6e42818ef0ff402,1059,862.27187
1781501360054,TRUMP,a6e42818ef0ff402,1059,795.92761
1781501360054,TRUMP,a6e42818ef0ff402,1059,8002.81344
1781501360054,TRUMP,a6e42818ef0ff402,1059,614.42688
1781501360054,TRUMP,a6e42818ef0ff402,1059,817.37648
1781501360054,MELANIA,a6e42818ef0ff402,1060,341.541084
1781501360054,MELANIA,a6e42818ef0ff402,1060,330.825528
1781501360054,MELANIA,a6e42818ef0ff402,1060,406.25
1781501360054,MELANIA,a6e42818ef0ff402,1060,760.943018
1781501360054,MELANIA,a6e42818ef0ff402,1060,663.699176
1781501360054,MELANIA,a6e42818ef0ff402,1060,698.247459
1781501360054,MELANIA,a6e42818ef0ff402,1060,697.924385
1781501360054,MELANIA,a6e42818ef0ff402,1060,703.6213
1781501360054,MELANIA,a6e42818ef0ff402,1060,350.212712
1781501360054,MELANIA,a6e42818ef0ff402,1060,1762.426316
1781501360054,MELANIA,a6e42818ef0ff402,1060,49.99771
1781501360054,MELANIA,a6e42818ef0ff402,1060,630.45476
1781501360054,MELANIA,a6e42818ef0ff402,1060,654.768116
1781501360054,MELANIA,a6e42818ef0ff402,1060,1816.914294
1781501360054,MELANIA,a6e42818ef0ff402,1060,1763.509686
1781501360054,MELANIA,a6e42818ef0ff402,1060,58.885665
1781501360054,MELANIA,a6e42818ef0ff402,1060,350.233961
1781501360054,MELANIA,a6e42818ef0ff402,1060,58.206164
1781501360054,MELANIA,a6e42818ef0ff402,1060,1646.371768
1781501360054,WLFI,a6e42818ef0ff402,1061,12.1198
1781501360054,WLFI,a6e42818ef0ff402,1061,1000.4454
1781501360054,WLFI,a6e42818ef0ff402,1061,341.062428
1781501360054,WLFI,a6e42818ef0ff402,1061,410.598875
1781501360054,WLFI,a6e42818ef0ff402,1061,334.043754
1781501360054,WLFI,a6e42818ef0ff402,1061,296.038776
1781501360054,WLFI,a6e42818ef0ff402,1061,1815.81219
1781501360054,WLFI,a6e42818ef0ff402,1061,1045.807373
1781501360054,WLFI,a6e42818ef0ff402,1061,3024.377895
1781501360054,WLFI,a6e42818ef0ff402,1061,4396.985072
1781501360054,WLFI,a6e42818ef0ff402,1061,723.364599
1781501360054,WLFI,a6e42818ef0ff402,1061,713.421443
1781501360054,WLFI,a6e42818ef0ff402,1061,2500.86624
1781501360054,WLFI,a6e42818ef0ff402,1061,4052.939826
1781501360054,WLFI,a6e42818ef0ff402,1061,241.375992
1781501360054,WLFI,a6e42818ef0ff402,1061,1045.979883
1781501360054,WLFI,a6e42818ef0ff402,1061,1816.4712
1781501360054,WLFI,a6e42818ef0ff402,1061,1050.97785
1781501360054,WLFI,a6e42818ef0ff402,1061,2501.424315
1781501360054,WLFI,a6e42818ef0ff402,1061,445.663548
1781501360054,WLFI,a6e42818ef0ff402,1061,4052.954766
1781501360054,WLFI,a6e42818ef0ff402,1061,708.984606
1781501360054,WLFI,a6e42818ef0ff402,1061,1051.7577
1781501360054,WLFI,a6e42818ef0ff402,1061,2501.434023
1781501360054,WLFI,a6e42818ef0ff402,1061,1817.13021
1781501360054,WLFI,a6e42818ef0ff402,1061,3026.22364
1781501360054,WLFI,a6e42818ef0ff402,1061,1052.477085
1781501360054,WLFI,a6e42818ef0ff402,1061,726.293352
1781501360054,WLFI,a6e42818ef0ff402,1061,754.503042
1781501360054,WLFI,a6e42818ef0ff402,1061,1052.650575
1781501360054,WLFI,a6e42818ef0ff402,1061,1783.539738
1781501360054,WLFI,a6e42818ef0ff402,1061,2127.734748
1781501360054,WLFI,a6e42818ef0ff402,1061,189.500517
1781501360054,WLFI,a6e42818ef0ff402,1061,439.38388
1781501360054,WLFI,a6e42818ef0ff402,1061,1054.58393
1781501360054,WLFI,a6e42818ef0ff402,1061,4052.969095
1781501360054,WLFI,a6e42818ef0ff402,1061,1817.879085
1781501360054,WLFI,a6e42818ef0ff402,1061,131.023233
1781501360054,WLFI,a6e42818ef0ff402,1061,1056.743234
1781501360054,WLFI,a6e42818ef0ff402,1061,247.39282
1781501360054,WLFI,a6e42818ef0ff402,1061,2501.06109
1781501360054,WLFI,a6e42818ef0ff402,1061,9785.953479
1781501360054,WLFI,a6e42818ef0ff402,1061,10158.6306
1781501360054,WLFI,a6e42818ef0ff402,1061,8993.312
1781501360054,ZEC,a6e42818ef0ff402,1062,406.9324
1781501360054,ZEC,a6e42818ef0ff402,1062,196.116
1781501360054,ZEC,a6e42818ef0ff402,1062,1024.727
1781501360054,ZEC,a6e42818ef0ff402,1062,617.9796
1781501360054,ZEC,a6e42818ef0ff402,1062,441.477
1781501360054,ZEC,a6e42818ef0ff402,1062,927.1206
1781501360054,ZEC,a6e42818ef0ff402,1062,1000.7016
1781501360054,ZEC,a6e42818ef0ff402,1062,156.9792
1781501360054,ZEC,a6e42818ef0ff402,1062,8707.6175
1781501360054,ZEC,a6e42818ef0ff402,1062,161.8914
1781501360054,ZEC,a6e42818ef0ff402,1062,2933.788
1781501360054,ZEC,a6e42818ef0ff402,1062,6686.878
1781501360054,MON,a6e42818ef0ff402,1063,50.05202
1781501360054,MON,a6e42818ef0ff402,1063,54.559588
1781501360054,MON,a6e42818ef0ff402,1063,164.517
1781501360054,MON,a6e42818ef0ff402,1063,172.11355
1781501360054,MON,a6e42818ef0ff402,1063,224.86
1781501360054,MON,a6e42818ef0ff402,1063,494.624052
1781501360054,MON,a6e42818ef0ff402,1063,224.87
1781501360054,MON,a6e42818ef0ff402,1063,138.182615
1781501360054,MON,a6e42818ef0ff402,1063,1028.960928
1781501360054,MON,a6e42818ef0ff402,1063,224.89
1781501360054,MON,a6e42818ef0ff402,1063,224.9
1781501360054,MON,a6e42818ef0ff402,1063,630.12482
1781501360054,MON,a6e42818ef0ff402,1063,693.38919
1781501360054,MON,a6e42818ef0ff402,1063,526.491819
1781501360054,MON,a6e42818ef0ff402,1063,224.93
1781501360054,MON,a6e42818ef0ff402,1063,1054.451238
1781501360054,MON,a6e42818ef0ff402,1063,527.236866
1781501360054,MON,a6e42818ef0ff402,1063,95.509524
1781501360054,MON,a6e42818ef0ff402,1063,615.725264
1781501360054,MON,a6e42818ef0ff402,1063,1544.196366
1781501360054,MON,a6e42818ef0ff402,1063,49.997222
1781501360054,MON,a6e42818ef0ff402,1063,612.436934
1781501360054,MON,a6e42818ef0ff402,1063,302.786912
1781501360054,MON,a6e42818ef0ff402,1063,95.349448
1781501360054,MON,a6e42818ef0ff402,1063,100.01222
1781501360054,MON,a6e42818ef0ff402,1063,1582.531896
1781501360054,MON,a6e42818ef0ff402,1063,614.913747
1781501360054,MON,a6e42818ef0ff402,1063,100.003044
1781501360054,MON,a6e42818ef0ff402,1063,100.025552
1781501360054,MON,a6e42818ef0ff402,1063,105.00915
1781501360054,MON,a6e42818ef0ff402,1063,3132.91929
1781501360054,CC,a6e42818ef0ff402,1064,150.16644
1781501360054,CC,a6e42818ef0ff402,1064,160.96272
1781501360054,CC,a6e42818ef0ff402,1064,20.93824
1781501360054,CC,a6e42818ef0ff402,1064,10.63335
1781501360054,CC,a6e42818ef0ff402,1064,10.634
1781501360054,CC,a6e42818ef0ff402,1064,209.26998
1781501360054,CC,a6e42818ef0ff402,1064,665.0736
1781501360054,CC,a6e42818ef0ff402,1064,436.45455
1781501368837,FET,503e2b47bccdfab4,1065,13.0686
1781501377913,FET,4c486be2260578a2,1066,66.8646
1781501377913,FET,45cdf42f9399f6df,1067,13.068
1781501405644,kPEPE,c56d68dfb2920b85,1068,49.998851
1781501405644,kPEPE,c56d68dfb2920b85,1068,78.270038
1781501405644,FET,3991f25467e1a8c5,1069,13.0836
1781501417876,BABY,eccf73f89790561e,1070,32.009376
1781501417876,BABY,d14796c092e2422f,1071,203.54586
1781501462532,BABY,bd079b7caf32b943,1072,28.047968
1781501494069,BABY,b2f5c84c70c36777,1073,28.395704
1781502503709,ENA,69c91d53f252441a,1074,792.630204
1781502547258,SUI,b6a6d66247b58b98,1075,420.582144
1781503133442,CHIP,9de2233b18a547b4,1076,49.993902
1781503133442,CHIP,9de2233b18a547b4,1076,137.794818
1781503136489,CHIP,fb321aa98d5eb6ba,1077,33.950532
1781503136489,CHIP,9ee24b00df3e1df1,1078,23.539593
1781503143173,CHIP,f7287eb82a3a3274,1079,13.733688
1781503185037,CHIP,9439c0be5339c92b,1080,17.101728
1784138455721,xyz:SPCX,f7494288002ec0d7,1081,1998.976
1784138467716,xyz:EWY,e5e4a9479621c746,1082,47.54912
1784138470653,xyz:SKHY,953ec339111e252c,1083,704.96
1784138494771,xyz:SPCX,262f8820fca2a763,1084,19.0218
1784138578637,xyz:SNDK,61a63596366485d8,1085,21.138
1784138611721,xyz:SPCX,86103bd4d7245a46,1086,10.8784
1784138611721,xyz:SPCX,86103bd4d7245a46,1086,122.4
1784138629783,xyz:SPCX,14edbb1ffcde356b,1087,250.4424
1784138638697,xyz:SPCX,eb46451c9396628f,1088,4231.542
1784138638697,xyz:SPCX,eb46451c9396628f,1088,27230.0
1784138638697,xyz:SPCX,eb46451c9396628f,1088,4187.974
1784138638697,xyz:SPCX,eb46451c9396628f,1088,27230.0
1784138638697,xyz:SPCX,eb46451c9396628f,1088,5011.6815
1784138638697,xyz:SPCX,eb46451c9396628f,1088,185.164
1784138638697,xyz:SPCX,eb46451c9396628f,1088,1500.373
1784138638697,xyz:SPCX,eb46451c9396628f,1088,2491.545
1784138740685,xyz:EWY,fff2609bb833b99f,1089,500.06131
1784138740685,xyz:EWY,fff2609bb833b99f,1089,60.8612
1784138929690,xyz:SKHY,89279cd45db0a081,1090,26.931
1784138974639,xyz:SILVER,a78e4d088705571c,1091,61841.60016
1784139248616,LDO,5d0454573b37cde3,1092,43.653816
1784139251632,LDO,33d1f5fd4260df2c,1093,17.479987
1784139304697,xyz:PLATINUM,2a50ef549b16a0cb,1094,1.6674
1784139442465,PUMP,17ea40b4a3d1487f,1095,185.981129
1784139679138,LDO,feb6541945e48939,1096,277.727266
1784139689827,LDO,d576293a07d0115a,1097,500.010552
1784139689827,LDO,d576293a07d0115a,1097,413.527465
1784139689827,LDO,d576293a07d0115a,1097,49.996128
1784139689827,LDO,d576293a07d0115a,1097,500.010926
1784139689827,LDO,d576293a07d0115a,1097,677.023865
1784139689827,LDO,d576293a07d0115a,1097,500.003928
1784139689827,LDO,d576293a07d0115a,1097,238.707603
1784139712693,xyz:SNDK,19b49bbf5829e832,1098,32425.8659
1784139712693,xyz:SNDK,19b49bbf5829e832,1098,25950.1821
1784139868643,xyz:SKHY,749ece8247e7fb85,1099,5413.8
1784139931780,xyz:SNDK,3b5daef3966247ae,1100,29.6478
1784139931780,xyz:SNDK,b7be6d13dd25ac24,1101,2073.6989
1784139976645,xyz:COIN,8b2c32f5835018ae,1102,14.39984
1784139985673,xyz:SNDK,e75d4f044d859909,1103,1.6483
1784140015755,xyz:COIN,0635e72c6deb96fb,1104,20.94375
1784140015755,xyz:COIN,0635e72c6deb96fb,1104,1000.6086
1784140015755,xyz:COIN,0635e72c6deb96fb,1104,1297.7268
1784140015755,xyz:COIN,0635e72c6deb96fb,1104,1857.95685
1784140055575,ETHFI,84e66dc430febfb4,1105,13.133934
1784140090672,xyz:SNDK,cb565ff38e86f389,1106,616.8382
1784140102720,xyz:BE,da9e7961f146a70a,1107,227.0112
1784140111677,xyz:PLATINUM,ef9bb1f2fc14aac1,1108,499.99194
1784140111677,xyz:PLATINUM,ef9bb1f2fc14aac1,1108,1977.7856
1784140111677,xyz:PLATINUM,a94c49f16f5ceafe,1109,26.66112
1784140216694,xyz:KR200,b33772e8101cd8a1,1110,145.8421
1784140216694,xyz:KR200,b33772e8101cd8a1,1110,52.47216
1784140234695,xyz:PLATINUM,a19af88339ad9d99,1111,0.16819
1784140309765,xyz:HIMS,5b07036531d349f3,1112,644.53464
1784140309765,xyz:HIMS,5b07036531d349f3,1112,10534.90886
1784140309765,xyz:HIMS,5b07036531d349f3,1112,189.58758
1784140309765,xyz:HIMS,5b07036531d349f3,1112,189.58758
1784140309765,xyz:HIMS,5b07036531d349f3,1112,189.61293
1784140309765,xyz:HIMS,5b07036531d349f3,1112,189.61293
1784140309765,xyz:HIMS,5b07036531d349f3,1112,7013.25184
1784140309765,xyz:HIMS,5b07036531d349f3,1112,9269.32347
1784140309765,xyz:HIMS,5b07036531d349f3,1112,941.78589
1784140309765,xyz:HIMS,5b07036531d349f3,1112,11207.51478
1784140309765,xyz:HIMS,5b07036531d349f3,1112,29541.7162
1784140309765,xyz:HIMS,5b07036531d349f3,1112,4999.8464
1784140309765,xyz:HIMS,5b07036531d349f3,1112,29.9424
1784140309765,xyz:HIMS,5b07036531d349f3,1112,2005.07153
1784140309765,xyz:HIMS,5b07036531d349f3,1112,1002.7497
1784140309765,xyz:HIMS,5b07036531d349f3,1112,3904.94916
1784140885786,CASHCAT,c95eeadf14c797cc,1113,34.4253
1784140885786,CASHCAT,592889e71ffd179d,1114,32.9994
1784140885786,CASHCAT,592889e71ffd179d,1114,1.22208
1784140885786,CASHCAT,eaab8d056076e2a3,1115,202.45792
1784140885786,CASHCAT,eaab8d056076e2a3,1115,203.66
1784140885786,CASHCAT,eaab8d056076e2a3,1115,211.7856
1784140885786,CASHCAT,eaab8d056076e2a3,1115,115.0566
1784140885786,CASHCAT,eaab8d056076e2a3,1115,99.9676
1784140885786,CASHCAT,eaab8d056076e2a3,1115,99.9676
1784140885786,CASHCAT,eaab8d056076e2a3,1115,99.9676
1784140885786,CASHCAT,eaab8d056076e2a3,1115,99.9676
1784140885786,CASHCAT,eaab8d056076e2a3,1115,99.9676
1784140885786,CASHCAT,eaab8d056076e2a3,1115,99.9676
1784140885786,CASHCAT,eaab8d056076e2a3,1115,99.9676
1784140885786,CASHCAT,eaab8d056076e2a3,1115,99.9676
1784140885786,CASHCAT,eaab8d056076e2a3,1115,10.9944
1784140885786,CASHCAT,eaab8d056076e2a3,1115,10.9944
1784140885786,CASHCAT,eaab8d056076e2a3,1115,276.1834
1784140885786,CASHCAT,dc35cbae8d576adc,1116,8.3476
1784140885786,CASHCAT,5b9566e30b4990d8,1117,121.651
1784140885786,CASHCAT,8d9f45258debeb08,1118,10.5872
1784140885786,CASHCAT,b6a01a84b2cc3630,1119,39.0912
1784140885786,CASHCAT,7119ff04d26a7f0d,1120,37.4624
1784140885786,CASHCAT,b99f1f99ac682c5e,1121,6.617
1784140885786,CASHCAT,b99f1f99ac682c5e,1121,4.4792
1784140885786,CASHCAT,b9c1483dbbf73f99,1122,245.4398
1784140885786,CASHCAT,b9c1483dbbf73f99,1122,126.9446
1784140885786,CASHCAT,6814cd0bead203cf,1123,372.9952
1784140885786,CASHCAT,6814cd0bead203cf,1123,99.9185
1784140885786,CASHCAT,6814cd0bead203cf,1123,139.3838
1784140885786,CASHCAT,d8a270e86b1018da,1124,17.19406
1784140885786,CASHCAT,fd3d4a9e643abef4,1125,378.67628
1784140885786,CASHCAT,53594429f3c2698f,1126,14.14186
1784140885786,CASHCAT,16ad861000ecf168,1127,38.55946
1784140885786,CASHCAT,2c9ec6c692615eda,1128,10.88618
1784141045342,CASHCAT,435ace09ecb4a487,1129,28.4934
1784141045342,CASHCAT,5977946360a9825b,1130,9.633
1784141045342,CASHCAT,fda78da3c1fc426d,1131,11.7624
1784141045342,CASHCAT,cb7768c84ab328b2,1132,1517.0454
1784141045342,CASHCAT,471e90886ba06a50,1133,168.7296
1784141048299,CASHCAT,a04153c85a193a6c,1134,91.76874
1784141048299,CASHCAT,a04153c85a193a6c,1134,299.99136
1784141048299,CASHCAT,a04153c85a193a6c,1134,299.99136
1784141048299,CASHCAT,a04153c85a193a6c,1134,184.98375
1784141048299,CASHCAT,b03813bb63aee82c,1135,303.75
1784141051546,CASHCAT,8bbe322c8291596b,1136,15.8028
1784141051546,CASHCAT,1b90d4862ec8a510,1137,436.1978
1784141051546,CASHCAT,1b90d4862ec8a510,1137,565.0514
1784141054175,CASHCAT,8c2662462cf29c29,1138,23.322
1784141054175,CASHCAT,131885f20af1de27,1139,39.546
1784141093587,CASHCAT,10b38e78bd3fbd39,1140,8.89856
1784141134899,CASHCAT,c2abdaab45104c38,1141,38.62402
1784141191682,CASHCAT,6842f8af89159c55,1142,20.73575
1784141191682,CASHCAT,9f3a91d74db2551a,1143,59.98195
1784141262572,CASHCAT,7f430d09d42501ec,1144,27.56448
1784141262572,CASHCAT,d3d1dc2665beb36a,1145,47.52846
1784141262572,CASHCAT,1711f6db6eb35307,1146,97.69176
1784141274658,CASHCAT,cfafc9a3f0214d73,1147,9.614
1784141274658,CASHCAT,863dcdbcc2cb73d5,1148,16.3944
1784141274658,CASHCAT,863dcdbcc2cb73d5,1148,38.0512
1784141274658,CASHCAT,593796a8ca894304,1149,42.3016
1784141274658,CASHCAT,9765910654479322,1150,15.4836
1784141277894,CASHCAT,e7c5a4f628036295,1151,243.97843
1784141277894,CASHCAT,ddae1b2c5073c784,1152,918.88768
1784141284279,CASHCAT,4f871b4d9a947366,1153,708.77625
1784141284279,CASHCAT,4f871b4d9a947366,1153,45.02631
1784141284279,CASHCAT,4f871b4d9a947366,1153,15.41169
1784141284279,CASHCAT,4f871b4d9a947366,1153,125.00593
1784141284279,CASHCAT,4f871b4d9a947366,1153,50.65713
1784141284279,CASHCAT,4f871b4d9a947366,1153,62.54091
1784141284279,CASHCAT,a22d4ae92bd2cd36,1154,9.66816
1784141284279,CASHCAT,0ab698e857ed4b26,1155,24.27111
1784141284279,CASHCAT,7e0967dba1c82d6d,1156,104.93982
1784141284279,CASHCAT,7e0967dba1c82d6d,1156,506.87343
1784141284279,CASHCAT,7e0967dba1c82d6d,1156,214.7931
1784141284279,CASHCAT,96b3b036238dab05,1157,9.6672
1784141287244,CASHCAT,6f5910b1dc569e44,1158,32.0703
1784141296327,CASHCAT,12954b7275076f15,1159,118.8086
1784141296327,CASHCAT,388d2dc286dddfad,1160,381.1734
1784141296327,CASHCAT,388d2dc286dddfad,1160,149.93496
1784141296327,CASHCAT,388d2dc286dddfad,1160,49.96838
1784141296327,CASHCAT,388d2dc286dddfad,1160,170.17924
1784141303598,CASHCAT,f12d42d66488a908,1161,16.84368
1784141303598,CASHCAT,f12d42d66488a908,1161,103.75875
1784141303598,CASHCAT,06179a71878a1633,1162,896.235
1784141303598,CASHCAT,06179a71878a1633,1162,708.49632
1784141303598,CASHCAT,06179a71878a1633,1162,49.91454
1784141303598,CASHCAT,06179a71878a1633,1162,199.95885
1784141303598,CASHCAT,06179a71878a1633,1162,199.95885
1784141303598,CASHCAT,06179a71878a1633,1162,199.95885
1784141303598,CASHCAT,06179a71878a1633,1162,1511.86827
1784141303598,CASHCAT,06179a71878a1633,1162,473.19162
1784141303598,CASHCAT,917989ea4854e84a,1163,0.10021
1784141303598,CASHCAT,49cba6d8871317b6,1164,180.17758
1784141303598,CASHCAT,1b0995fbe2aa27b2,1165,11.92499
1784141303598,CASHCAT,2b0544ab316f1b77,1166,118.2478
1784141303598,CASHCAT,74fa2d7b10c47e4b,1167,1740.34707
1784141303598,CASHCAT,74fa2d7b10c47e4b,1167,11.9238
1784141303598,CASHCAT,74fa2d7b10c47e4b,1167,50.1
1784141303598,CASHCAT,74fa2d7b10c47e4b,1167,199.9992
1784141303598,CASHCAT,74fa2d7b10c47e4b,1167,999.996
1784141303598,CASHCAT,74fa2d7b10c47e4b,1167,49.9998
1784141303598,CASHCAT,74fa2d7b10c47e4b,1167,11.9238
1784141303598,CASHCAT,74fa2d7b10c47e4b,1167,11.9238
1784141303598,CASHCAT,74fa2d7b10c47e4b,1167,11.9238
1784141303598,CASHCAT,74fa2d7b10c47e4b,1167,1497.5892
1784141303598,CASHCAT,74fa2d7b10c47e4b,1167,199.9992
1784141303598,CASHCAT,74fa2d7b10c47e4b,1167,199.9992
1784141303598,CASHCAT,74fa2d7b10c47e4b,1167,1599.9936
1784141303598,CASHCAT,74fa2d7b10c47e4b,1167,901.01892
1784141303598,CASHCAT,93bfd69f4049c051,1168,208.17404
1784141303598,CASHCAT,93bfd69f4049c051,1168,178.38496
1784141303598,CASHCAT,97e3eb31eecb702d,1169,0.10016
1784141303598,CASHCAT,414d36f50cdb5350,1170,22.43584
1784141312694,CASHCAT,18e0d386d14d2872,1171,52.4524
1784141312694,CASHCAT,d33bc2ed478cee99,1172,333.6333
1784141315764,CASHCAT,8fc9f1993a5ef714,1173,417.0789
1784141315764,CASHCAT,8fc9f1993a5ef714,1173,602.82222
1784141315764,CASHCAT,d0f65fc7d2916675,1174,670.87308
1784141315764,CASHCAT,d0f65fc7d2916675,1174,99.9996
1784141315764,CASHCAT,d0f65fc7d2916675,1174,64.99086
1784141315764,CASHCAT,d0f65fc7d2916675,1174,100.11
1784141315764,CASHCAT,d0f65fc7d2916675,1174,499.94934
1784141315764,CASHCAT,d0f65fc7d2916675,1174,499.94934
1784141315764,CASHCAT,d0f65fc7d2916675,1174,5297.0918
1784141318780,CASHCAT,ff06b037e886dde8,1175,61.3613
1784141318780,CASHCAT,32416ea82d3d895b,1176,36.1361
1784141318780,CASHCAT,d2a7670305401858,1177,258.5583
1784141325013,CASHCAT,eb36bef1c397f3e0,1178,11.0
1784141325013,CASHCAT,2e93507056448b57,1179,23.3
1784141325013,CASHCAT,3fe8f5777c20c8c8,1180,1304.9
1784141325013,CASHCAT,65c7dcabfc096d57,1181,9.7
1784141327762,CASHCAT,69fcd3935c7ca0b2,1182,357.435442
1784141327762,CASHCAT,69fcd3935c7ca0b2,1182,29.6667
1784141327762,CASHCAT,69fcd3935c7ca0b2,1182,118.963467
1784141327762,CASHCAT,69fcd3935c7ca0b2,1182,347.492432
1784141327762,CASHCAT,0d0010c06718d511,1183,21.162032
1784141327762,CASHCAT,39fe57c3e9e901dc,1184,9.592136
1784141327762,CASHCAT,b211a58593069459,1185,1845.151192
1784141327762,CASHCAT,b211a58593069459,1185,45.766624
1784141327762,CASHCAT,b211a58593069459,1185,221.69812
1784141327762,CASHCAT,b211a58593069459,1185,4523.353164
1784141327762,CASHCAT,b211a58593069459,1185,499.928
1784141327762,CASHCAT,b211a58593069459,1185,14.8182
1784141327762,CASHCAT,b211a58593069459,1185,259.614864
1784141327762,CASHCAT,b211a58593069459,1185,118.5432
1784141327762,CASHCAT,b211a58593069459,1185,78.288925
1784141327762,CASHCAT,b211a58593069459,1185,89.80699
1784141327762,CASHCAT,b211a58593069459,1185,49.639561
1784141327762,CASHCAT,b211a58593069459,1185,1176.474882
1784141327762,CASHCAT,b211a58593069459,1185,62.10036
1784141327762,CASHCAT,b211a58593069459,1185,7168.020012
1784141327762,CASHCAT,59796d63cc134f61,1186,11.926002
1784141327762,CASHCAT,e285785880ff56aa,1187,23.260632
1784141327762,CASHCAT,0b21b2e9088399e1,1188,158.487696
1784141327762,CASHCAT,e3cf9fa581eea171,1189,108.4182
1784141327762,CASHCAT,7eb0a31f47504163,1190,2183.838234
1784141327762,CASHCAT,7eb0a31f47504163,1190,197.1
1784141327762,CASHCAT,7eb0a31f47504163,1190,143.98155
1784141327762,CASHCAT,7eb0a31f47504163,1190,87.9066
1784141327762,CASHCAT,7eb0a31f47504163,1190,2519.1351
1784141327762,CASHCAT,7eb0a31f47504163,1190,15.077385
1784141327762,CASHCAT,7eb0a31f47504163,1190,2736.920725
1784141327762,CASHCAT,706f0bb7997075eb,1191,20.299034
1784141327762,CASHCAT,7ecacb6bbee30c41,1192,240.139543
1784141327762,CASHCAT,615042581f71f814,1193,9.558283
1784141327762,CASHCAT,5631d02200bd9f72,1194,17.73702
1784141327762,CASHCAT,256ac11788f8f33d,1195,12.514453
1784141327762,CASHCAT,1e6ea2e2f9a53a02,1196,47.495798
1784141327762,CASHCAT,d50ed7a6a67795c0,1197,1686.593524
1784141327762,CASHCAT,5558f59fc365911b,1198,328.824643
1784141327762,CASHCAT,5904a6690e9aaebe,1199,468.257328
1784141327762,CASHCAT,872eefbe2dfcb1bd,1200,210.183687
1784141327762,CASHCAT,ad727619d3fac551,1201,208.114368
1784141327762,CASHCAT,0507e6dad52d3234,1202,7790.690418
1784141327762,CASHCAT,4356a12778ae687a,1203,121.695665
1784141327762,CASHCAT,81a568d7f1e67fc4,1204,707.805637
1784141327762,CASHCAT,a56fa2d532cad5eb,1205,165.446981
1784141327762,CASHCAT,358f08b469166d6a,1206,528.070501
1784141330720,CASHCAT,6359d65ba927359e,1207,23.76255
1784141330720,CASHCAT,10d87c44aaa858cb,1208,58.00002
1784141330720,CASHCAT,f01815a257d12115,1209,235.58871
1784141330720,CASHCAT,fc3a72b433f6de1a,1210,5292.93828
1784141330720,CASHCAT,6b566d27b1e6657c,1211,13.96656
1784141330720,CASHCAT,21b20516a63db287,1212,8.82609
1784141330720,CASHCAT,f193274fb37a583a,1213,9.50502
1784141330720,CASHCAT,2d688bcc00cbe4f4,1214,533.34801
1784141330720,CASHCAT,d1a41d135cc4f8e1,1215,97.57194
1784141330720,CASHCAT,a0e43b9e15abb919,1216,36.08028
1784141330720,CASHCAT,d99ca1fac70728d3,1217,4849.5
1784141330720,CASHCAT,f59c17d762deee87,1218,655.36143
1784141330720,CASHCAT,f3bc95b6d85af81e,1219,9.50502
1784141330720,CASHCAT,6f1930776daba33a,1220,9.02007
1784141333764,CASHCAT,0ad958b11911758a,1221,840.01032
1784141333764,CASHCAT,0ad958b11911758a,1221,159.12085
1784141333764,CASHCAT,0ad958b11911758a,1221,14.799231
1784141333764,CASHCAT,0ad958b11911758a,1221,25.817031
1784141333764,CASHCAT,0ad958b11911758a,1221,24.17325
1784141333764,CASHCAT,0ad958b11911758a,1221,20.692302
1784141333764,CASHCAT,0ad958b11911758a,1221,57.626644
1784141333764,CASHCAT,d4b8723c91ee9960,1222,43.800117
1784141333764,CASHCAT,58807727a2b6add4,1223,11.119235
1784141333764,CASHCAT,f766e0d92018136c,1224,136.621557
1784141333764,CASHCAT,5dffb5b40632271e,1225,9.475522
1784141333764,CASHCAT,4f039ad97cae87f1,1226,54.919352
1784141333764,CASHCAT,a15985d76acd1d5f,1227,9.572211
1784141333764,CASHCAT,e1ce8378522f6045,1228,9.572211
1784141333764,CASHCAT,fa34575f6e4a8df7,1229,10.442412
1784141333764,CASHCAT,2c9d91e87bfeb182,1230,14.600039
1784141333764,CASHCAT,b64f476be8e042f7,1231,32.100748
1784141333764,CASHCAT,ba4a319b20c13d20,1232,861.885746
1784141333764,CASHCAT,ba4a319b20c13d20,1232,48.623501
1784141333764,CASHCAT,ba4a319b20c13d20,1232,14.50005
1784141333764,CASHCAT,ba4a319b20c13d20,1232,291.064337
1784141333764,CASHCAT,ba4a319b20c13d20,1232,2999.96724
1784141333764,CASHCAT,ba4a319b20c13d20,1232,500.16375
1784141333764,CASHCAT,ba4a319b20c13d20,1232,276.04334
1784141333764,CASHCAT,ba4a319b20c13d20,1232,76.609351
1784141333764,CASHCAT,ba4a319b20c13d20,1232,87.90782
1784141333764,CASHCAT,ba4a319b20c13d20,1232,278.1792
1784141333764,CASHCAT,ba4a319b20c13d20,1232,3897.3634
1784141333764,CASHCAT,ba4a319b20c13d20,1232,280.31368
1784141333764,CASHCAT,ba4a319b20c13d20,1232,282.44678
1784141333764,CASHCAT,ba4a319b20c13d20,1232,284.5785
1784141333764,CASHCAT,ba4a319b20c13d20,1232,1499.909172
1784141333764,CASHCAT,ba4a319b20c13d20,1232,286.70884
1784141333764,CASHCAT,ba4a319b20c13d20,1232,288.8378
1784141333764,CASHCAT,ba4a319b20c13d20,1232,119.94026
1784141333764,CASHCAT,ba4a319b20c13d20,1232,290.96538
1784141333764,CASHCAT,ba4a319b20c13d20,1232,293.09158
1784141333764,CASHCAT,ba4a319b20c13d20,1232,14.4546
1784141333764,CASHCAT,ba4a319b20c13d20,1232,14.743692
1784141333764,CASHCAT,ba4a319b20c13d20,1232,115.925892
1784141333764,CASHCAT,ba4a319b20c13d20,1232,295.452024
1784141333764,CASHCAT,ba4a319b20c13d20,1232,162.07752
1784141333764,CASHCAT,ba4a319b20c13d20,1232,295.2164
1784141333764,CASHCAT,ba4a319b20c13d20,1232,1514.688924
1784141333764,CASHCAT,ba4a319b20c13d20,1232,297.43616
1784141333764,CASHCAT,ba4a319b20c13d20,1232,59.896112
1784141333764,CASHCAT,ba4a319b20c13d20,1232,414.26109
1784141333764,CASHCAT,ba4a319b20c13d20,1232,299.55819
1784141333764,CASHCAT,ba4a319b20c13d20,1232,301.67884
1784141333764,CASHCAT,ba4a319b20c13d20,1232,303.79811
1784141333764,CASHCAT,ba4a319b20c13d20,1232,96.2
1784141333764,CASHCAT,ba4a319b20c13d20,1232,305.916
1784141333764,CASHCAT,ba4a319b20c13d20,1232,308.03251
1784141333764,CASHCAT,ba4a319b20c13d20,1232,48.369486
1784141333764,CASHCAT,ba4a319b20c13d20,1232,57.4977
1784141333764,CASHCAT,ba4a319b20c13d20,1232,500.1723
1784141333764,CASHCAT,ba4a319b20c13d20,1232,4999.95298
1784141333764,CASHCAT,ba4a319b20c13d20,1232,310.14764
1784141333764,CASHCAT,ba4a319b20c13d20,1232,312.26139
1784141333764,CASHCAT,ba4a319b20c13d20,1232,384.4
1784141333764,CASHCAT,ba4a319b20c13d20,1232,314.37376
1784141333764,CASHCAT,ba4a319b20c13d20,1232,14.40915
1784141333764,CASHCAT,ba4a319b20c13d20,1232,299.71032
1784141333764,CASHCAT,ba4a319b20c13d20,1232,316.48475
1784141333764,CASHCAT,ba4a319b20c13d20,1232,46.76661
1784141333764,CASHCAT,ba4a319b20c13d20,1232,70.28664
1784141333764,CASHCAT,ba4a319b20c13d20,1232,318.59436
1784141333764,CASHCAT,ba4a319b20c13d20,1232,10.944
1784141333764,CASHCAT,ba4a319b20c13d20,1232,80.064
1784141333764,CASHCAT,ba4a319b20c13d20,1232,14.688
1784141333764,CASHCAT,ba4a319b20c13d20,1232,240.0
1784141333764,CASHCAT,ba4a319b20c13d20,1232,9999.936
1784141333764,CASHCAT,ba4a319b20c13d20,1232,165.024
1784141333764,CASHCAT,ba4a319b20c13d20,1232,1226.4
1784141333764,CASHCAT,ba4a319b20c13d20,1232,320.70259
1784141333764,CASHCAT,ba4a319b20c13d20,1232,6990.620148
1784141336799,CASHCAT,ba4a319b20c13d20,1232,786.20416
1784141336799,CASHCAT,ba4a319b20c13d20,1232,96.101
1784141336799,CASHCAT,ba4a319b20c13d20,1232,399.9682
1784141336799,CASHCAT,ba4a319b20c13d20,1232,247.4248
1784141336799,CASHCAT,ba4a319b20c13d20,1232,49.9408
1784141336799,CASHCAT,ba4a319b20c13d20,1232,599.96188
1784141336799,CASHCAT,ba4a319b20c13d20,1232,199.93446
1784141336799,CASHCAT,ba4a319b20c13d20,1232,21.969115
1784141336799,CASHCAT,ba4a319b20c13d20,1232,5777.163408
1784141336799,CASHCAT,ba4a319b20c13d20,1232,87.27537
1784141336799,CASHCAT,ba4a319b20c13d20,1232,76.049493
1784141336799,CASHCAT,ba4a319b20c13d20,1232,1669.0436
1784141336799,CASHCAT,ba4a319b20c13d20,1232,327.1149
1784141336799,CASHCAT,ba4a319b20c13d20,1232,199.9098
1784141336799,CASHCAT,ba4a319b20c13d20,1232,329.21758
1784141336799,CASHCAT,ba4a319b20c13d20,1232,35.756526
1784141336799,CASHCAT,ba4a319b20c13d20,1232,115.318377
1784141336799,CASHCAT,ba4a319b20c13d20,1232,331.31888
1784141336799,CASHCAT,ba4a319b20c13d20,1232,999.99456
1784141336799,CASHCAT,ba4a319b20c13d20,1232,333.4188
1784141336799,CASHCAT,ba4a319b20c13d20,1232,499.9802
1784141336799,CASHCAT,ba4a319b20c13d20,1232,335.51734
1784141336799,CASHCAT,ba4a319b20c13d20,1232,499.191667
1784141336799,CASHCAT,ba4a319b20c13d20,1232,14.3637
1784141336799,CASHCAT,ba4a319b20c13d20,1232,304.03165
1784141336799,CASHCAT,ba4a319b20c13d20,1232,337.6145
1784141336799,CASHCAT,ba4a319b20c13d20,1232,339.71028
1784141336799,CASHCAT,ba4a319b20c13d20,1232,341.80468
1784141336799,CASHCAT,ba4a319b20c13d20,1232,247.45434
1784141336799,CASHCAT,ba4a319b20c13d20,1232,343.8977
1784141336799,CASHCAT,ba4a319b20c13d20,1232,48.115471
1784141336799,CASHCAT,ba4a319b20c13d20,1232,167.94384
1784141336799,CASHCAT,ba4a319b20c13d20,1232,14.632308
1784141336799,CASHCAT,ba4a319b20c13d20,1232,346.08497
1784141336799,CASHCAT,ba4a319b20c13d20,1232,1109.1804
1784141336799,CASHCAT,ba4a319b20c13d20,1232,2.8683
1784141336799,CASHCAT,ba4a319b20c13d20,1232,348.1752
1784141336799,CASHCAT,ba4a319b20c13d20,1232,199.9952
1784141336799,CASHCAT,ba4a319b20c13d20,1232,350.26405
1784141336799,CASHCAT,ba4a319b20c13d20,1232,59.435832
1784141336799,CASHCAT,ba4a319b20c13d20,1232,2633.328604
1784141336799,CASHCAT,ba4a319b20c13d20,1232,352.35152
1784141336799,CASHCAT,ba4a319b20c13d20,1232,354.43761
1784141336799,CASHCAT,ba4a319b20c13d20,1232,356.52232
1784141336799,CASHCAT,ba4a319b20c13d20,1232,123.72264
1784141336799,CASHCAT,ba4a319b20c13d20,1232,14.31825
1784141336799,CASHCAT,ba4a319b20c13d20,1232,308.31965
1784141336799,CASHCAT,ba4a319b20c13d20,1232,358.60565
1784141336799,CASHCAT,ba4a319b20c13d20,1232,595.666004
1784141336799,CASHCAT,ba4a319b20c13d20,1232,57.065346
1784141336799,CASHCAT,ba4a319b20c13d20,1232,360.6876
1784141336799,CASHCAT,ba4a319b20c13d20,1232,2396.116632
1784141336799,CASHCAT,ba4a319b20c13d20,1232,99.9792
1784141336799,CASHCAT,ba4a319b20c13d20,1232,499.9914
1784141336799,CASHCAT,ba4a319b20c13d20,1232,362.76817
1784141336799,CASHCAT,ba4a319b20c13d20,1232,364.84736
1784141336799,CASHCAT,ba4a319b20c13d20,1232,114.710862
1784141336799,CASHCAT,ba4a319b20c13d20,1232,500.2061
1784141336799,CASHCAT,ba4a319b20c13d20,1232,366.92517
1784141336799,CASHCAT,ba4a319b20c13d20,1232,1607.02191
1784141336799,CASHCAT,ba4a319b20c13d20,1232,369.0969
1784141336799,CASHCAT,ba4a319b20c13d20,1232,14.576769
1784141336799,CASHCAT,ba4a319b20c13d20,1232,371.17192
1784141336799,CASHCAT,ba4a319b20c13d20,1232,170.72384
1784141336799,CASHCAT,ba4a319b20c13d20,1232,4383.96046
1784141336799,CASHCAT,ba4a319b20c13d20,1232,373.24556
1784141336799,CASHCAT,ba4a319b20c13d20,1232,86.64201
1784141336799,CASHCAT,ba4a319b20c13d20,1232,375.31782
1784141336799,CASHCAT,ba4a319b20c13d20,1232,75.488842
1784141336799,CASHCAT,ba4a319b20c13d20,1232,377.3887
1784141336799,CASHCAT,ba4a319b20c13d20,1232,47.861456
1784141336799,CASHCAT,ba4a319b20c13d20,1232,14.2728
1784141336799,CASHCAT,ba4a319b20c13d20,1232,312.57432
1784141336799,CASHCAT,ba4a319b20c13d20,1232,379.4582
1784141336799,CASHCAT,ba4a319b20c13d20,1232,381.52632
1784141336799,CASHCAT,ba4a319b20c13d20,1232,47.070045
1784141336799,CASHCAT,ba4a319b20c13d20,1232,383.59306
1784141336799,CASHCAT,ba4a319b20c13d20,1232,385.65842
1784141336799,CASHCAT,ba4a319b20c13d20,1232,118.238468
1784141336799,CASHCAT,ba4a319b20c13d20,1232,387.7224
1784141336799,CASHCAT,ba4a319b20c13d20,1232,49.78
1784141336799,CASHCAT,ba4a319b20c13d20,1232,170.62
1784141336799,CASHCAT,ba4a319b20c13d20,1232,237.5
1784141336799,CASHCAT,ba4a319b20c13d20,1232,237.5
1784141336799,CASHCAT,ba4a319b20c13d20,1232,5314.87
1784141336799,CASHCAT,ba4a319b20c13d20,1232,389.785
1784141336799,CASHCAT,ba4a319b20c13d20,1232,95.0
1784141336799,CASHCAT,ba4a319b20c13d20,1232,109.535
1784141336799,CASHCAT,ba4a319b20c13d20,1232,665.0
1784141336799,CASHCAT,ba4a319b20c13d20,1232,499.985
1784141336799,CASHCAT,ba4a319b20c13d20,1232,499.985
1784141336799,CASHCAT,ba4a319b20c13d20,1232,391.84622
1784141336799,CASHCAT,ba4a319b20c13d20,1232,394.001
1784141336799,CASHCAT,ba4a319b20c13d20,1232,53.443338
1784141336799,CASHCAT,ba4a319b20c13d20,1232,396.05943
1784141336799,CASHCAT,ba4a319b20c13d20,1232,173.59039
1784141336799,CASHCAT,ba4a319b20c13d20,1232,14.521077
1784141336799,CASHCAT,ba4a319b20c13d20,1232,199.9543
1784141336799,CASHCAT,ba4a319b20c13d20,1232,398.11648
1784141336799,CASHCAT,ba4a319b20c13d20,1232,400.17215
1784141336799,CASHCAT,ba4a319b20c13d20,1232,14.2272
1784141336799,CASHCAT,ba4a319b20c13d20,1232,114.102144
1784141336799,CASHCAT,ba4a319b20c13d20,1232,316.697472
1784141336799,CASHCAT,ba4a319b20c13d20,1232,402.22644
1784141336799,CASHCAT,ba4a319b20c13d20,1232,58.97493
1784141336799,CASHCAT,ba4a319b20c13d20,1232,67.029256
1784141336799,CASHCAT,ba4a319b20c13d20,1232,404.27935
1784141336799,CASHCAT,ba4a319b20c13d20,1232,406.33088
1784141336799,CASHCAT,ba4a319b20c13d20,1232,523.828518
1784141336799,CASHCAT,ba4a319b20c13d20,1232,408.38103
1784141336799,CASHCAT,ba4a319b20c13d20,1232,6630.05
1784141336799,CASHCAT,ba4a319b20c13d20,1232,56.63359
1784141336799,CASHCAT,ba4a319b20c13d20,1232,410.4298
1784141336799,CASHCAT,ba4a319b20c13d20,1232,412.47719
1784141336799,CASHCAT,ba4a319b20c13d20,1232,47.606938
1784141336799,CASHCAT,ba4a319b20c13d20,1232,414.5232
1784141336799,CASHCAT,ba4a319b20c13d20,1232,416.66244
1784141336799,CASHCAT,ba4a319b20c13d20,1232,59.59296
1784141336799,CASHCAT,ba4a319b20c13d20,1232,418.70566
1784141336799,CASHCAT,ba4a319b20c13d20,1232,420.7475
1784141336799,CASHCAT,ba4a319b20c13d20,1232,176.4303
1784141336799,CASHCAT,ba4a319b20c13d20,1232,14.18175
1784141336799,CASHCAT,ba4a319b20c13d20,1232,14.465385
1784141336799,CASHCAT,ba4a319b20c13d20,1232,320.88573
1784141336799,CASHCAT,ba4a319b20c13d20,1232,50.10673
1784141336799,CASHCAT,ba4a319b20c13d20,1232,422.78796
1784141336799,CASHCAT,ba4a319b20c13d20,1232,86.00956
1784141336799,CASHCAT,ba4a319b20c13d20,1232,199.962
1784141336799,CASHCAT,ba4a319b20c13d20,1232,70.77301
1784141336799,CASHCAT,ba4a319b20c13d20,1232,424.82704
1784141336799,CASHCAT,ba4a319b20c13d20,1232,74.928984
1784141336799,CASHCAT,ba4a319b20c13d20,1232,1999.933008
1784141336799,CASHCAT,ba4a319b20c13d20,1232,426.86474
1784141336799,CASHCAT,ba4a319b20c13d20,1232,47.222
1784141336799,CASHCAT,ba4a319b20c13d20,1232,428.90106
1784141336799,CASHCAT,ba4a319b20c13d20,1232,430.936
1784141336799,CASHCAT,ba4a319b20c13d20,1232,199.9392
1784141336799,CASHCAT,ba4a319b20c13d20,1232,432.96956
1784141336799,CASHCAT,ba4a319b20c13d20,1232,476.5281
1784141336799,CASHCAT,ba4a319b20c13d20,1232,113.494629
1784141336799,CASHCAT,ba4a319b20c13d20,1232,435.00174
1784141336799,CASHCAT,ba4a319b20c13d20,1232,437.03254
1784141336799,CASHCAT,ba4a319b20c13d20,1232,99.958
1784141336799,CASHCAT,ba4a319b20c13d20,1232,439.15624
1784141336799,CASHCAT,ba4a319b20c13d20,1232,441.18425
1784141336799,CASHCAT,ba4a319b20c13d20,1232,4656.273035
1784141336799,CASHCAT,ba4a319b20c13d20,1232,14.1363
1784141336799,CASHCAT,ba4a319b20c13d20,1232,325.040658
1784141336799,CASHCAT,ba4a319b20c13d20,1232,6596.38
1784141336799,CASHCAT,ba4a319b20c13d20,1232,443.21088
1784141336799,CASHCAT,ba4a319b20c13d20,1232,499.9194
1784141336799,CASHCAT,ba4a319b20c13d20,1232,445.23613
1784141336799,CASHCAT,ba4a319b20c13d20,1232,14.409846
1784141336799,CASHCAT,ba4a319b20c13d20,1232,179.22454
1784141336799,CASHCAT,ba4a319b20c13d20,1232,8255.03637
1784141336799,CASHCAT,ba4a319b20c13d20,1232,447.26
1784141336799,CASHCAT,ba4a319b20c13d20,1232,47.358456
1784141336799,CASHCAT,ba4a319b20c13d20,1232,47.352923
1784141336799,CASHCAT,ba4a319b20c13d20,1232,36.996234
1784141336799,CASHCAT,ba4a319b20c13d20,1232,1484.9954
1784141336799,CASHCAT,ba4a319b20c13d20,1232,449.28249
1784141336799,CASHCAT,ba4a319b20c13d20,1232,2499.96
1784141336799,CASHCAT,ba4a319b20c13d20,1232,451.3036
1784141336799,CASHCAT,ba4a319b20c13d20,1232,50.33387
1784141336799,CASHCAT,ba4a319b20c13d20,1232,58.514028
1784141336799,CASHCAT,ba4a319b20c13d20,1232,453.32333
1784141336799,CASHCAT,ba4a319b20c13d20,1232,455.34168
1784141336799,CASHCAT,ba4a319b20c13d20,1232,457.35865
1784141336799,CASHCAT,ba4a319b20c13d20,1232,1323.708
1784141336799,CASHCAT,ba4a319b20c13d20,1232,235.0
1784141336799,CASHCAT,ba4a319b20c13d20,1232,235.0
1784141336799,CASHCAT,ba4a319b20c13d20,1232,1999.944
1784141336799,CASHCAT,ba4a319b20c13d20,1232,499.986
1784141336799,CASHCAT,ba4a319b20c13d20,1232,201.066
1784141336799,CASHCAT,ba4a319b20c13d20,1232,25.093995
1784141336799,CASHCAT,ba4a319b20c13d20,1232,23.49625
1784141336799,CASHCAT,ba4a319b20c13d20,1232,20.11279
1784141336799,CASHCAT,ba4a319b20c13d20,1232,56.201236
1784141336799,CASHCAT,ba4a319b20c13d20,1232,459.37424
1784141336799,CASHCAT,ba4a319b20c13d20,1232,199.94688
1784141336799,CASHCAT,ba4a319b20c13d20,1232,461.38845
1784141336799,CASHCAT,ba4a319b20c13d20,1232,14.09085
1784141336799,CASHCAT,ba4a319b20c13d20,1232,329.162256
1784141336799,CASHCAT,ba4a319b20c13d20,1232,463.4952
1784141336799,CASHCAT,ba4a319b20c13d20,1232,465.50662
1784141336799,CASHCAT,ba4a319b20c13d20,1232,467.51666
1784141336799,CASHCAT,ba4a319b20c13d20,1232,13.13984
1784141336799,CASHCAT,ba4a319b20c13d20,1232,112.887114
1784141336799,CASHCAT,ba4a319b20c13d20,1232,469.52532
1784141336799,CASHCAT,ba4a319b20c13d20,1232,85.3762
1784141336799,CASHCAT,ba4a319b20c13d20,1232,181.91698
1784141336799,CASHCAT,ba4a319b20c13d20,1232,14.354154
1784141336799,CASHCAT,ba4a319b20c13d20,1232,471.5326
1784141336799,CASHCAT,ba4a319b20c13d20,1232,74.369126
1784141336799,CASHCAT,ba4a319b20c13d20,1232,473.5385
1784141336799,CASHCAT,ba4a319b20c13d20,1232,475.54302
1784141336799,CASHCAT,ba4a319b20c13d20,1232,477.54616
1784141336799,CASHCAT,ba4a319b20c13d20,1232,3999.992556
1784141336799,CASHCAT,ba4a319b20c13d20,1232,437.330916
1784141336799,CASHCAT,ba4a319b20c13d20,1232,747.012294
1784141336799,CASHCAT,ba4a319b20c13d20,1232,27.448533
1784141336799,CASHCAT,ba4a319b20c13d20,1232,479.54792
1784141336799,CASHCAT,ba4a319b20c13d20,1232,116.536676
1784141336799,CASHCAT,ba4a319b20c13d20,1232,481.5483
1784141336799,CASHCAT,ba4a319b20c13d20,1232,10.3004
1784141336799,CASHCAT,ba4a319b20c13d20,1232,47.098908
1784141336799,CASHCAT,ba4a319b20c13d20,1232,14.0454
1784141336799,CASHCAT,ba4a319b20c13d20,1232,333.156888
1784141336799,CASHCAT,ba4a319b20c13d20,1232,50.55588
1784141336799,CASHCAT,ba4a319b20c13d20,1232,499.9176
1784141336799,CASHCAT,ba4a319b20c13d20,1232,14.31315
1784141336799,CASHCAT,ba4a319b20c13d20,1232,14.298615
1784141336799,CASHCAT,ba4a319b20c13d20,1232,184.6572
1784141336799,CASHCAT,ba4a319b20c13d20,1232,199.9188
1784141336799,CASHCAT,ba4a319b20c13d20,1232,10896.183918
1784141336799,CASHCAT,ba4a319b20c13d20,1232,10896.183918
1784141336799,CASHCAT,ba4a319b20c13d20,1232,36320.286464
1784141336799,CASHCAT,ba4a319b20c13d20,1232,49.969
1784141336799,CASHCAT,ba4a319b20c13d20,1232,652.277664
1784141333764,CASHCAT,c0a1c0372f1cb8be,1233,19.001466
1784141333764,CASHCAT,eba2fee78b6320d7,1234,20.824839
1784141333764,CASHCAT,d8076ea186d89357,1235,9.980568
1784141333764,CASHCAT,7787a4835b3c517f,1236,236.846556
1784141333764,CASHCAT,ff83d59c432c663d,1237,10.364436
1784141333764,CASHCAT,9fea83add9fa731b,1238,58.923738
1784141333764,CASHCAT,ff0912d21c2385b6,1239,28.982034
1784141333764,CASHCAT,b6a6d66247b58b98,1240,176.291379
1784141333764,CASHCAT,749cda185033b132,1241,53.165718
1784141333764,CASHCAT,dc7f4354254bb29d,1242,73.318788
1784141333764,CASHCAT,f241dbfd175763b1,1243,391.737294
1784141333764,CASHCAT,cd0a912a7cacc738,1244,7911.51948
1784141333764,CASHCAT,cb7ce08acc57ab04,1245,6.237855
1784141333764,CASHCAT,6f9c209ef300a8bf,1246,243.852147
1784141333764,CASHCAT,6f9c209ef300a8bf,1246,322.9054
1784141333764,CASHCAT,6f9c209ef300a8bf,1246,598.855155
1784141333764,CASHCAT,6f9c209ef300a8bf,1246,19.862685
1784141333764,CASHCAT,6f9c209ef300a8bf,1246,514.777115
1784141333764,CASHCAT,6f9c209ef300a8bf,1246,325.01084
1784141333764,CASHCAT,6f9c209ef300a8bf,1246,60.42897
1784141333764,CASHCAT,6f9c209ef300a8bf,1246,1157.17828
1784141333764,CASHCAT,a5cf02eb97be0b2e,1247,10.646232
1784141333764,CASHCAT,98b7e741e31f8231,1248,527.516
1784141333764,CASHCAT,9d63f567a47da90d,1249,9.495288
1784141336799,CASHCAT,9e94f1034f8d714d,1250,2.80314
1784141336799,CASHCAT,9e94f1034f8d714d,1250,62.8225
1784141336799,CASHCAT,0f9a5c0f56d74ffe,1251,1766.66535
1784141336799,CASHCAT,b474ae620c1a8f73,1252,12.27455
1784141336799,CASHCAT,c84279691d1f1a87,1253,2249.8187
1784141336799,CASHCAT,c84279691d1f1a87,1253,599.93736
1784141336799,CASHCAT,c84279691d1f1a87,1253,499.9514
1784141336799,CASHCAT,c84279691d1f1a87,1253,14.911
1784141336799,CASHCAT,c84279691d1f1a87,1253,213.76368
1784141336799,CASHCAT,8772533d6a06559a,1254,20.08014
1784141336799,CASHCAT,550761a2ab211ce4,1255,13.449024
1784141336799,CASHCAT,028a1fe2e12f2ce1,1256,9135.06276
1784141336799,CASHCAT,d4f161c378643c7f,1257,767.71512
1784141336799,CASHCAT,2e5d9a21ce8580f5,1258,225.177756
1784141336799,CASHCAT,d6292717e606bcaa,1259,4983.050184
1784141336799,CASHCAT,d6292717e606bcaa,1259,13.99995
1784141336799,CASHCAT,d6292717e606bcaa,1259,112.279599
1784141336799,CASHCAT,d6292717e606bcaa,1259,337.212129
1784141336799,CASHCAT,d6292717e606bcaa,1259,58.053126
1784141336799,CASHCAT,d6292717e606bcaa,1259,4999.96809
1784141336799,CASHCAT,d6292717e606bcaa,1259,6529.11
1784141336799,CASHCAT,d6292717e606bcaa,1259,58.75758
1784141336799,CASHCAT,d6292717e606bcaa,1259,55.768882
1784141336799,CASHCAT,d6292717e606bcaa,1259,46.807484
1784141336799,CASHCAT,d6292717e606bcaa,1259,47.631332
1784141336799,CASHCAT,d6292717e606bcaa,1259,499.9248
1784141336799,CASHCAT,d6292717e606bcaa,1259,99.9104
1784141336799,CASHCAT,d6292717e606bcaa,1259,989.923072
1784141336799,CASHCAT,d6292717e606bcaa,1259,50.866998
1784141336799,CASHCAT,d6292717e606bcaa,1259,46.844893
1784141336799,CASHCAT,d6292717e606bcaa,1259,84.74284
1784141336799,CASHCAT,d6292717e606bcaa,1259,399.90745
1784141336799,CASHCAT,d6292717e606bcaa,1259,14.242923
1784141336799,CASHCAT,d6292717e606bcaa,1259,187.39017
1784141336799,CASHCAT,d6292717e606bcaa,1259,73.809268
1784141336799,CASHCAT,d6292717e606bcaa,1259,13.9545
1784141336799,CASHCAT,d6292717e606bcaa,1259,341.23404
1784141336799,CASHCAT,d6292717e606bcaa,1259,989.948002
1784141336799,CASHCAT,d6292717e606bcaa,1259,14.97461
1784141336799,CASHCAT,d6292717e606bcaa,1259,232.5
1784141336799,CASHCAT,d6292717e606bcaa,1259,49.941
1784141336799,CASHCAT,d6292717e606bcaa,1259,499.968
1784141336799,CASHCAT,d6292717e606bcaa,1259,5359.620054
1784141336799,CASHCAT,d6292717e606bcaa,1259,71.113635
1784141336799,CASHCAT,d6292717e606bcaa,1259,10464.427373
1784141336799,CASHCAT,d6292717e606bcaa,1259,111.672084
1784141336799,CASHCAT,d6292717e606bcaa,1259,92.8
1784141336799,CASHCAT,d6292717e606bcaa,1259,499.9136
1784141336799,CASHCAT,d6292717e606bcaa,1259,249.9104
1784141336799,CASHCAT,d6292717e606bcaa,1259,190.0965
1784141336799,CASHCAT,d6292717e606bcaa,1259,13.90905
1784141336799,CASHCAT,d6292717e606bcaa,1259,14.187231
1784141336799,CASHCAT,d6292717e606bcaa,1259,345.222621
1784141336799,CASHCAT,d6292717e606bcaa,1259,2474.945385
1784141336799,CASHCAT,d6292717e606bcaa,1259,51.079904
1784141336799,CASHCAT,d6292717e606bcaa,1259,63.58534
1784141336799,CASHCAT,d6292717e606bcaa,1259,46.590878
1784141336799,CASHCAT,d6292717e606bcaa,1259,49.9114
1784141336799,CASHCAT,d6292717e606bcaa,1259,49.9114
1784141336799,CASHCAT,d6292717e606bcaa,1259,249.9274
1784141336799,CASHCAT,d6292717e606bcaa,1259,57.592846
1784141336799,CASHCAT,d6292717e606bcaa,1259,4949.939656
1784141336799,CASHCAT,d6292717e606bcaa,1259,593.934556
1784141336799,CASHCAT,d6292717e606bcaa,1259,9712.81332
1784141336799,CASHCAT,7a3d314471f7e03d,1260,106.79116
1784141336799,CASHCAT,90b144cc90028604,1261,180.36046
1784141336799,CASHCAT,90b144cc90028604,1261,55.336528
1784141336799,CASHCAT,90b144cc90028604,1261,502.645
1784141336799,CASHCAT,90b144cc90028604,1261,92.5
1784141336799,CASHCAT,90b144cc90028604,1261,296.956491
1784141336799,CASHCAT,90b144cc90028604,1261,84.11039
1784141336799,CASHCAT,90b144cc90028604,1261,13.8636
1784141336799,CASHCAT,90b144cc90028604,1261,349.085448
1784141336799,CASHCAT,90b144cc90028604,1261,38.166982
1784141336799,CASHCAT,90b144cc90028604,1261,49.9884
1784141336799,CASHCAT,90b144cc90028604,1261,499.9764
1784141336799,CASHCAT,90b144cc90028604,1261,499.9764
1784141336799,CASHCAT,90b144cc90028604,1261,249.942
1784141336799,CASHCAT,90b144cc90028604,1261,73.24941
1784141336799,CASHCAT,90b144cc90028604,1261,14.131692
1784141336799,CASHCAT,90b144cc90028604,1261,192.75532
1784141336799,CASHCAT,90b144cc90028604,1261,111.064569
1784141336799,CASHCAT,90b144cc90028604,1261,114.834884
1784141336799,CASHCAT,90b144cc90028604,1261,47.889687
1784141336799,CASHCAT,90b144cc90028604,1261,51.28822
1784141336799,CASHCAT,90b144cc90028604,1261,2474.973522
1784141336799,CASHCAT,90b144cc90028604,1261,49.9724
1784141336799,CASHCAT,90b144cc90028604,1261,49.9724
1784141336799,CASHCAT,90b144cc90028604,1261,49.9724
1784141336799,CASHCAT,90b144cc90028604,1261,499.9084
1784141336799,CASHCAT,90b144cc90028604,1261,249.9542
1784141336799,CASHCAT,90b144cc90028604,1261,99.9448
1784141336799,CASHCAT,90b144cc90028604,1261,2500.045866
1784141336799,CASHCAT,90b144cc90028604,1261,1999.99084
1784141336799,CASHCAT,90b144cc90028604,1261,46.336863
1784141336799,CASHCAT,90b144cc90028604,1261,13.81815
1784141336799,CASHCAT,90b144cc90028604,1261,353.007672
1784141336799,CASHCAT,90b144cc90028604,1261,14.076
1784141336799,CASHCAT,90b144cc90028604,1261,1295.544
1784141336799,CASHCAT,90b144cc90028604,1261,616.216
1784141336799,CASHCAT,90b144cc90028604,1261,230.0
1784141336799,CASHCAT,90b144cc90028604,1261,195.316
1784141336799,CASHCAT,90b144cc90028604,1261,49.956
1784141336799,CASHCAT,90b144cc90028604,1261,49.956
1784141336799,CASHCAT,90b144cc90028604,1261,49.956
1784141336799,CASHCAT,90b144cc90028604,1261,49.956
1784141336799,CASHCAT,90b144cc90028604,1261,108.744
1784141336799,CASHCAT,90b144cc90028604,1261,499.928
1784141336799,CASHCAT,90b144cc90028604,1261,249.964
1784141336799,CASHCAT,90b144cc90028604,1261,2156.4711
1784141336799,CASHCAT,90b144cc90028604,1261,264.9999
1784141336799,CASHCAT,90b144cc90028604,1261,57.92157
1784141336799,CASHCAT,90b144cc90028604,1261,57.131944
1784141336799,CASHCAT,90b144cc90028604,1261,2124.486336
1784141340009,CASHCAT,90b144cc90028604,1261,1136.27136
1784141340009,CASHCAT,90b144cc90028604,1261,199.9536
1784141340009,CASHCAT,90b144cc90028604,1261,499.9764
1784141340009,CASHCAT,90b144cc90028604,1261,1109.154944
1784141340009,CASHCAT,90b144cc90028604,1261,1999.96835
1784141340009,CASHCAT,90b144cc90028604,1261,249.93792
1784141340009,CASHCAT,90b144cc90028604,1261,734.732334
1784141340009,CASHCAT,90b144cc90028604,1261,296.944659
1784141340009,CASHCAT,90b144cc90028604,1261,1299.9915
1784141340009,CASHCAT,90b144cc90028604,1261,999.983592
1784141340009,CASHCAT,90b144cc90028604,1261,1996.744104
1784141340009,CASHCAT,90b144cc90028604,1261,1996.744104
1784141340009,CASHCAT,90b144cc90028604,1261,1499.91237
1784141340009,CASHCAT,90b144cc90028604,1261,98.943
1784141340009,CASHCAT,90b144cc90028604,1261,247.471359
1784141340009,CASHCAT,90b144cc90028604,1261,2474.992572
1784141340009,CASHCAT,90b144cc90028604,1261,499.928
1784141340009,CASHCAT,90b144cc90028604,1261,499.928
1784141340009,CASHCAT,90b144cc90028604,1261,699.936
1784141340009,CASHCAT,90b144cc90028604,1261,499.93215
1784141340009,CASHCAT,90b144cc90028604,1261,2474.961776
1784141340009,CASHCAT,90b144cc90028604,1261,249.93048
1784141340009,CASHCAT,90b144cc90028604,1261,1299.9255
1784141340009,CASHCAT,90b144cc90028604,1261,199.9744
1784141340009,CASHCAT,90b144cc90028604,1261,13.7727
1784141340009,CASHCAT,90b144cc90028604,1261,110.457054
1784141340009,CASHCAT,90b144cc90028604,1261,356.896566
1784141340009,CASHCAT,90b144cc90028604,1261,54.904174
1784141340009,CASHCAT,90b144cc90028604,1261,264.9348
1784141340009,CASHCAT,90b144cc90028604,1261,249.9714
1784141340009,CASHCAT,90b144cc90028604,1261,199.9404
1784141340009,CASHCAT,90b144cc90028604,1261,4991.958276
1784141340009,CASHCAT,90b144cc90028604,1261,51.583732
1784141340009,CASHCAT,90b144cc90028604,1261,83.47703
1784141340009,CASHCAT,90b144cc90028604,1261,24.209328
1784141340009,CASHCAT,90b144cc90028604,1261,999.999405
1784141340009,CASHCAT,90b144cc90028604,1261,72.689552
1784141340009,CASHCAT,90b144cc90028604,1261,264.96015
1784141340009,CASHCAT,90b144cc90028604,1261,296.91684
1784141340009,CASHCAT,90b144cc90028604,1261,197.9424
1784141340009,CASHCAT,90b144cc90028604,1261,14.020308
1784141340009,CASHCAT,90b144cc90028604,1261,1999.986183
1784141340009,CASHCAT,90b144cc90028604,1261,46.082848
1784141340009,CASHCAT,90b144cc90028604,1261,49.922
1784141340009,CASHCAT,90b144cc90028604,1261,49.922
1784141340009,CASHCAT,90b144cc90028604,1261,499.9528
1784141340009,CASHCAT,90b144cc90028604,1261,499.9528
1784141340009,CASHCAT,90b144cc90028604,1261,249.9764
1784141340009,CASHCAT,90b144cc90028604,1261,499.9528
1784141340009,CASHCAT,90b144cc90028604,1261,4214.60318
1784141340009,CASHCAT,90b144cc90028604,1261,1996.736148
1784141340009,CASHCAT,90b144cc90028604,1261,1996.736148
1784141340009,CASHCAT,90b144cc90028604,1261,249.9588
1784141340009,CASHCAT,90b144cc90028604,1261,13.72725
1784141340009,CASHCAT,90b144cc90028604,1261,360.75213
1784141340009,CASHCAT,90b144cc90028604,1261,4949.93817
1784141340009,CASHCAT,90b144cc90028604,1261,71.497478
1784141340009,CASHCAT,90b144cc90028604,1261,264.9686
1784141340009,CASHCAT,90b144cc90028604,1261,11.9734
1784141340009,CASHCAT,90b144cc90028604,1261,499.958
1784141340009,CASHCAT,90b144cc90028604,1261,296.948853
1784141340009,CASHCAT,90b144cc90028604,1261,395.971905
1784141340009,CASHCAT,90b144cc90028604,1261,48.132491
1784141340009,CASHCAT,90b144cc90028604,1261,51.782409
1784141340009,CASHCAT,90b144cc90028604,1261,109.849539
1784141340009,CASHCAT,90b144cc90028604,1261,1999.937326
1784141340009,CASHCAT,90b144cc90028604,1261,6390.51
1784141340009,CASHCAT,90b144cc90028604,1261,24.370959
1784141340009,CASHCAT,90b144cc90028604,1261,22.81925
1784141340009,CASHCAT,90b144cc90028604,1261,19.533278
1784141340009,CASHCAT,90b144cc90028604,1261,13.964769
1784141340009,CASHCAT,90b144cc90028604,1261,200.52019
1784141340009,CASHCAT,90b144cc90028604,1261,525.794948
1784141340009,CASHCAT,90b144cc90028604,1261,13.6818
1784141340009,CASHCAT,90b144cc90028604,1261,364.483152
1784141340009,CASHCAT,90b144cc90028604,1261,499.9584
1784141340009,CASHCAT,90b144cc90028604,1261,16839.523767
1784141340009,CASHCAT,90b144cc90028604,1261,1597.76484
1784141340009,CASHCAT,1da4c4bf8c236d97,1262,541.816
1784141340009,CASHCAT,aefb43c731171b8d,1263,903.998
1784141340009,CASHCAT,e7f8d72b71a24ccf,1264,2.256
1784141340009,CASHCAT,1cfd9ecb1c72080c,1265,16772.796
1784141340009,CASHCAT,0ce99d8582057d2b,1266,9.4
1784141340009,CASHCAT,74458514668b9c82,1267,345.262
1784141340009,CASHCAT,5483df10e4b14c10,1268,235.752
1784141340009,CASHCAT,06ff29a4ef165649,1269,1181.58
1784141340009,CASHCAT,b6353d99a92468ae,1270,2820.0
1784141340009,CASHCAT,7dc9139cdbc7271b,1271,9.4
1784141340009,CASHCAT,6a6ee5a9cfc1faa0,1272,17761.018
1784141340009,CASHCAT,2d0770e18ffd5549,1273,454.678
1784141340009,CASHCAT,2ed1280784564288,1274,19.646
1784141340009,CASHCAT,a1a8b24e53923f7c,1275,19.552
1784141340009,CASHCAT,bd8990470cee70fd,1276,7.896
1784141340009,CASHCAT,8a8f43914bf57d0d,1277,9.4
1784141340009,CASHCAT,dacd287cf5d5c6ec,1278,757.922
1784141340009,CASHCAT,dacd287cf5d5c6ec,1278,49.97608
1784141340009,CASHCAT,dacd287cf5d5c6ec,1278,999.99711
1784141340009,CASHCAT,dacd287cf5d5c6ec,1278,93.831
1784141340009,CASHCAT,dacd287cf5d5c6ec,1278,49.91756
1784141340009,CASHCAT,dacd287cf5d5c6ec,1278,49.98774
1784141340009,CASHCAT,dacd287cf5d5c6ec,1278,1497.524841
1784141340009,CASHCAT,dacd287cf5d5c6ec,1278,14.944
1784141340009,CASHCAT,dacd287cf5d5c6ec,1278,1996.7986
1784141340009,CASHCAT,dacd287cf5d5c6ec,1278,1109.177867
1784141340009,CASHCAT,dacd287cf5d5c6ec,1278,49.99808
1784141340009,CASHCAT,dacd287cf5d5c6ec,1278,1999.9122
1784141340009,CASHCAT,dacd287cf5d5c6ec,1278,69.76935
1784141340009,CASHCAT,dacd287cf5d5c6ec,1278,49.91415
1784141340009,CASHCAT,dacd287cf5d5c6ec,1278,499.9136
1784141340009,CASHCAT,dacd287cf5d5c6ec,1278,199.984
1784141340009,CASHCAT,dacd287cf5d5c6ec,1278,11.9712
1784141340009,CASHCAT,dacd287cf5d5c6ec,1278,578.334747
1784141340009,CASHCAT,dacd287cf5d5c6ec,1278,499.9551
1784141340009,CASHCAT,dacd287cf5d5c6ec,1278,1996.741808
1784141340009,CASHCAT,dacd287cf5d5c6ec,1278,2455.26344
1784141340009,CASHCAT,d2fdef3d00f81833,1279,632.4948
1784141340009,CASHCAT,e403170f5bb5141d,1280,410.38186
1784141340009,CASHCAT,c387fe39cc263c7b,1281,3352.225125
1784141340009,CASHCAT,c387fe39cc263c7b,1281,264.97305
1784141340009,CASHCAT,c387fe39cc263c7b,1281,45.828833
1784141340009,CASHCAT,c387fe39cc263c7b,1281,56.671042
1784141340009,CASHCAT,c387fe39cc263c7b,1281,1742.853231
1784141340009,CASHCAT,c387fe39cc263c7b,1281,364.4
1784141340009,CASHCAT,c387fe39cc263c7b,1281,29047.6905
1784141340009,CASHCAT,c387fe39cc263c7b,1281,5305.215989
1784141340009,CASHCAT,c387fe39cc263c7b,1281,494.993928
1784141340009,CASHCAT,c387fe39cc263c7b,1281,999.825792
1784141340009,CASHCAT,c387fe39cc263c7b,1281,54.47182
1784141340009,CASHCAT,c387fe39cc263c7b,1281,199.9206
1784141340009,CASHCAT,c387fe39cc263c7b,1281,99.913663
1784141340009,CASHCAT,c387fe39cc263c7b,1281,458.491686
1784141340009,CASHCAT,c387fe39cc263c7b,1281,82.84458
1784141340009,CASHCAT,c387fe39cc263c7b,1281,56.25036
1784141340009,CASHCAT,c387fe39cc263c7b,1281,10.192
1784141340009,CASHCAT,c387fe39cc263c7b,1281,609.518
1784141340009,CASHCAT,c387fe39cc263c7b,1281,227.5
1784141340009,CASHCAT,c387fe39cc263c7b,1281,1278.914
1784141342984,CASHCAT,66527658bc451160,1282,102.67994
1784141342984,CASHCAT,9f921141765e134e,1283,231.80498
1784141342984,CASHCAT,2abd5334f2ad18bb,1284,411.17571
1784141342984,CASHCAT,3921d7ff56d06c5e,1285,1739.81401
1784141342984,CASHCAT,3921d7ff56d06c5e,1285,91.72763
1784141342984,CASHCAT,3921d7ff56d06c5e,1285,58.019234
1784141342984,CASHCAT,3921d7ff56d06c5e,1285,2499.96384
1784141342984,CASHCAT,3921d7ff56d06c5e,1285,760.669
1784141342984,CASHCAT,5eda191410105a2e,1286,1396.031
1784141342984,CASHCAT,7029f3ec9525948e,1287,346.528
1784141342984,CASHCAT,185180693966691d,1288,61.789
1784141342984,CASHCAT,fc0d361996327ff6,1289,1234.688
1784141342984,CASHCAT,fa0c2a382e24853d,1290,2866.591
1784141342984,CASHCAT,03e9e4cb4acfb11b,1291,783.874
1784141342984,CASHCAT,3950dbdc989e067c,1292,257.712
1784141342984,CASHCAT,4910e00951c4b3d8,1293,35.854
1784141342984,CASHCAT,c5f02d7756ae7e13,1294,977.34
1784141342984,CASHCAT,c5f02d7756ae7e13,1294,910.0
1784141342984,CASHCAT,c5f02d7756ae7e13,1294,199.927
1784141342984,CASHCAT,c5f02d7756ae7e13,1294,11.921
1784141342984,CASHCAT,c5f02d7756ae7e13,1294,99.918
1784141342984,CASHCAT,c5f02d7756ae7e13,1294,249.977
1784141342984,CASHCAT,c5f02d7756ae7e13,1294,199.927
1784141342984,CASHCAT,c5f02d7756ae7e13,1294,10.00934
1784141342984,CASHCAT,c5f02d7756ae7e13,1294,144.999804
1784141342984,CASHCAT,c5f02d7756ae7e13,1294,72.128901
1784141342984,CASHCAT,c5f02d7756ae7e13,1294,113.133092
1784141342984,CASHCAT,c5f02d7756ae7e13,1294,898.00898
1784141342984,CASHCAT,c5f02d7756ae7e13,1294,203.09294
1784141342984,CASHCAT,c5f02d7756ae7e13,1294,13.63635
1784141342984,CASHCAT,c5f02d7756ae7e13,1294,13.909077
1784141342984,CASHCAT,c5f02d7756ae7e13,1294,368.272359
1784141342984,CASHCAT,c5f02d7756ae7e13,1294,3562.1892
1784141342984,CASHCAT,c5f02d7756ae7e13,1294,188.0721
1784141342984,CASHCAT,15d97bd9a29623de,1295,11.9079
1784141342984,CASHCAT,15d97bd9a29623de,1295,448.35258
1784141342984,CASHCAT,9c749e0f2b1127ad,1296,551.5809
1784141342984,CASHCAT,9c749e0f2b1127ad,1296,51.975924
1784141342984,CASHCAT,9c749e0f2b1127ad,1296,15361.95885
1784141342984,CASHCAT,9c749e0f2b1127ad,1296,109.242024
1784141342984,CASHCAT,9c749e0f2b1127ad,1296,499.9448
1784141342984,CASHCAT,9c749e0f2b1127ad,1296,499.9448
1784141342984,CASHCAT,9c749e0f2b1127ad,1296,11.9856
1784141342984,CASHCAT,9c749e0f2b1127ad,1296,199.9416
1784141342984,CASHCAT,9c749e0f2b1127ad,1296,11.9856
1784141342984,CASHCAT,9c749e0f2b1127ad,1296,11.9856
1784141342984,CASHCAT,9c749e0f2b1127ad,1296,999.9804
1784141342984,CASHCAT,9c749e0f2b1127ad,1296,99.95979
1784141342984,CASHCAT,9c749e0f2b1127ad,1296,71.979024
1784141342984,CASHCAT,9c749e0f2b1127ad,1296,566.414437
1784141342984,CASHCAT,9c749e0f2b1127ad,1296,199.94688
1784141342984,CASHCAT,9c749e0f2b1127ad,1296,2721.0
1784141342984,CASHCAT,9c749e0f2b1127ad,1296,39.26877
1784141342984,CASHCAT,9c749e0f2b1127ad,1296,1999.9278
1784141342984,CASHCAT,9c749e0f2b1127ad,1296,57.08556
1784141342984,CASHCAT,9c749e0f2b1127ad,1296,45.574818
1784141342984,CASHCAT,9c749e0f2b1127ad,1296,13.5909
1784141342984,CASHCAT,9c749e0f2b1127ad,1296,372.028236
1784141342984,CASHCAT,9c749e0f2b1127ad,1296,247.444986
1784141342984,CASHCAT,9c749e0f2b1127ad,1296,499.9308
1784141342984,CASHCAT,9c749e0f2b1127ad,1296,499.9308
1784141342984,CASHCAT,9c749e0f2b1127ad,1296,499.9308
1784141342984,CASHCAT,9c749e0f2b1127ad,1296,11.9592
1784141342984,CASHCAT,9c749e0f2b1127ad,1296,199.9542
1784141342984,CASHCAT,9c749e0f2b1127ad,1296,199.9542
1784141342984,CASHCAT,9c749e0f2b1127ad,1296,3424.6044
1784141342984,CASHCAT,68cd94ddc2bff354,1297,1146.880082
1784141342984,CASHCAT,68cd94ddc2bff354,1297,999.91262
1784141342984,CASHCAT,68cd94ddc2bff354,1297,999.91262
1784141342984,CASHCAT,68cd94ddc2bff354,1297,99.90974
1784141342984,CASHCAT,68cd94ddc2bff354,1297,205.5485
1784141342984,CASHCAT,68cd94ddc2bff354,1297,13.853385
1784141342984,CASHCAT,68cd94ddc2bff354,1297,199.91232
1784141342984,CASHCAT,68cd94ddc2bff354,1297,199.91232
1784141342984,CASHCAT,68cd94ddc2bff354,1297,99.92304
1784141342984,CASHCAT,68cd94ddc2bff354,1297,635.9435
1784141346041,CASHCAT,6a02ef32f5825304,1298,118.180062
1784141346041,CASHCAT,f20f1b1e4ae4d604,1299,4014.040536
1784141346041,CASHCAT,f20f1b1e4ae4d604,1299,1678.937
1784141346041,CASHCAT,84cfee5c2b41cd75,1300,8237.1289
1784141346041,CASHCAT,84cfee5c2b41cd75,1300,992.33325
1784141346041,CASHCAT,126feb3e100c2c97,1301,7.65675
1784141346041,CASHCAT,126feb3e100c2c97,1301,499.9084
1784141346041,CASHCAT,126feb3e100c2c97,1301,199.9744
1784141346041,CASHCAT,126feb3e100c2c97,1301,124.757559
1784141346041,CASHCAT,126feb3e100c2c97,1301,499.9428
1784141346041,CASHCAT,126feb3e100c2c97,1301,499.9428
1784141346041,CASHCAT,126feb3e100c2c97,1301,499.9428
1784141346041,CASHCAT,126feb3e100c2c97,1301,91.631
1784141346041,CASHCAT,126feb3e100c2c97,1301,499.9528
1784141346041,CASHCAT,126feb3e100c2c97,1301,91.545
1784141346041,CASHCAT,126feb3e100c2c97,1301,3859.861216
1784141346041,CASHCAT,5bbbda3bf4ea9299,1302,821.6074
1784141346041,CASHCAT,cc01876a0335aafb,1303,52.18008
1784141346041,CASHCAT,67e9c2c4050c580e,1304,9.337488
1784141346041,CASHCAT,1c3e0ee2c23cf879,1305,39.089288
1784141346041,CASHCAT,33d404894bb9f033,1306,11.626088
1784141346041,CASHCAT,2d5b84d8eb3e1b01,1307,11.717632
1784559601741,xyz:CRCL,c92064274bcad709,1308,5179.381668
1784559601741,xyz:CRCL,c92064274bcad709,1308,196.797776
1784559601741,xyz:CRCL,c92064274bcad709,1308,1365.649016
1784560000637,xyz:BE,fc3de92a84d3ae39,1309,11.7282
1784560121024,PUMP,1ed8d9c414b1b06c,1310,12.57008
1784560128466,PUMP,c9abd2d3179c763a,1311,115.056392
1784560137924,PUMP,e77d7d8ea05ea8c1,1312,12.575211
1784560137924,PUMP,ec67fbd15c2c7bf7,1313,115.328796
1784560137924,PUMP,a89c6c0c31ed2ad4,1314,12.58125
1784560137924,PUMP,084000ab5766e3a7,1315,628.408275
1784560137924,PUMP,ed6714c180a54b20,1316,29.957466
1784560137924,PUMP,27760b2e22dd50f1,1317,293.849688
1784560137924,PUMP,27760b2e22dd50f1,1317,720.309777
1784560137924,PUMP,dbb79a4644bd8633,1318,12.575211
1784560137924,PUMP,5f9e61980cf543be,1319,12.595341
1784560137924,PUMP,51df23123eda5cdd,1320,210.926166
1784560137924,PUMP,51df23123eda5cdd,1320,32.413316
1784560137924,PUMP,51df23123eda5cdd,1320,46.928214
1784560220074,BTC,e44d19a6fa06f0f6,1321,147.91272
1784560220074,BTC,f4d0928315db0623,1322,12.9748
1784560246683,xyz:AAPL,e6ad32055de6bda0,1323,16.94316
1784560294690,xyz:AAPL,75b4b7e24cee22d5,1324,120.12057
1784560294690,xyz:AAPL,75b4b7e24cee22d5,1324,170.57772
1784560294690,xyz:AAPL,e0572c232c6949c2,1325,19.5318
1784560309715,xyz:AAPL,6fcdef297b5ed8b2,1326,19.83964
1784560309715,xyz:AAPL,df8b66971ca0d078,1327,58.86844
1784560312663,xyz:AAPL,2137fd16d22b04f7,1328,16.58979
1784560327606,xyz:CRCL,9ba8ae245baf551c,1329,140.85936
1784560327606,xyz:CRCL,9ba8ae245baf551c,1329,215.006
1784560327606,xyz:CRCL,9ba8ae245baf551c,1329,12.7602
1784560327606,xyz:CRCL,9ba8ae245baf551c,1329,69.356035
1784560327606,xyz:CRCL,9ba8ae245baf551c,1329,1333.261314
1784560330718,xyz:CRCL,4b1118c1b8780192,1330,34.82332
1784560357816,BTC,cc81b044c2eeed24,1331,964.72606
1784560357816,BTC,e58cf4bdec4d53c9,1332,40.90023
1784560357816,BTC,6f93c82636934837,1333,38.9526
1784899917353,BTC,6f93c82636934837,1334,27.6447
1784560364953,BTC,ed2b2616372581c4,1335,13371.7954
1784560364953,BTC,e81937713e53533f,1336,47.4062
1784560373941,CASHCAT,d465f7990732b50d,1337,111.967272
1784560373941,CASHCAT,9d3b9a49a4a12baa,1338,51.866568
1784560404495,BTC,2bcefca514d9ef10,1339,79.24144
1784898342292,BTC,2bcefca514d9ef10,1340,78.72782
1784560404495,BTC,e8629a1550c6e96d,1341,1931.02296
1784560404495,BTC,e8629a1550c6e96d,1341,56.50824
1784560404495,BTC,3c516d3e577be5a5,1342,943.75256
1784560404495,BTC,3c516d3e577be5a5,1342,4714.21616
1784560404495,BTC,3c516d3e577be5a5,1342,5116.26904
1784560404495,BTC,3c516d3e577be5a5,1342,4783.7148
1784560404495,BTC,3c516d3e577be5a5,1342,2162.25208
1784560404495,BTC,3c516d3e577be5a5,1342,3985.45472
1784560404495,BTC,3c516d3e577be5a5,1342,5001.95352
1784560404495,BTC,3c516d3e577be5a5,1342,8793.20176
1784560404495,BTC,3c516d3e577be5a5,1342,37536.41032
1784560404495,BTC,3c516d3e577be5a5,1342,5000.00496
1784560404495,BTC,3c516d3e577be5a5,1342,59.75584
1784560404495,BTC,3c516d3e577be5a5,1342,2435.7
1784560404495,BTC,c311ee2b954e0088,1343,6299.04496
1784560414526,BTC,4c1faa3877442a46,1344,1363.1755
1784560477668,xyz:AAPL,00682321e656add4,1345,66.92734
1784560480726,xyz:AAPL,7a80273d0bcde3ae,1346,14.6169
1784560510678,xyz:AAPL,baca7d30d261ce4a,1347,14.616
1784560528683,xyz:AAPL,66ee4b84eb13881b,1348,80.5256
1784560528683,xyz:AAPL,75500d24f923c520,1349,16.5597
1784560598259,CASHCAT,e1c0f93148ffe011,1350,23.949349
1784560598259,CASHCAT,26ce25478ca578aa,1351,35.029119
1784560598259,CASHCAT,26ce25478ca578aa,1351,64.86003
1784560624738,xyz:CRCL,fd4e42fa55078a8b,1352,93.984145
1784560712561,CASHCAT,d5b2fd8f0689ce89,1353,13.765339
1784560712561,CASHCAT,4cfdb964a3c8a4f8,1354,12.397355
1784560712561,CASHCAT,6e9d5ebb5e170cc8,1355,50.102414
1784560712561,CASHCAT,22256161739c9155,1356,13.765339
1784560715375,CASHCAT,18010f8960f68dd8,1357,380.71748
1784560715375,CASHCAT,18010f8960f68dd8,1357,171.434
1784560715375,CASHCAT,18010f8960f68dd8,1357,19.372268
1784560774697,xyz:AAPL,dc00f29284c583be,1358,18.83202
1784560792789,xyz:MSTR,c411b353e8196732,1359,125.810267
1784560792789,xyz:CRCL,1ff9a2c4a4a4d410,1360,1730.641724
1784560792789,xyz:CRCL,170906ba2f6fec72,1361,38.628674
1784560795277,BTC,e6a2b3c53544abc0,1362,16.2475
1784560816019,BTC,03f4428459781cd1,1363,12.35
1784900008262,BTC,03f4428459781cd1,1364,39.21446
1784560816019,BTC,d945f9e7ff591865,1365,52.0
1784560840654,xyz:AAPL,de8b1c08331b953a,1366,8381.3907
1784560840654,xyz:AAPL,de8b1c08331b953a,1366,1994.85858
1784560840654,xyz:AAPL,de8b1c08331b953a,1366,10938.4436
1784560840654,xyz:AAPL,de8b1c08331b953a,1366,1433.47941
1784560840654,xyz:AAPL,de8b1c08331b953a,1366,3583.86072
1784560840654,xyz:AAPL,de8b1c08331b953a,1366,3661.71432
1784560840654,xyz:AAPL,de8b1c08331b953a,1366,217.65227
1784560840654,xyz:AAPL,de8b1c08331b953a,1366,5126.6761
1784560840654,xyz:AAPL,de8b1c08331b953a,1366,8361.16086
1784560840654,xyz:AAPL,de8b1c08331b953a,1366,217.3011
1784560840654,xyz:AAPL,de8b1c08331b953a,1366,23222.35233
1784560840654,xyz:AAPL,de8b1c08331b953a,1366,8171.81868
1784560840654,xyz:AAPL,de8b1c08331b953a,1366,217.2743
1784560840654,xyz:AAPL,de8b1c08331b953a,1366,67176.34921
1784560840654,xyz:AAPL,9a0f3647f120659e,1367,2115.99225
1784560840654,xyz:AAPL,d1f11b06623f1ea2,1368,291.861
1784560855706,xyz:CRCL,7951e2be6c7ec288,1369,499.981468
1784560855706,xyz:CRCL,7951e2be6c7ec288,1369,636.54903
1784560855706,xyz:CRCL,7951e2be6c7ec288,1369,151.444367
1784560876690,xyz:CRCL,8abc9a57a7d098db,1370,2620.9575
1784560935651,kBONK,9bad56c0ede3b85c,1371,94.56808
1784560965075,HEMI,c68d4877a4b6e92f,1372,13.78083
1784560965075,HEMI,8eb71299d2c9556b,1373,13.775076
1784560965075,HEMI,dbdb27c8b8db9272,1374,6.496266
1784560965075,HEMI,dbdb27c8b8db9272,1374,58.236234
1784560965075,HEMI,dbdb27c8b8db9272,1374,3.534798
1784561002447,kBONK,b012de5f3de85676,1375,524.16034
1784561095740,xyz:CRCL,38c118f2bc0b1e35,1376,348.463302
1784561153355,HEMI,4bdd8acba7e97221,1377,64.86137
1784561153355,HEMI,10b5c81241bcc151,1378,13.954402
1784561153355,HEMI,a1caa2f542e62404,1379,13.808252
1784561153355,HEMI,f1aff990c01bbc57,1380,111.54168
1784561153355,HEMI,225aa89d25c9365f,1381,13.82579
1784561153355,HEMI,fafa450397002334,1382,13.808252
1784561153355,HEMI,e90aeb98a6ac24e4,1383,60.500254
1784561153355,HEMI,e90aeb98a6ac24e4,1383,115.230506
1784561153355,HEMI,372dd26859ada02c,1384,35.385838
1784561153355,HEMI,dcfb32c1ce91b5b6,1385,13.82579
1784561153355,HEMI,45a605f382b97fce,1386,16.889094
1784561153355,HEMI,bddd149c298fa605,1387,13.808252
1784561153355,HEMI,7be226e6dcea03f2,1388,33.070822
1784561153355,HEMI,875e80d72ccfa18c,1389,13.82579
1784561153355,HEMI,1d2ff8923e9dbca2,1390,105.268922
1784561153355,HEMI,c52dca98bad58991,1391,13.808252
1784561153355,HEMI,8ecbd359408181d8,1392,35.876902
1784561153355,HEMI,c76113a9d7dcd904,1393,13.819944
1784561153355,HEMI,6658c6c7226ac7d5,1394,89.192422
1784561153355,HEMI,6658c6c7226ac7d5,1394,261.705189
1784561153355,HEMI,903980cbd032a5f9,1395,13.824786
1784561155724,xyz:MSTR,2deec8ad9022e4bf,1396,150.064398
1784561155724,xyz:MSTR,2deec8ad9022e4bf,1396,12322.5057
1784561157198,HEMI,0b91443ba4773ebd,1397,25.282428
1784561164111,HEMI,54e808b9a538210e,1398,40.814496
1784561164111,HEMI,9e69ad2091e95f14,1399,171.690876
1784561164111,HEMI,8d1e1bd6bc928dc5,1400,320.940792
1784561164111,HEMI,8d1e1bd6bc928dc5,1400,432.064065
1784561422311,HEMI,383f5f3ba7f89d85,1401,13.742688
1784561425332,HEMI,ec67fbd15c2c7bf7,1402,63.443252
1784561427964,HEMI,bac865ce76902145,1403,28.196128
1784561434228,HEMI,c4060daffff632ff,1404,30.79227
1784561434228,HEMI,e6e2cdd470170072,1405,37.419431
1784561434228,HEMI,394f57fceade8bf9,1406,361.100179
1784561434228,HEMI,a24048bc6c3f243e,1407,31.320307
1784561434228,HEMI,adf091f1c60fdb8f,1408,34.678385
1784561439940,HEMI,ce6df19676394044,1409,29.719473
1784561439940,HEMI,79512ec2799aeed7,1410,13.784498
1784561443152,HEMI,4a0a7e28e220abfc,1411,34.591596
1784561443152,HEMI,a1d08b920515c8cf,1412,50.389144
1784561443152,HEMI,dca9038accbcf503,1413,917.654153
1784561443152,HEMI,2b1baa84553af6de,1414,37.312418
1784561443152,HEMI,a300daf8a2aafe12,1415,35.502532
1784561443152,HEMI,bf9578cef4acd822,1416,42.748069
1784561443152,HEMI,bd24a37483c29db0,1417,68.967444
1784561443152,HEMI,6c51fb9409045b0c,1418,13.771914
1784561443152,HEMI,b2072d16b446b539,1419,3.080402
1784561443152,HEMI,b2072d16b446b539,1419,100.07663
1784561443152,HEMI,448db7c7e4f26b82,1420,18.539818
1784561443152,HEMI,cd55d0ac397d15ce,1421,6.669776
1784561443152,HEMI,a12f25c44abaf3fd,1422,41.788066
1784561443152,HEMI,f9477304df6c9c26,1423,63.800726
1784561443152,HEMI,f44cb8df3399da27,1424,126.689756
1784561443152,HEMI,47557e71699529ee,1425,33.726754
1784561443152,HEMI,ae3311915e6afb6a,1426,37.301562
1784561443152,HEMI,da9c01bbee6e9033,1427,28.184602
1784561443152,HEMI,80b064b822351cf0,1428,24.909694
1784561443152,HEMI,8e6443b9989e7293,1429,463.129572
1784561443152,HEMI,8e6443b9989e7293,1429,225.706376
1784561446701,xyz:MRVL,b4dcc49101f46045,1430,558.8091
1784561446701,xyz:MRVL,b4dcc49101f46045,1430,150.2175
1784561446701,xyz:MRVL,b4dcc49101f46045,1430,5744.604
1784561447833,HEMI,364eaaad125bf9a4,1431,111.057416
1784561447833,HEMI,364eaaad125bf9a4,1431,111.057416
1784561447833,HEMI,364eaaad125bf9a4,1431,13.740296
1784561447833,HEMI,364eaaad125bf9a4,1431,134.873592
1784561447833,HEMI,364eaaad125bf9a4,1431,67.4398
1784561447833,HEMI,364eaaad125bf9a4,1431,901.505736
1784561447833,HEMI,364eaaad125bf9a4,1431,40.188204
1784561447833,HEMI,ef40957c98eace0b,1432,13.769184
1784561454780,HEMI,57fd351833bb0599,1433,13.815916
1784561454780,HEMI,4765bc900969eb83,1434,29.591708
1784561454780,HEMI,681420d54378ff79,1435,27.76491
1784561454780,HEMI,b8b00b065a40118a,1436,22.411545
1784561454780,HEMI,5aca66bc2c0d4a08,1437,27.922184
1784561454780,HEMI,1d350db09bd9cdf1,1438,29.222719
1784561454780,HEMI,0584c1105a0e1dfa,1439,17.23965
1784561454780,HEMI,185180693966691d,1440,28.018968
1784561454780,HEMI,fa223ecf0e23c11b,1441,95.604445
1784561454780,HEMI,f8ab36d4c62791d8,1442,20.947687
1784561454780,HEMI,290d9905b9c3936c,1443,13.815916
1784561454780,HEMI,575fff942c52bb0f,1444,36.669038
1784561454780,HEMI,32aa9c5393fd9976,1445,136.973556
1784561454780,HEMI,32aa9c5393fd9976,1445,693.497808
1784561454780,HEMI,32aa9c5393fd9976,1445,302.7
1784561454780,HEMI,32aa9c5393fd9976,1445,176.800815
1784561454780,HEMI,1529724e392d0d6c,1446,42.752185
1784561454780,HEMI,f70a388754c7a183,1447,29.409185
1784561454780,HEMI,70da3570764eb843,1448,176.509695
1784561454780,HEMI,6e5793869c883c4e,1449,13.870655
1784561454780,HEMI,21306d8260f57bca,1450,13.858525
1784561457745,HEMI,dedb7ec14f296a12,1451,95.854066
1784561457745,HEMI,a7407bdef8cff5e0,1452,57.825467
1784561457745,HEMI,c160c523a61ce0ac,1453,13.729696
1784561457745,HEMI,5e793d1f1b4f16d6,1454,60.230581
1784561457745,HEMI,1e11b62c5cd76104,1455,33.514478
1784561457745,HEMI,90da07fa6d85c1d4,1456,56.508093
1784561461163,HEMI,04ee02b57f293a4f,1457,28.424932
1784561461163,HEMI,209f28e3d38171b6,1458,78.275844
1784561494746,xyz:MRVL,a6281e4439bc8db2,1459,60.309
1784561694604,WLD,37d5cba50adee7a0,1460,1001.41704
1784561694604,WLD,37d5cba50adee7a0,1460,301.808177
1784561694604,WLD,5e9999d228a61255,1461,644.350509
1784561734814,xyz:SPCX,5bfb4b05e16a89c6,1462,423.5021
1784561737632,xyz:SPCX,1301a1bbcae87685,1463,195.13
1784561825752,PUMP,1e822351d8da06c4,1464,115.134394
1784561825752,PUMP,1e822351d8da06c4,1464,103.234094
1784561825752,PUMP,c12294744409daa4,1465,170.430449
1784561825752,PUMP,c12294744409daa4,1465,63.995376
1784561825752,PUMP,200ada28c097fa71,1466,12.58608
1784561828533,PUMP,3b1f39aed0777cc8,1467,12.580029
1784561896743,xyz:TSLA,9ed5cb01833da359,1468,576.64254
1784561980680,xyz:TSLA,b47138402323a4fc,1469,753.75216
1784561980680,xyz:TSLA,b47138402323a4fc,1469,500.12595
1784561980680,xyz:TSLA,b47138402323a4fc,1469,2667.63982
1784562007723,xyz:TSLA,9d40961ab4794abf,1470,19.383
1784901127311,xyz:TSLA,9d40961ab4794abf,1471,19.26075
1784562146255,PUMP,077d08bec63e7268,1472,104.82588
1784562146255,PUMP,5cfe59dad8ca615f,1473,33.81076
1784562172251,BTC,c4745411dc04753a,1474,67.6
1784562178932,BTC,944640971dd01526,1475,470.7086
1784562178932,BTC,cb2e827ce48e28b6,1476,1416.67685
1784562184986,BTC,fc17962e28e709b8,1477,201.748
1784562184986,BTC,027973fd0f1ab526,1478,2858.9644
1784562184986,BTC,bd33daa143e2e1e7,1479,739.3088
1784562184986,BTC,bd33daa143e2e1e7,1479,41.0004
1784562184986,ETH,1b7539145b0564ba,1480,20932.92819
1784562188123,BTC,5722579e8194dad8,1481,5639.5286
1784562188123,BTC,97893c78fa643e04,1482,12.36596
1784562188123,BTC,b012de5f3de85676,1483,2024.76324
1784562188123,BTC,9914437db3904562,1484,612.44044
1784901144452,BTC,9914437db3904562,1485,424.71117
1784562188123,BTC,246ab0bf7608dcf6,1486,398.96492
1784562188123,BTC,3ebdb6fcf6c9664c,1487,156.85244
1784562188123,BTC,c77b14dcd1830f09,1488,212.17384
1784901232903,BTC,c77b14dcd1830f09,1489,5288.87424
1784562188123,BTC,ba12f2a07ed3c3a2,1490,14.96932
1784562188123,BTC,3c99097034028c95,1491,16556.71876
1784562188123,BTC,8e32d07b2485b979,1492,688.58872
1784562200238,BTC,5cad2eee7e6b5c99,1493,191.982
1784562200238,PUMP,6c291eaac36b6e49,1494,30.84018
1784562200238,BTC,dcfa8787af3c78f6,1495,737.237
1784562200238,BTC,365008c2729a1c9e,1496,144.313
1784562200238,BTC,0463035998ec8ea0,1497,31.344
1784562200238,PUMP,aca5bb874f4660a4,1498,49.914648
1784562200238,PUMP,aca5bb874f4660a4,1498,55.870836
1784562200238,PUMP,7d8b9a2c832b2db0,1499,12.651807
1784562200238,BTC,2447011876bb237b,1500,556.356
1784562200238,PUMP,f02a264f649ed6e3,1501,24.380853
1784562200238,BTC,d7d4f09eda39ae06,1502,683.038
1784562200238,BTC,592a8fd99457483e,1503,170.433
1784562200238,BTC,a9321ea3e72ea29b,1504,123.417
1784562200238,BTC,be93d523c7d44a1b,1505,101.215
1784562200238,BTC,ba257ce5946c9821,1506,1286.41
1784898327217,BTC,ba257ce5946c9821,1507,829.464
1784562200238,PUMP,170e5111a860bdea,1508,463.413426
1784562200238,PUMP,ef1fb48b916e66f0,1509,12.666066
1784562200238,PUMP,ed21b1549de3abe6,1510,72.930711
1784562200238,BTC,ab3c4c72d26200ee,1511,133.212
1784562200238,BTC,7dcd16bc40ddde29,1512,123.417
1784901030817,BTC,7dcd16bc40ddde29,1513,136.0616
1784562200238,PUMP,1b63bc83960d38d3,1514,158.15268
1784562200238,BTC,9aad50f7c6a19df0,1515,302.339
1784562200238,BTC,c5d5a38879aa2394,1516,360.456
1784562200238,BTC,f83d39f4068dc8a2,1517,639.94
1784901030817,BTC,f83d39f4068dc8a2,1518,81.5086
1784562200238,PUMP,76f1b5e4e8e4cd17,1519,12.666066
1784562200238,PUMP,668c1ba0bc4411c6,1520,12.672177
1784562200238,PUMP,8b3d6db514fc9818,1521,12.651807
1784562200238,BTC,49f23344b93c588b,1522,80.972
1784898327217,BTC,49f23344b93c588b,1523,116.926
1784562200238,PUMP,eeb0b3631e64a85d,1524,157.054737
1784562200238,BTC,141d1ceac0cf1d97,1525,240.304
1784562200238,BTC,83c9aa71813b09fa,1526,538.725
1784562200238,BTC,c8ead91b9716e1f5,1527,404.86
1784562200238,BTC,780fbf9d3e6f7241,1528,548.52
1784562200238,PUMP,2647d034af8be3f9,1529,32.219229
1784562200238,PUMP,658f648c1895739d,1530,49.026516
1784562200238,BTC,2b56ea7c4daa2de7,1531,148.231
1784899861984,BTC,2b56ea7c4daa2de7,1532,23.79063
1784562200238,PUMP,2b56ea7c4daa2de7,1533,12.651807
1784562200238,PUMP,62fe2d8a4cfa6c3c,1534,61.217961
1784562200238,PUMP,ab3ec1eb25d45b69,1535,18.029487
1784562200238,BTC,ae0c8a0d13a3db5b,1536,447.305
1784562200238,BTC,04f4696d3858e0c7,1537,480.608
1784562200238,BTC,cb61d6f592a29ef5,1538,291.891
1784562200238,BTC,dd0f614c4ade86ee,1539,1176.053
1784562200238,BTC,abd30e6ff8f4620d,1540,39180.0
1784562864931,BTC,abd30e6ff8f4620d,1541,26240.0
1784562200238,BTC,e7736cb843d78384,1542,10224.674
1784562200238,BTC,2bec762601fef316,1543,27028.323
1784562200238,BTC,f113a2b19aa597da,1544,154.108
1784562200238,BTC,4237db61adc3bb5f,1545,62.688
1784562200238,BTC,f38587a7fbb4a56f,1546,24260.909
1784562200238,BTC,dd645b440b00271f,1547,1123.813
1784562200238,BTC,854495f1c7429681,1548,5504.79
1784562200238,PUMP,1cc063e19e7beb9a,1549,117.031761
1784562200238,BTC,53f798e226804de9,1550,6424.214
1784562200238,BTC,6008d3b15fb2190e,1551,20387.313
1784562203111,BTC,6008d3b15fb2190e,1551,120.0692
1784562203111,BTC,6008d3b15fb2190e,1551,6525.5
1784562203111,BTC,6008d3b15fb2190e,1551,6525.5
1784562203111,BTC,6008d3b15fb2190e,1551,5742.44
1784562203111,BTC,6008d3b15fb2190e,1551,120.07104
1784562203111,BTC,6008d3b15fb2190e,1551,14252.1288
1784562203111,BTC,6008d3b15fb2190e,1551,143.5676
1784562203111,BTC,6008d3b15fb2190e,1551,37531.83354
1784562203111,BTC,6008d3b15fb2190e,1551,10537.20926
1784562200238,PUMP,69692dcbb360b29b,1552,320.776575
1784562200238,BTC,81eae594b6d705aa,1553,37.221
1784562200238,PUMP,8dba3927c20ee628,1554,532.235508
1784562200238,BTC,451fc5282943f92a,1555,271.648
1784562200238,PUMP,1f996d1e5fc54b26,1556,16.94784
1784562200238,PUMP,1f996d1e5fc54b26,1556,223.226682
1784562200238,BTC,5ddfcecbb70de427,1557,47377.109
1784562200238,BTC,d8fb1acf93d55caf,1558,12.407
1784562200238,BTC,ffc2dbf9af7cc6df,1559,3428.25
1784562200238,BTC,10b456e04c75b3b8,1560,2079.152
1784562200238,BTC,f132a5ee5ffc8987,1561,15533.564
1784562200238,BTC,7c4f757207c0bac3,1562,50.934
1784562200238,BTC,623640c28100b74f,1563,710.464
1784562200238,PUMP,ab4e91762ed4b8f8,1564,12.651807
1784562200238,BTC,b8ad22e3c17ecbac,1565,60.076
1784562200238,BTC,41b445a10de3306c,1566,13855.354
1784562200238,BTC,aa59a737f6b6a464,1567,37.221
1784562200238,BTC,66b9d20b6716a2b0,1568,27916.403
1784562203111,BTC,66b9d20b6716a2b0,1568,19459.9356
1784562203111,BTC,66b9d20b6716a2b0,1568,499.87628
1784562203111,BTC,66b9d20b6716a2b0,1568,50047.1271
1784562203111,BTC,66b9d20b6716a2b0,1568,130.518
1784562203111,BTC,66b9d20b6716a2b0,1568,5534.048
1784562203111,BTC,66b9d20b6716a2b0,1568,5873.4
1784562203111,BTC,66b9d20b6716a2b0,1568,391.56
1784562203111,BTC,66b9d20b6716a2b0,1568,6460.839
1784562203111,BTC,66b9d20b6716a2b0,1568,199.70172
1784562203111,BTC,66b9d20b6716a2b0,1568,1303.30211
1784562203111,BTC,66b9d20b6716a2b0,1568,1999.68896
1784562203111,BTC,66b9d20b6716a2b0,1568,2000.3416
1784562203111,BTC,66b9d20b6716a2b0,1568,17696.98624
1784562200238,BTC,e53ce8132edbf56d,1569,1021.945
1784562200238,BTC,7ccab98d4d953b1d,1570,333.683
1784562200238,BTC,0c979b8e025642c9,1571,22.202
1784562200238,PUMP,e0aee6614fd40c9b,1572,52.71756
1784562200238,PUMP,bdd11940245bbd49,1573,53.876613
1784562200238,BTC,223676a588009fb8,1574,809.72
1784562200238,BTC,746bcc7b5f73a479,1575,15711.833
1784562200238,BTC,89507e8fb6a21c0c,1576,29272.031
1784562200238,BTC,9e3124130b8306a6,1577,99.909
1784562200238,BTC,6b9e939e9ddb9532,1578,2371.043
1784562200238,PUMP,640153f611dc980d,1579,56.848596
1784562200238,PUMP,640153f611dc980d,1579,77.797104
1784562200238,BTC,39087927bcf432d0,1580,339.56
1784562200238,PUMP,dcfb32c1ce91b5b6,1581,32.36793
1784562200238,BTC,4344ca5252c52c34,1582,244.875
1784562200238,BTC,000f112b2fd08cf3,1583,10717.036
1784562200238,PUMP,aa962570b8637e3c,1584,12.666066
1784562200238,BTC,ccae6e9cbf3a9a0f,1585,2095.477
1784562200238,BTC,2500537e8fbee7ac,1586,7322.742
1784562200238,BTC,5b5ce39149c06846,1587,27384.861
1784562200238,BTC,9465903509a1194c,1588,14.366
1784562200238,BTC,0c1882c056a0295a,1589,1435.947
1784562200238,BTC,98ca02cc3b56f06d,1590,215.49
1784562200238,PUMP,c69d6c3a78aceff4,1591,34.963068
1784562200238,BTC,5308ff6ebf4364a2,1592,452.529
1784562200238,BTC,666c24a95628398c,1593,94.685
1784562200238,BTC,af38c53b7d3ccfd1,1594,2794.187
1784562200238,BTC,ab1ca828932e59d2,1595,843.676
1784562200238,BTC,3d40c3046e38040c,1596,88.808
1784562200238,PUMP,b5b918d131575a54,1597,63.998466
1784562200238,PUMP,93156321a6bcc745,1598,54.585489
1784562200238,PUMP,93156321a6bcc745,1598,42.41034
1784562200238,BTC,33e6b8d596888ab6,1599,609.902
1784562200238,BTC,dfd2a9b446e460f2,1600,7773.312
1784562200238,PUMP,73bc9e5e336208ac,1601,18.669105
1784562200238,PUMP,73bc9e5e336208ac,1601,49.998165
1784562200238,PUMP,73bc9e5e336208ac,1601,56.930076
1784562200238,BTC,7df952e40199abeb,1602,44.404
1784562200238,BTC,3c7dddf8c61a746d,1603,81175.736
1784562200238,BTC,811a170cb114c8ff,1604,389.841
1784562200238,BTC,6570c7018d2e0e44,1605,282.749
1784562200238,BTC,0bed3fe369b267c6,1606,809.067
1784562200238,BTC,ab6460737e94dd93,1607,1311.224
1784562200238,BTC,6dc3de25c4e99a9d,1608,20564.276
1784562200238,BTC,1d712d4907440cae,1609,134.518
1784562200238,BTC,7954f68efd8f4d58,1610,521.747
1784562200238,PUMP,514899f404cda5ba,1611,12.580512
1784562200238,PUMP,62dddf59e9fd767d,1612,206.014032
1784562200238,BTC,4a439ac5d9962baa,1613,209.613
1784562200238,PUMP,4a73829dbbc646e3,1614,75.252891
1784562200238,BTC,5a55f5c5653cf38c,1615,9638.933
1784562200238,PUMP,4804465164342891,1616,167.473992
1784562200238,PUMP,a383f60b0d2674de,1617,35.447874
1784562200238,BTC,e993b48849f35f84,1618,2640.079
1784898440037,BTC,e993b48849f35f84,1619,2468.1912
1784562200238,PUMP,24d877bdb6b9aa60,1620,319.393452
1784562200238,PUMP,300ba12a3551ab29,1621,36.570261
1784562200238,PUMP,32d0bb5fd6d1589e,1622,74.006247
1784562200238,BTC,84750e59db5eb629,1623,9369.897
1784562200238,BTC,f6de7cbd3f6a243d,1624,39233.546
1784562200238,BTC,191a0ed2ed79048b,1625,8889.942
1784562200238,BTC,8941cba0d478b8e4,1626,31.997
1784562200238,BTC,d95ff8c8f986ddeb,1627,565.498
1784562200238,PUMP,2d4727e41676d22b,1628,12.651807
1784562200238,PUMP,1695462161c8fd3b,1629,1315.961073
1784562200238,PUMP,1695462161c8fd3b,1629,387.156294
1784562200238,PUMP,37f147168f06b14f,1630,327.480342
1784562200238,BTC,c12294744409daa4,1631,5342.193
1784562200238,BTC,eb341bf61f2f084c,1632,48.322
1784898349141,BTC,eb341bf61f2f084c,1633,20.63456
1784562200238,PUMP,0d98bcf7303c9fe8,1634,12.678288
1784562200238,PUMP,9550b1c2d0a994e8,1635,127.693419
1784562200238,BTC,5bcce8fb05b2f746,1636,917.465
1784562200238,BTC,dd31e3024f13becb,1637,11.754
1784562200238,BTC,84b76fa833409a4f,1638,217.449
1784562200238,BTC,534071b2fa3f7e6c,1639,39180.0
1784562200238,BTC,3257a3987020b879,1640,731.36
1784562200238,PUMP,1a911d40fbc9a2e6,1641,105.587895
1784562200238,BTC,1b0f967b35a2913c,1642,575.293
1784562200238,BTC,719687bdab73a1b4,1643,116.887
1784562200238,BTC,36268b13f2d53461,1644,342.172
1784898451019,BTC,36268b13f2d53461,1645,63.07476
1784562200238,BTC,0d142dca5bb149bc,1646,172.392
1784562200238,PUMP,13baa4d20ec64116,1647,12.639585
1784562200238,BTC,a58d6f27101f8e48,1648,3334.218
1784562200238,BTC,1b19e83237b879d5,1649,468.201
1784562200238,PUMP,16564b7ee4e16ee7,1650,242.270595
1784562200238,PUMP,a76bfa419535728e,1651,12.592734
1784562200238,PUMP,f807af8cb295ad34,1652,107.543415
1784562200238,PUMP,c4484b1fec6c8fb5,1653,166.989186
1784562200238,PUMP,4173acc0028fa74a,1654,770.953575
1784562200238,BTC,de551a1f2b8e8fce,1655,55.505
1784562200238,BTC,a0ca6d2e985d70e0,1656,50.934
1784562200238,BTC,7da5b09480559a28,1657,195900.0
1784562407103,BTC,7da5b09480559a28,1658,18888.0078
1784562407103,BTC,7da5b09480559a28,1658,10.4592
1784562407103,BTC,7da5b09480559a28,1658,1176.696
1784562407103,BTC,7da5b09480559a28,1658,13074.4
1784562407103,BTC,7da5b09480559a28,1658,19.6119
1784562407103,BTC,7da5b09480559a28,1658,12757.54095
1784562407103,BTC,7da5b09480559a28,1658,1665.07578
1784562407103,BTC,7da5b09480559a28,1658,1665.07578
1784562407103,BTC,7da5b09480559a28,1658,199.3907
1784562407103,BTC,7da5b09480559a28,1658,26.80375
1784562407103,BTC,7da5b09480559a28,1658,1000.2375
1784562407103,BTC,7da5b09480559a28,1658,220.31375
1784562407103,BTC,7da5b09480559a28,1658,106193.8425
1784562864931,BTC,7da5b09480559a28,1659,121983.856
1784562864931,BTC,7da5b09480559a28,1659,3968.144
1784562200238,BTC,8d0a2d94d7b7505b,1660,1045.453
1784562200238,BTC,b378827c848dc0ab,1661,242.916
1784562200238,BTC,22be616eeb61c00b,1662,56885.442
1784562403519,BTC,22be616eeb61c00b,1663,45548.64378
1784562200238,BTC,3b1000ff11f6c96c,1664,796.66
1784898342292,BTC,3b1000ff11f6c96c,1665,674.34895
1784562200238,BTC,e5d3078f03f9d3dd,1666,15321.992
1784562200238,XMR,e5d3078f03f9d3dd,1667,113.78535
1784562200238,PUMP,2b5a9a8290371509,1668,114.395883
1784562200238,PUMP,b58f1f4f7cd20cc0,1669,12.678288
1784562200238,PUMP,b61296ef03b9fddc,1670,277.27644
1784562200238,BTC,bceca6284c7d076f,1671,3682.92
1784562200238,PUMP,045f177e20ca33ed,1672,12.651807
1784562200238,BTC,76ce8ec8eff30e11,1673,60.076
1784562200238,BTC,7d2c7db5a5c4be47,1674,2424.589
1784562200238,PUMP,84c95ec9b71e0681,1675,1031.644761
1784562200238,BTC,75434991be9cd298,1676,3179.457
1784562200238,PUMP,41015bb2f6742bd6,1677,656.091219
1784562200238,BTC,c3d7e7accb05e7f4,1678,2087.641
1784562200238,PUMP,364d297fb662813e,1679,12.672177
1784562200238,BTC,3d285cd30ec41a6c,1680,412.696
1784562200238,BTC,941b2f2995573ec2,1681,307.563
1784562200238,BTC,88a139b8f4c34d81,1682,77.707
1784562200238,BTC,914bfaad2bdc901b,1683,1798.362
1784562200238,PUMP,f7a6641dc27d37a8,1684,12.651807
1784562200238,BTC,83062fbe99c98061,1685,37.221
1784562200238,BTC,3c5ff9e417234511,1686,1550.875
1784562200238,BTC,86f6b2c025451186,1687,1353.016
1784901144452,BTC,86f6b2c025451186,1688,701.35845
1784562200238,BTC,3516ac05a658392e,1689,16.325
1784562200238,BTC,734487b0f01e52c5,1690,2902.585
1784562200238,BTC,c198bc2a59d1948b,1691,23560.24
1784562200238,BTC,7f45d6a4983890d7,1692,732.013
1784562200238,BTC,eed3cb502370b30c,1693,1008.885
1784562200238,ETH,f04174870e904b36,1694,30.66336
1784562200238,BTC,90c1b0d167720081,1695,66.606
1784562200238,BTC,b16005eab2b6d465,1696,63.341
1784562200238,BTC,0ad975573bdd01ca,1697,119.499
1784562200238,BTC,1ead029256a348a3,1698,45267.266
1784901232903,BTC,1ead029256a348a3,1699,21082.88353
1784562200238,BTC,145589a32dd8202b,1700,43.751
1784562200238,BTC,6ffbdad5c273063c,1701,1562.629
1784562200238,BTC,bb35849c711de86f,1702,47566.479
1784562200238,BTC,e83fc0f7a35a04a9,1703,762.051
1784562200238,BTC,8e3f571adfbf4b05,1704,14776.084
1784562203111,PUMP,af9e00a807a97cab,1705,12.58063
1784562203111,PUMP,5a4b88541b49dcba,1706,767.35726
1784562203111,PUMP,5a4b88541b49dcba,1706,79.902293
1784562203111,PUMP,85e018263912c139,1707,12.586747
1784562203111,PUMP,92ddc482c4070f9d,1708,12.58063
1784562203111,PUMP,9bda1e35c4c5c90b,1709,12.586747
1784562235663,xyz:TSLA,9d59e2aba2a258df,1710,500.05262
1784562235663,xyz:TSLA,9d59e2aba2a258df,1710,9673.87806
1784562235663,xyz:TSLA,9d59e2aba2a258df,1710,506.72752
1784562235663,xyz:TSLA,9d59e2aba2a258df,1710,500.02576
1784562235663,xyz:TSLA,9d59e2aba2a258df,1710,11736.32813
1784562235663,xyz:TSLA,9d59e2aba2a258df,1710,499.64002
1784562235663,xyz:TSLA,9d59e2aba2a258df,1710,9673.0986
1784562235663,xyz:TSLA,9d59e2aba2a258df,1710,499.61318
1784562235663,xyz:TSLA,9d59e2aba2a258df,1710,249.80659
1784562235663,xyz:TSLA,9d59e2aba2a258df,1710,4653.5
1784562235663,xyz:TSLA,9d59e2aba2a258df,1710,17352.34308
1784562262620,xyz:TSLA,d5533224b244b8f4,1711,77.79816
1784562262620,xyz:TSLA,70c3502222973756,1712,563.9436
1784562262620,xyz:TSLA,3ba89a086ab8ea3f,1713,154.10736
1784562301777,xyz:CRCL,e125ee0ce91e6b68,1714,749.62352
1784562305130,BTC,1110e1ccbd45ed90,1715,574.88774
1784562305130,BTC,1110e1ccbd45ed90,1715,2373.28798
1784562307971,BTC,1f3e3afcea39ce88,1716,3068.15466
1784898327217,BTC,1f3e3afcea39ce88,1717,1447.04
1784562307971,BTC,c561ebc354b4607d,1718,169.03894
1784562317044,BTC,c4d7f1b01c0c2327,1719,2084.0711
1784562317044,BTC,c4d7f1b01c0c2327,1719,3263.5
1784562317044,BTC,c4d7f1b01c0c2327,1719,3263.5
1784562317044,BTC,c4d7f1b01c0c2327,1719,13471.728
1784562317044,BTC,c4d7f1b01c0c2327,1719,47349.4688
1784562317044,BTC,f0cd716804a2aa71,1720,20360.3238
1784900450801,BTC,f0cd716804a2aa71,1721,15647.04808
1784562317044,BTC,73940dc0e996af20,1722,178.8398
1784562317044,BTC,17f9fc721f34725f,1723,45.0363
1784562346609,xyz:TSLA,973c505b25f1a7df,1724,104.58539
1784562352672,xyz:TSLA,d1c4585836437da9,1725,499.83774
1784562352672,xyz:TSLA,d1c4585836437da9,1725,9109.60509
1784562352672,xyz:TSLA,d1c4585836437da9,1725,231.11757
1784562355654,xyz:TSLA,ea2f2bbbf191f65e,1726,18.24025
1784562355654,xyz:TSLA,53346d97ff427e21,1727,604.534
1784562365167,BTC,c64359be9aaa9fdc,1728,104.48
1784562365167,BTC,b6204db3465c4961,1729,30833.354
1784562365167,BTC,b6204db3465c4961,1729,249.446
1784562365167,BTC,b6204db3465c4961,1729,399.636
1784562365167,BTC,b6204db3465c4961,1729,21731.84
1784562365167,BTC,62fc53d54744fe3e,1730,76218.16
1784562365167,BTC,62fc53d54744fe3e,1730,130.6
1784562365167,BTC,62fc53d54744fe3e,1730,15.019
1784562365167,BTC,62fc53d54744fe3e,1730,653.0
1784562365167,BTC,62fc53d54744fe3e,1730,39.833
1784562365167,BTC,62fc53d54744fe3e,1730,2999.882
1784562365167,BTC,62fc53d54744fe3e,1730,1999.486
1784562365167,BTC,62fc53d54744fe3e,1730,5792.763
1784562365167,BTC,9c0fce1185a3d96c,1731,138.436
1784562365167,BTC,9f34181e7b0baf0f,1732,389.841
1784562365167,BTC,a3763e6314c58283,1733,56169.101
1784562365167,BTC,a1cafb57922ced98,1734,496.28
1784562365167,BTC,0f825682548959e5,1735,5813.006
1784562365167,BTC,3c8a53242787c289,1736,1914.596
1784901315301,BTC,3c8a53242787c289,1737,417.3976
1784562365167,BTC,c8eb394519168b89,1738,4529.861
1784562365167,BTC,40a003feb5bf0a8c,1739,404.86
1784562365167,BTC,e17722ffa5b4a941,1740,754.868
1784562365167,BTC,1480f486b5a9ffa8,1741,15769.95
1784562365167,BTC,866f7c5b24bd1299,1742,78.36
1784562365167,BTC,8f151a4a570429fd,1743,22.855
1784562365167,BTC,e37fa7be6ea0f722,1744,3598.683
1784901232903,BTC,e37fa7be6ea0f722,1745,390.1987
1784562365167,BTC,a1e1a78af6d7cb0a,1746,208.96
1784562365167,SOL,a1e1a78af6d7cb0a,1747,43.30144
1784562365167,BTC,276334c5b8e5874e,1748,1878.681
1784562365167,BTC,f12320915b67c0ee,1749,4211.197
1784562365167,BTC,cd043c56af59ecfa,1750,1162.34
1784562365167,BTC,124a884b1889a792,1751,230.509
1784562365167,BTC,47a3f08005cabfe2,1752,3201.659
1784562367722,xyz:MSTR,032853dda4ad3f91,1753,6188.3145
1784562367722,xyz:MSTR,032853dda4ad3f91,1753,1776.919824
1784562368384,BTC,973cab9c22128260,1754,565.498
1784562368384,BTC,fa84bb3f7938f572,1755,2471.605
1784562368384,BTC,2ab0f73d4bdf4402,1756,90.767
1784562368384,BTC,7b3e026dbecf5dca,1757,234.427
1784562368384,BTC,9d562c0415f70b92,1758,6418.337
1784562368384,BTC,a667e24ac6bbe0b6,1759,44.404
1784562368384,BTC,d06c507285159abe,1760,2591.757
1784562368384,BTC,dd62b8dc89d96638,1761,78.36
1784562383687,BTC,5c3a378d1b7df52b,1762,235.77632
1784562383687,BTC,816dec521f3d6b81,1763,37.22784
1784562383687,BTC,4631726fa6c77b3f,1764,20.24672
1784562383687,SOL,422bf8fff8275cd7,1765,215.22482
1784562386519,BTC,e1f1635e9f65dde9,1766,199.85166
1784562386519,BTC,e1f1635e9f65dde9,1766,3831.85504
1784562386519,SOL,b68d0386e79216d4,1767,61.9296
1784562386519,SOL,54548cce9769a214,1768,2398.99788
1784562390093,BTC,1f41293cde12a248,1769,424.606
1784562390093,ETH,46c4a1b9f6eea742,1770,9718.17396
1784562390093,BTC,12a130af04d07727,1771,1328.03692
1784562390093,BTC,5097f53ea4da71bd,1772,56.17864
1784562390093,BTC,5097f53ea4da71bd,1772,138.48688
1784562390093,BTC,d69efa8c53cc86e9,1773,134.56744
1784562390093,BTC,4b71a4f9b65890c4,1774,23.51664
1784562390093,BTC,3f20d1e6704c71b7,1775,77.73556
1784562390093,SOL,4892a73893186d90,1776,139.3812
1784562390093,ETH,7117055a5340633e,1777,128.34536
1784562390093,BTC,05bee970f7bb2de7,1778,478.17168
1784898455143,BTC,05bee970f7bb2de7,1779,316.01251
1784562390093,BTC,f1f2437d5aa280d9,1780,407.62176
1784562390093,ETH,049fd1b2b8e6f3d7,1781,80.6905
1784562390093,ETH,e65669b2bdf62733,1782,31.89648
1784562390093,BTC,e4a76462fcba424e,1783,275.66728
1784562390093,SOL,f8ffd50bb5a7e6c5,1784,650.4456
1784562390093,BTC,5004b1728c0ab6ec,1785,1041.26456
1784562390093,BTC,a9f2e94c99466f6e,1786,886.44668
1784562390093,BTC,796f06337c4b78f2,1787,410.88796
1784562390093,ETH,796f06337c4b78f2,1788,304.15572
1784562390093,ETH,b314e8aeebf9a547,1789,1477.68038
1784562390093,BTC,c28b770418ed0e33,1790,1966.90564
1784562390093,BTC,3ab0426aae786216,1791,54.87216
1784562390093,BTC,9d3b8ac2a2f2aaa5,1792,255.41684
1784562390093,BTC,9d3b8ac2a2f2aaa5,1792,536.96328
1784562390093,SOL,39da27696bf5e12b,1793,241.59408
1784562390093,BTC,3e3a392f1772f310,1794,347.52368
1784562390093,ETH,34db3c644bf3d379,1795,42.90836
1784562390093,BTC,78f90dba5cc61511,1796,751.87924
1784562390093,BTC,4730a3024a47588c,1797,1866.30668
1784562390093,ETH,b13957f8399e0d80,1798,878.1025
1784562390093,ETH,91e595d4e19b2299,1799,948.92028
1784562390093,ETH,91e595d4e19b2299,1799,2297.11614
1784562390093,ETH,91e595d4e19b2299,1799,37029.15524
1784562392895,ETH,9f9fc0cf96c0451b,1800,5636.15976
1784562392895,ETH,9f9fc0cf96c0451b,1800,4590.3312
1784562392895,SOL,e681ba4d95f6d498,1801,210.7184
1784562392895,SOL,e681ba4d95f6d498,1801,117.7544
1784562392895,ETH,ed428e7449ea9818,1802,106.50024
1784562392895,BTC,d76d51d5cd6f73ee,1803,7050.6176
1784562392895,BTC,d76d51d5cd6f73ee,1803,1226.52565
1784562392895,BTC,d76d51d5cd6f73ee,1803,11.76228
1784562392895,BTC,d76d51d5cd6f73ee,1803,17.64342
1784562392895,BTC,d76d51d5cd6f73ee,1803,199.95876
1784562392895,BTC,d76d51d5cd6f73ee,1803,5881.14
1784562392895,BTC,d76d51d5cd6f73ee,1803,5750.448
1784562392895,BTC,d76d51d5cd6f73ee,1803,2219.80362
1784562392895,BTC,66a51fdde6e8e7cd,1804,241.7802
1784562392895,XRP,8c0e8ce11fc28eb4,1805,3275.244
1784562392895,XRP,8c0e8ce11fc28eb4,1805,6041.772
1784562392895,XRP,8c0e8ce11fc28eb4,1805,1041.9144
1784562392895,XRP,8c0e8ce11fc28eb4,1805,1927.5489
1784562392895,XRP,8c0e8ce11fc28eb4,1805,2951.802
1784562392895,BTC,ce477e051eeaa381,1806,1759.76778
1784562392895,BTC,7a8311c82d4fc8f8,1807,20.25726
1784562392895,ETH,30093e43f965833d,1808,12.14976
1784562392895,BTC,c73cc145bd922182,1809,192.7707
1784562392895,BTC,18ba20c410972f4c,1810,816.17154
1784901030817,BTC,18ba20c410972f4c,1811,1942.0868
1784562392895,BTC,94c0087ecab11c9d,1812,6102.00948
1784562392895,BTC,0edfd929a4250d18,1813,87.56364
1784562392895,BTC,944367ec68c918b3,1814,12.41574
1784562392895,BTC,6d59c201b26d4985,1815,12.41574
1784562392895,BTC,dfc3200f9fdec263,1816,100.63284
1784562392895,BTC,48252d067e4c7493,1817,45.08874
1784562392895,ETH,e629b3df53d04d0a,1818,671.84376
1784898451019,ETH,e629b3df53d04d0a,1819,166.28205
1784562392895,BTC,d17427f23454cf6a,1820,1714.67904
1784562392895,BTC,4b2b3196f30f7ea1,1821,126.11778
1784562392895,BTC,6e4e9fa9cbdc143b,1822,405.1452
1784562392895,BTC,bcca0e5e9f3a0a9d,1823,9790.79118
1784562392895,BTC,24f61af171bb2c47,1824,276.41358
1784562392895,BTC,c4501954bd9c27d4,1825,13722.00654
1784562392895,ETH,77bd3df0d3f6b920,1826,4620.7056
1784562392895,ETH,77bd3df0d3f6b920,1826,8753.33256
1784562394715,xyz:MSTR,65b5eed08c72941f,1827,0.98848
1784562400217,ETH,136dd7398761fc22,1828,156.83262
1784562400217,ETH,0d142dca5bb149bc,1829,18.22752
1784562400217,ETH,0d142dca5bb149bc,1829,129.1116
1784562403519,ETH,fad36d0aec3ac8a0,1830,12.15872
1784562403519,BTC,c4ad35c36b4f5875,1831,45.09702
1784562403519,ETH,34b4fe779a8c4856,1832,258.56278
1784562403519,BTC,a5542f26f9289f8d,1833,56854.27062
1784901068103,BTC,a5542f26f9289f8d,1834,6033.16938
1784901068103,BTC,a5542f26f9289f8d,1834,3208.45
1784901068103,BTC,a5542f26f9289f8d,1834,535.81115
1784562403519,BTC,b8b5aff38b1784c5,1835,38.56122
1784901230150,BTC,b8b5aff38b1784c5,1836,190.02951
1784562403519,ETH,69bac3171be78148,1837,12.15872
1784562403519,ETH,c080773e7a5e8ee8,1838,1545.86726
1784562403519,BTC,e3cd44be962ac7a0,1839,5853.46248
1784901029393,BTC,e3cd44be962ac7a0,1840,6189.2656
1784562403519,ETH,a2b5f80b4ae963b7,1841,12.15872
1784562403519,ETH,73bc9e5e336208ac,1842,271.29144
1784562403519,BTC,cd07cc9863364dab,1843,48330.93384
1784562403519,ETH,21801263d395856b,1844,276.61088
1784562403519,ETH,67cbe2d30f962bdf,1845,517.88548
1784562403519,BTC,d384b26a63c45b44,1846,363.39048
1784562403519,ETH,16239b2c30126bb3,1847,573.16966
1784562403519,ETH,54a3e5b4760fb4e7,1848,596.15724
1784562403519,ETH,54a3e5b4760fb4e7,1848,3989.79
1784562403519,ETH,54a3e5b4760fb4e7,1848,8819.90577
1784562403519,ETH,54a3e5b4760fb4e7,1848,95.0
1784562403519,ETH,54a3e5b4760fb4e7,1848,14.82
1784562403519,ETH,54a3e5b4760fb4e7,1848,10.07
1784562403519,ETH,54a3e5b4760fb4e7,1848,475.0
1784562403519,ETH,54a3e5b4760fb4e7,1848,10.45
1784562403519,ETH,54a3e5b4760fb4e7,1848,133.19
1784562403519,ETH,54a3e5b4760fb4e7,1848,15.01
1784562403519,ETH,54a3e5b4760fb4e7,1848,803.51
1784562403519,BTC,498bb592bedcbcf7,1849,105.87996
1784562403519,ETH,bc229827d06ecd93,1850,379.05
1784562403519,ETH,70565e869fa6aff3,1851,13667.08
1784562403519,ETH,ae40d7ba3b282511,1852,110.96
1784562403519,SOL,8835c40725293e6c,1853,60.4344
1784562403519,SOL,8835c40725293e6c,1853,46.488
1784562403519,SOL,8835c40725293e6c,1853,240.1911
1784562403519,BTC,9e4cad3ff86bfea2,1854,45.09702
1784562407103,SOL,f08c955f08dac0ce,1855,41.87862
1784562407103,SOL,3952cb2522b03356,1856,346.66191
1784562407103,BTC,1701e5f80d8cf061,1857,297.40165
1784562407103,ETH,c1e641119a2b0f14,1858,156.75
1784562407103,HYPE,b538455f88c234a2,1859,25.36178
1784562407103,ETH,0b7a1325cdfd8808,1860,318.44
1784562407103,BTC,b172f707d97d046a,1861,3778.63503
1784562407103,BTC,b172f707d97d046a,1861,13.0726
1784562407103,BTC,b172f707d97d046a,1861,482.37894
1784562407103,BTC,2419f9adb99ff0a1,1862,2024.94574
1784562407103,SOL,dcbf809ec085b166,1863,12.40848
1784562407103,BTC,f3bdceb162f64138,1864,171.90469
1784562407103,SOL,49f23344b93c588b,1865,20.93931
1784898455143,SOL,49f23344b93c588b,1866,95.74638
1784562407103,SOL,4b804c24ee41403d,1867,369.92781
1784562407103,SOL,fd07e3b8b0a7d51f,1868,58.16475
1784562407103,BTC,7e89e2ac1c66c34a,1869,3300.17787
1784562407103,BTC,96db794b52563f79,1870,556.89276
1784562407103,BTC,96db794b52563f79,1870,65.363
1784562407103,BTC,96db794b52563f79,1870,21.57012
1784562407103,BTC,96db794b52563f79,1870,14.38008
1784562407103,BTC,96db794b52563f79,1870,15.68736
1784562407103,BTC,96db794b52563f79,1870,69.93948
1784562407103,BTC,96db794b52563f79,1870,133.34256
1784562407103,BTC,96db794b52563f79,1870,699.3948
1784562407103,BTC,96db794b52563f79,1870,35.2971
1784562407103,BTC,96db794b52563f79,1870,143.803
1784562407103,BTC,96db794b52563f79,1870,11.76588
1784562407103,BTC,96db794b52563f79,1870,949.76798
1784562407103,ETH,abb49f274d9e60b3,1871,1745.72
1784562407103,BTC,7aa3ac49ae7fa80d,1872,841.26042
1784562407103,ETH,7aa3ac49ae7fa80d,1873,530.86
1784562407103,HYPE,7aa3ac49ae7fa80d,1874,218.35874
1784562407103,ETH,55bbd7178b6d1bd3,1875,351.5
1784562407103,BTC,7c58077207780bbe,1876,612.47942
1784562407103,BTC,7c58077207780bbe,1876,298.06896
1784562407103,BTC,8fe461904d3678c8,1877,94.12704
1784562407103,BTC,8fe461904d3678c8,1877,1001.42244
1784562407103,BTC,8fe461904d3678c8,1877,492.86718
1784562407103,BTC,8fe461904d3678c8,1877,249.70194
1784562407103,BTC,8fe461904d3678c8,1877,895.5279
1784562407103,HYPE,ee1a5ae37bba92f2,1878,825.8043
1784562407103,HYPE,ee1a5ae37bba92f2,1878,408.2694
1784562407103,HYPE,ee1a5ae37bba92f2,1878,308.05782
1784562407103,BTC,12bc091b6914ad2a,1879,963.50958
1784562407103,BTC,51601c574da8da4f,1880,902.71827
1784562407103,BTC,51601c574da8da4f,1880,288.27288
1784562407103,BTC,51601c574da8da4f,1880,259.51493
1784562407103,BTC,51601c574da8da4f,1880,13.0738
1784562407103,BTC,51601c574da8da4f,1880,49.6812
1784562407103,BTC,51601c574da8da4f,1880,1111.9437
1784562407103,HYPE,8a54cdc89f6b18ce,1881,129.28531
1784562407103,BTC,922609fa97fba9f3,1882,97.40875
1784562407103,BTC,4ad01410810fa42b,1883,164.745
1784562407103,ETH,b576e5f4cb9713df,1884,106.21
1784562410323,ETH,4b2968a08e7a3b02,1885,758.14625
1784562410323,SOL,b7357a89b6ae3e6e,1886,25.60635
1784901315301,SOL,b7357a89b6ae3e6e,1887,31.04808
1784562410323,SOL,2e428a09c1293bb5,1888,128.8077
1784562410323,BTC,b6808359036cb7d2,1889,1629.79875
1784562410323,BTC,9f1baa9ec7b0f35a,1890,3900.2725
1784562410323,BTC,7489811130b5a655,1891,339.95
1784562410323,BTC,22b24e4e9f5ff9d0,1892,2711.755
1784562410323,BTC,4c9e906630914246,1893,309.8775
1784562410323,BTC,23c7ed223d8f77dc,1894,33039.87125
1784562413150,BTC,23c7ed223d8f77dc,1894,54815.2458
1784562413150,BTC,23c7ed223d8f77dc,1894,77356.9622
1784562410323,BTC,b3c3c0fdcc2fb033,1895,21.57375
1784562410323,BTC,a418736c0b23a6ef,1896,26400.38625
1784899975109,BTC,a418736c0b23a6ef,1897,2142.10948
1784899975109,BTC,a418736c0b23a6ef,1897,10000.15395
1784899975109,BTC,a418736c0b23a6ef,1897,9344.90368
1784562410323,BTC,62644dabf59c767a,1898,7961.3675
1784562410323,BTC,62644dabf59c767a,1898,392.25
1784562410323,BTC,62644dabf59c767a,1898,4998.5725
1784562410323,BTC,4edee1dc8cd69254,1899,1125.10375
1784562410323,BTC,4edee1dc8cd69254,1899,1140.15744
1784562410323,BTC,4edee1dc8cd69254,1899,13.0752
1784562410323,BTC,4edee1dc8cd69254,1899,41.18688
1784562410323,BTC,4edee1dc8cd69254,1899,11.76786
1784562410323,BTC,4edee1dc8cd69254,1899,91.5278
1784562410323,BTC,4edee1dc8cd69254,1899,392.262
1784562410323,BTC,4edee1dc8cd69254,1899,50.34106
1784562410323,BTC,4edee1dc8cd69254,1899,79.10738
1784562410323,BTC,4edee1dc8cd69254,1899,26.1512
1784562410323,BTC,4edee1dc8cd69254,1899,10.4608
1784562410323,BTC,4edee1dc8cd69254,1899,24.19097
1784562410323,BTC,4edee1dc8cd69254,1899,608.70642
1784562410323,BTC,4edee1dc8cd69254,1899,39.2292
1784562410323,BTC,4edee1dc8cd69254,1899,143.8404
1784562410323,BTC,4edee1dc8cd69254,1899,13.0766
1784562410323,BTC,4edee1dc8cd69254,1899,831.01793
1784562410323,BTC,4edee1dc8cd69254,1899,74.53662
1784562410323,BTC,4edee1dc8cd69254,1899,510.64904
1784562410323,BTC,4edee1dc8cd69254,1899,1796.09848
1784562410323,SOL,2dd16ec8826b137d,1900,164.5014
1784562410323,BTC,eeab889966104106,1901,203.34424
1784562410323,BTC,1aec5ea733223280,1902,3885.11728
1784562410323,BTC,1aec5ea733223280,1902,11.7693
1784562410323,BTC,1aec5ea733223280,1902,224.27055
1784562410323,BTC,1aec5ea733223280,1902,4222.5633
1784562410323,ETH,72e04f64c091cc60,1903,442.5215
1784562410323,ETH,72e04f64c091cc60,1903,300.02425
1784562410323,ETH,72e04f64c091cc60,1903,10.4643
1784562410323,ETH,72e04f64c091cc60,1903,36.33966
1784562410323,ETH,72e04f64c091cc60,1903,76.104
1784562410323,ETH,72e04f64c091cc60,1903,526.82994
1784562410323,HYPE,38751b3aea0c0930,1904,13.5861
1784562410323,BTC,e64cfe5c19869c1b,1905,534.19545
1784562410323,BTC,dbc0c6e9944da8be,1906,1060.5447
1784562410323,SOL,517d3b83be035b88,1907,101.64945
1784562410323,BTC,61131ebdc82c60d3,1908,62.11575
1784562410323,BTC,d4173c9da41924de,1909,24.19245
1784562410323,BTC,8e6f3394f7721f57,1910,528.96465
1784562410323,BTC,255aa26021634e6f,1911,1817.703
1784562410323,BTC,b67d98b83978f6c9,1912,122.9238
1784562410323,BTC,7d8054dfd51154ce,1913,1013.4675
1784562410323,BTC,30d91e04b3c9e0de,1914,8262.70245
1784562410323,BTC,c7858ccef44b442b,1915,392.31
1784562410323,BTC,8ed13afc44e584d1,1916,1040.9292
1784562413150,SOL,6207322f8ede7950,1917,5627.33444
1784562413150,SOL,6207322f8ede7950,1917,38800.0
1784562413150,SOL,6207322f8ede7950,1917,10.864
1784562413150,SOL,6207322f8ede7950,1917,15.5204
1784562413150,SOL,6207322f8ede7950,1917,499.7762
1784562413150,SOL,6207322f8ede7950,1917,4157.35342
1784562413150,SOL,6207322f8ede7950,1917,83.81556
1784562413150,SOL,6207322f8ede7950,1917,1500.16264
1784562413150,SOL,6207322f8ede7950,1917,28416.94528
1784562413150,SOL,6207322f8ede7950,1917,4157.46056
1784562413150,SOL,6207322f8ede7950,1917,48.8943
1784562413150,SOL,6207322f8ede7950,1917,13502.5878
1784562413150,SOL,6207322f8ede7950,1917,4157.5677
1784562413150,SOL,6207322f8ede7950,1917,1500.23996
1784562413150,SOL,6207322f8ede7950,1917,499.82128
1784562413150,SOL,6207322f8ede7950,1917,4157.67484
1784562413150,SOL,6207322f8ede7950,1917,4049.07021
1784562413150,SOL,6207322f8ede7950,1917,5003.77458
1784562413150,SOL,6207322f8ede7950,1917,7781.57964
1784898349141,SOL,6207322f8ede7950,1918,52611.71832
1784901232903,SOL,6207322f8ede7950,1919,1164.11316
1784901232903,SOL,6207322f8ede7950,1919,2776.9875
1784901232903,SOL,6207322f8ede7950,1919,2776.9875
1784901232903,SOL,6207322f8ede7950,1919,2776.9875
1784901232903,SOL,6207322f8ede7950,1919,2776.9875
1784901232903,SOL,6207322f8ede7950,1919,2776.9875
1784901232903,SOL,6207322f8ede7950,1919,4009.96995
1784901232903,SOL,6207322f8ede7950,1919,4009.9158
1784901232903,SOL,6207322f8ede7950,1919,2776.95
1784901232903,SOL,6207322f8ede7950,1919,2776.95
1784901232903,SOL,6207322f8ede7950,1919,2776.95
1784901232903,SOL,6207322f8ede7950,1919,2776.95
1784901232903,SOL,6207322f8ede7950,1919,2776.95
1784901232903,SOL,6207322f8ede7950,1919,2776.95
1784901232903,SOL,6207322f8ede7950,1919,2125.2924
1784562413150,SOL,d1810f609bcecda5,1920,62.0912
1784562413150,ETH,6c20726679910c4a,1921,64.45407
1784562413150,ETH,187702b82409bdd7,1922,637.50589
1784562413150,ETH,f5ab161f206ef037,1923,131.1897
1784562413150,ETH,941b59e49c09eca6,1924,56.84887
1784562413150,BTC,300ba12a3551ab29,1925,881.3224
1784899911449,BTC,300ba12a3551ab29,1926,3978.48848
1784562413150,ETH,ece459934fef9d36,1927,760.52
1784562413150,ETH,0d90be3927a7fdbb,1928,1002.36536
1784562413150,ETH,0d90be3927a7fdbb,1928,5652.18464
1784562413150,SOL,6137e53e1bd2eb9d,1929,776.14
1784562413150,ETH,a2ea313ff55d3861,1930,35.55431
1784562413150,ETH,407c3cda8fb929d0,1931,296.22254
1784562413150,ETH,7f3b36df3adbd625,1932,109.32475
1784562413150,ETH,420d8015069fc680,1933,134.80217
1784562416895,HYPE,ee2b3f22c92ebb93,1934,1020.92887
1784562416895,HYPE,ee2b3f22c92ebb93,1934,892.36563
1784562416895,HYPE,ee2b3f22c92ebb93,1934,15000.15296
1784562416895,HYPE,ee2b3f22c92ebb93,1934,1303.62936
1784562416895,HYPE,ee2b3f22c92ebb93,1934,1064.93646
1784562416895,HYPE,ee2b3f22c92ebb93,1934,598.64992
1784562416895,HYPE,ee2b3f22c92ebb93,1934,1473.74252
1784562416895,HYPE,ee2b3f22c92ebb93,1934,3717.50295
1784562416895,HYPE,ee2b3f22c92ebb93,1934,1429.23795
1784562416895,HYPE,ee2b3f22c92ebb93,1934,14999.8863
1784562416895,HYPE,ee2b3f22c92ebb93,1934,427.34895
1784562419497,BTC,5adcbc98e9d8a247,1935,6.5384
1784562419497,SOL,ec5b9b34fa52d3f7,1936,1784.75968
1784562419497,SOL,77f25230f1f4e6d2,1937,104.02688
1784562419497,BTC,4f68cc4b225990f7,1938,10040.36704
1784562419497,BTC,3b90938b43e6e2d2,1939,856.5304
1784562422526,BTC,fa5257414ee2f991,1940,455.1144
1784562422526,BTC,a8b55d9778947e61,1941,102.0084
1784562422526,BTC,0f77d4aa84204d0b,1942,3388.5098
1784562422526,BTC,0f77d4aa84204d0b,1942,423.7272
1784562422526,BTC,121401d974f416fc,1943,566.2774
1784562422526,BTC,5f1d5a5da2f13b11,1944,483.886
1784562422526,BTC,5f1d5a5da2f13b11,1944,527.0434
1784562422526,BTC,c513e0194f4eb67e,1945,405.418
1784562422526,BTC,71ecbc2ff85a5af8,1946,146.4736
1784562422526,SOL,bc300124fc4f8d10,1947,3772.86773
1784562422526,SOL,bc300124fc4f8d10,1947,961.35652
1784562422526,BTC,04dab2be939a8297,1948,15268.565
1784562422526,BTC,04dab2be939a8297,1948,1473.8906
1784562422526,BTC,04dab2be939a8297,1948,972.3493
1784562422526,BTC,04dab2be939a8297,1948,4685.8474
1784562422526,BTC,aa92a27376dc96a6,1949,367.4918
1784562422526,BTC,5e1aa63c4274867d,1950,32.695
1784562422526,BTC,6304a2569dfbf611,1951,117.702
1784562422526,BTC,779f850023aa4954,1952,1215.6001
1784562422526,BTC,562904089b6657da,1953,833.7225
1784562425746,HYPE,f6bf8265d5a1140e,1954,336.39872
1784562425746,BTC,07156200bbb40d0f,1955,1197.18104
1784562425746,BTC,07156200bbb40d0f,1955,95529.2932
1784562444431,HYPE,2f5ff89b8456dc45,1956,36.52395
1784562519379,FARTCOIN,30667d18ac303812,1957,12.32056
1784562519379,FARTCOIN,30667d18ac303812,1957,0.27442
1784562519379,FARTCOIN,49f23344b93c588b,1958,26.989207
1784562519379,FARTCOIN,5c81079df46e3086,1959,106.735659
1784562519379,FARTCOIN,338d7af7577ea929,1960,20.85592
1784562519379,FARTCOIN,56360ef091f4fb8b,1961,12.595878
1784562519379,FARTCOIN,553fd79f7608bc2c,1962,38.363916
1784562519379,FARTCOIN,553fd79f7608bc2c,1962,19.4346
1784562519379,FARTCOIN,199584a01e449ec3,1963,128.013075
1784562519379,FARTCOIN,199584a01e449ec3,1963,146.494544
1784562519379,FARTCOIN,199584a01e449ec3,1963,88.429334
1784562519379,FARTCOIN,78787ad343f1fd56,1964,12.601386
1784562519379,FARTCOIN,d4ab646dfa44838d,1965,49.760375
1784562519379,FARTCOIN,d4ab646dfa44838d,1965,411.87
1784562519379,FARTCOIN,d4ab646dfa44838d,1965,12.32954
1784562519379,FARTCOIN,d4ab646dfa44838d,1965,972.2213
1784562519379,FARTCOIN,adcb53b59a6659f9,1966,27.11675
1784562519379,FARTCOIN,94e7cf8cd9f59568,1967,12.61787
1784562519379,FARTCOIN,fa333d4fe1bd2d7b,1968,12.61787
1784562519379,FARTCOIN,fb8fc8b2bad75f57,1969,12.61787
1784562519379,FARTCOIN,7a3d314471f7e03d,1970,12.61787
1784562519379,FARTCOIN,9c55f372aff98d70,1971,33.6385
1784562519379,FARTCOIN,4d2f14db25f7d661,1972,12.61787
1784562526579,FARTCOIN,7b9af4767ec484a8,1973,89.61904
1784562532732,xyz:TSLA,f836317f1951d1d6,1974,499.63629
1784562532732,xyz:TSLA,f836317f1951d1d6,1974,605.29281
1784562542894,PUMP,866a8de5e21c9cb4,1975,203.9
1784562542894,PUMP,866a8de5e21c9cb4,1975,162.742785
1784562542894,PUMP,860551d89abc7c48,1976,31.722762
1784562561990,PUMP,89c311a573c17328,1977,143.64864
1784562561990,PUMP,6f1fdb1e3bfdcfe7,1978,35.08188
1784562561990,PUMP,0dbf62792ded5f4b,1979,36.77304
1784562596851,PUMP,6efbaf0478b64fe0,1980,290.690298
1784562596851,PUMP,6efbaf0478b64fe0,1980,499.999734
1784562596851,PUMP,6efbaf0478b64fe0,1980,1755.25434
1784562596851,PUMP,ddd06c1eb59a2e77,1981,800.579612
1784562596851,PUMP,ddd06c1eb59a2e77,1981,1001.083748
1784562596851,PUMP,ddd06c1eb59a2e77,1981,155.98786
1784562596851,PUMP,ddd06c1eb59a2e77,1981,167.26052
1784562596851,PUMP,ddd06c1eb59a2e77,1981,538.990536
1784562596851,PUMP,819ee750e1cca854,1982,26.862248
1784562596851,PUMP,a78679788b1e18a4,1983,117.832512
1784562596851,PUMP,1bf3a3167444a58b,1984,196.788144
1784562596851,PUMP,b1a3874e9f5dc4f0,1985,217.649208
1784562596851,PUMP,b1a3874e9f5dc4f0,1985,898.681392
1784562596851,PUMP,f4cdf8f141b9a24a,1986,358.617756
1784562600002,PUMP,25a27bd80e541a3e,1987,28.407915
1784562600002,PUMP,8d134d000444d4a3,1988,52.989291
1784562600002,PUMP,55bf0d0cb777fec3,1989,97.091532
1784562600002,PUMP,23cadbff2ce951b8,1990,12.572622
1784562600002,PUMP,9ea09244b6fa560c,1991,45.303525
1784562600002,PUMP,9ea09244b6fa560c,1991,92.284556
1784562604656,xyz:TSLA,dcb36b00fc1eea56,1992,267.876
1784562607712,xyz:TSLA,8ce8ef790bfa71bc,1993,36.456
1784562640712,xyz:TSLA,a0f668c7e21ebd04,1994,422.92989
1784562640712,xyz:TSLA,a0f668c7e21ebd04,1994,123.11876
1784562640712,xyz:TSLA,baca7d30d261ce4a,1995,51.70244
1784562666636,FARTCOIN,b38669a74723845e,1996,15.7035
1784562734404,HYPE,abf7dc9e546f41ab,1997,13.63274
1784562734404,HYPE,b7c35a0a63f0e055,1998,20.44911
1784562740379,HYPE,4ada7034831783c5,1999,103.47988
1784562756412,HYPE,26a1c349c536bf5b,2000,104.37336
1784562761245,HYPE,6517c8eb6b8767ca,2001,14.89776
1784562765330,BTC,ff532f116cd27ba2,2002,2370.096
1784562765330,BTC,1abbe930b852317b,2003,14656.14
1784562765330,BTC,1abbe930b852317b,2003,99.408
1784562765330,BTC,1abbe930b852317b,2003,99.408
1784562765330,BTC,1abbe930b852317b,2003,654.0
1784562765330,BTC,1abbe930b852317b,2003,654.0
1784562765330,BTC,1abbe930b852317b,2003,999.966
1784562765330,BTC,1abbe930b852317b,2003,578.79
1784562765330,BTC,1abbe930b852317b,2003,10.464
1784562765330,BTC,1abbe930b852317b,2003,2081.682
1784562765330,BTC,9731fc08a786daa4,2004,275.334
1784562765330,BTC,07109ea74c4980e8,2005,45.78
1784562765330,BTC,f2b49aefc11425dc,2006,1103.298
1784562765330,BTC,26f211c132af3fd3,2007,361.662
1784562765330,BTC,a11b47e32a6bc55d,2008,364.278
1784562765330,BTC,9843e87026c0fd2f,2009,4788.588
1784562765330,BTC,9843e87026c0fd2f,2009,16439.598
1784562765330,BTC,9843e87026c0fd2f,2009,15.042
1784562765330,BTC,9843e87026c0fd2f,2009,999.966
1784562765330,BTC,9843e87026c0fd2f,2009,654.0
1784562765330,BTC,9843e87026c0fd2f,2009,17591.946
1784562765330,BTC,e4019c0b10858026,2010,4110.39
1784562765330,BTC,e4019c0b10858026,2010,6540.0
1784562765330,BTC,e4019c0b10858026,2010,399.594
1784562765330,BTC,e4019c0b10858026,2010,17276.064
1784901071129,BTC,e4019c0b10858026,2011,807.72404
1784562765330,BTC,527375dc9f59c6d9,2012,2868.444
1784562765330,BTC,c1ddc0aa3cee0aa4,2013,141.918
1784562765330,BTC,7342d96c6c380ec0,2014,2275.266
1784562765330,BTC,eb9ef04acd73771b,2015,9437.874
1784562765330,BTC,eb9ef04acd73771b,2015,130.8
1784562765330,BTC,eb9ef04acd73771b,2015,3999.864
1784562765330,BTC,eb9ef04acd73771b,2015,19619.346
1784898327217,BTC,eb9ef04acd73771b,2016,26918.174
1784562765330,BTC,30e40c020e0952e2,2017,203.394
1784562765330,BTC,a00c737a86d07241,2018,780.876
1784562765330,BTC,01505ca0b5daaac3,2019,44880.096
1784562765330,HYPE,09a218134a647e26,2020,599.2071
1784562765330,BTC,ce5d45c3ed298986,2021,487.23
1784562765330,SOL,cc8d01c485a2a968,2022,72.99288
1784562768855,BTC,3420c6b51995e47b,2023,203.394
1784562768855,BTC,7d2aafca0770e6d7,2024,404.826
1784562768855,BTC,cd3d0f45faf52c6b,2025,420.522
1784562768855,BTC,d1d6ed56ad5ad98a,2026,5305.902
1784562769257,SOL,cc4d499861e9d919,2027,37.27296
1784562769257,BTC,b2f00d9bd5046b01,2028,6730.4096
1784562769783,xyz:CRCL,d18281cc14975574,2029,25.41513
1784562772451,BTC,66d3bf4d030248b3,2030,68.05864
1784562772451,BTC,36c84000c864b8b7,2031,12.43379
1784562772451,BTC,4a6fb7148e1cef26,2032,405.7342
1784562772451,BTC,e5fee516205c4ae1,2033,35.99255
1784562772451,BTC,88d3d1e896a11804,2034,404.42538
1784562772451,BTC,794dffacea48f185,2035,1136.71017
1784562772451,BTC,a2c9f736eb5f2aac,2036,113.21293
1784562772451,BTC,48c9d8214c8eba58,2037,34.68373
1784562772451,BTC,d3977f5ffc411918,2038,1207.38645
1784562772451,BTC,8f4336bffbff04fa,2039,219.22735
1784562772451,BTC,bf50c4c24539945b,2040,126.30113
1784562772451,BTC,b1252787f0e2a7a3,2041,23156.29785
1784562772451,BTC,5b329ae005130a98,2042,15.70584
1784562772451,BTC,78beb55034bbeece,2043,77.22038
1784562772451,BTC,ba2a490dfa9dd0e0,2044,187.81567
1784562772451,BTC,62954cce37c0dac2,2045,562.7926
1784562772451,BTC,2e662338dab98894,2046,1015.64432
1784562772451,BTC,c8bfc629541013e5,2047,10.47056
1784562772451,BTC,ab3aa92a8bac13ad,2048,281.3963
1784562775292,BTC,97312b04ad82c391,2049,246.71257
1784562775292,BTC,ba9fc7b6cfa624f1,2050,2839.48499
1784562775292,BTC,694ecf6756379dd1,2051,150.5143
1784562775292,BTC,2c8d589a84b363f2,2052,271.58015
1784562775292,BTC,e3c5a8b7d7dd67ac,2053,39.91901
1784562775292,BTC,7172854bc35e54ca,2054,24018.81023
1784562775292,SOL,7172854bc35e54ca,2055,120.37455
1784562775292,SOL,7172854bc35e54ca,2055,1073.27502
1784562775292,SOL,7172854bc35e54ca,2055,3783.64392
1784562775292,SOL,7172854bc35e54ca,2055,883.78218
1784562775292,SOL,7172854bc35e54ca,2055,59.02388
1784562775292,SOL,7172854bc35e54ca,2055,3433.48123
1784562775292,BTC,5b639d042ad98d2b,2056,205.48474
1784562775292,BTC,79da199a04faf1fc,2057,18.32348
1784901144452,BTC,79da199a04faf1fc,2058,1775.63232
1784562775292,BTC,db8b5ba284a04f50,2059,41.22783
1784562775292,BTC,42e26f0adc0dc13d,2060,28.79404
1784562775292,BTC,1c6292c6c2a61d51,2061,4623.40665
1784562775292,BTC,40d6cc0e56863528,2062,41.88224
1784562775292,BTC,ffc85280e658f419,2063,1236.18049
1784562775292,BTC,b34b200e5bd72fb2,2064,2213.21462
1784900441257,BTC,b34b200e5bd72fb2,2065,736.67222
1784562775292,BTC,32d2c6024e592ec4,2066,288.59481
1784562775292,BTC,1c54f1fefee523ae,2067,202.21269
1784562775292,BTC,36ff0cbad7687f64,2068,13946.78592
1784562775292,BTC,36ff0cbad7687f64,2068,6187.44655
1784562775292,BTC,36ff0cbad7687f64,2068,3089.46961
1784562775292,BTC,65abe8d00092e714,2069,132.84523
1784562775292,BTC,1c1e1004a3c4b0a5,2070,405.07979
1784562775292,BTC,1e46ebe40c4800a5,2071,34.02932
1784562775292,BTC,1e46ebe40c4800a5,2071,7857.50087
1784562775292,BTC,1e46ebe40c4800a5,2071,142.66138
1784562778470,BTC,9e68d353c2bdce35,2072,1571.38247
1784562778470,FARTCOIN,d6cb5d38a8bd1943,2073,12.574656
1784562778470,SOL,343d8d4c40d3398e,2074,252.43725
1784562778470,BTC,5c0f6d9eedd07575,2075,809.57939
1784562778470,BTC,0eaa57dd311b2cab,2076,418.20633
1784562778470,BTC,4af69cae9d10aaa0,2077,174.08902
1784562778470,SOL,05119fdacd5ee27f,2078,30.29247
1784898333286,SOL,05119fdacd5ee27f,2079,2109.3264
1784562778470,BTC,73bc9e5e336208ac,2080,474.49075
1784562778470,XRP,5e71d99f5aa65c65,2081,228.7424
1784562778470,BTC,8ecb2b8824ffbdc0,2082,536.01093
1784899917353,BTC,8ecb2b8824ffbdc0,2083,437.172
1784562778470,BTC,8ead63d9061d3037,2084,581.82383
1784562778470,BTC,bcfea475db098056,2085,181.94266
1784562778470,BTC,6068beb9441324e2,2086,53.01207
1784562778470,BTC,b1a3874e9f5dc4f0,2087,4367.27831
1784900073784,BTC,b1a3874e9f5dc4f0,2088,5930.93106
1784562778470,BTC,c413ff1e44a18328,2089,40.57714
1784562781373,BTC,fa84c9873e9ed7f1,2090,588.4854
1784562781373,BTC,1a4cf8d9c9aaf583,2091,392.76
1784562781373,BTC,d46c6a24df06ccd9,2092,267.7314
1784562781373,BTC,004d5d3dcb9406ed,2093,12.4374
1784562781373,BTC,eade71a37bcfa69a,2094,74.6244
1784898573699,BTC,eade71a37bcfa69a,2095,198.13332
1784562781373,BTC,c5141a0e4f510872,2096,171.5052
1784562781373,BTC,d4a467066793dfe4,2097,6100.2174
1784562781373,HYPE,cccd17cb94c2e1f6,2098,57.20284
1784562781710,xyz:MSTR,28805935c59020e5,2099,63.229848
1784562784300,BTC,81a44777f329800a,2100,387.57056
1784562784300,BTC,3bc1b6044f6fedd8,2101,407.86564
1784562784300,BTC,d7c091165b6c3eb4,2102,398.04544
1784562784300,BTC,c915e31ec6cbef2f,2103,623.91004
1784562784300,BTC,1edd02497d4831ed,2104,3841.66224
1784562784300,BTC,1edd02497d4831ed,2104,203.60859
1784562784300,BTC,471926e7038bff28,2105,170.87409
1784562784300,BTC,03f307498009dc3c,2106,564.34278
1784562784300,BTC,13ea355960aa4502,2107,4487.89995
1784562784300,BTC,962bb396d3f093cb,2108,428.82195
1784562784300,XMR,962bb396d3f093cb,2109,22.79496
1784562784300,FARTCOIN,2224a5040d911996,2110,129.684247
1784562784300,BTC,47b592f32b74622c,2111,439.95168
1784562784300,BTC,9034c3fa0e5ec382,2112,3039.72567
1784562784300,BTC,9034c3fa0e5ec382,2112,14374.37364
1784562784300,BTC,6b2e466f7f59891e,2113,8286.41133
1784562784300,BTC,6b2e466f7f59891e,2113,9724.76526
1784562784300,BTC,5bdabe64a3da5958,2114,202.29921
1784562784300,BTC,5bdabe64a3da5958,2114,3130.7754
1784562784300,BTC,245653158950a18c,2115,506.7378
1784562784300,BTC,e06c62c6100c4161,2116,3821.4839
1784900239703,BTC,e06c62c6100c4161,2117,208.8125
1784562784300,ETH,4f817679e71574a7,2118,12.1728
1784562784300,BTC,589a6dede56b8231,2119,65.47
1784562784300,BTC,009b586731d790c7,2120,34.0444
1784562784300,BTC,22c8fef036eb6c31,2121,1726.4439
1784562784300,BTC,65c362f5e5b617ad,2122,30.7709
1784562784300,BTC,65c362f5e5b617ad,2122,81.8375
1784898349141,BTC,65c362f5e5b617ad,2123,326.92881
1784562784300,BTC,423b27c2e27cb07a,2124,9253.5298
1784562784300,BTC,423b27c2e27cb07a,2124,22661.1311
1784562784300,BTC,423b27c2e27cb07a,2124,17600.3001
1784562784300,BTC,423b27c2e27cb07a,2124,9927.2161
1784562784300,BTC,423b27c2e27cb07a,2124,21865.6706
1784562784300,BTC,423b27c2e27cb07a,2124,17600.3001
1784562784300,BTC,423b27c2e27cb07a,2124,22661.1311
1784562784300,BTC,423b27c2e27cb07a,2124,9927.2161
1784562784300,BTC,423b27c2e27cb07a,2124,63587.06112
1784562805861,BTC,423b27c2e27cb07a,2125,582.6385
1784562805861,BTC,423b27c2e27cb07a,2125,19.6395
1784562805861,BTC,423b27c2e27cb07a,2125,60.2278
1784562805861,BTC,423b27c2e27cb07a,2125,17375.7203
1784562805861,BTC,423b27c2e27cb07a,2125,5237.2
1784562805861,BTC,423b27c2e27cb07a,2125,2018.28595
1784562805861,BTC,423b27c2e27cb07a,2125,21335.69815
1784562805861,BTC,423b27c2e27cb07a,2125,5023.7841
1784562805861,BTC,423b27c2e27cb07a,2125,4839.82745
1784562805861,BTC,423b27c2e27cb07a,2125,5189.41055
1784562805861,BTC,423b27c2e27cb07a,2125,5891.85
1784562805861,BTC,423b27c2e27cb07a,2125,5760.92
1784562805861,BTC,423b27c2e27cb07a,2125,28972.84505
1784562805861,BTC,423b27c2e27cb07a,2125,7670.53405
1784562805861,BTC,423b27c2e27cb07a,2125,9085.2327
1784562805861,BTC,423b27c2e27cb07a,2125,8118.31465
1784562805861,BTC,423b27c2e27cb07a,2125,7694.7561
1784562805861,BTC,423b27c2e27cb07a,2125,8539.2546
1784562805861,BTC,423b27c2e27cb07a,2125,149998.6452
1784562805861,BTC,423b27c2e27cb07a,2125,52832.8736
1784562805861,BTC,423b27c2e27cb07a,2125,1289.02554
1784562805861,BTC,423b27c2e27cb07a,2125,10.47456
1784562805861,BTC,423b27c2e27cb07a,2125,50047.66728
1784562805861,BTC,423b27c2e27cb07a,2125,2743.1511
1784562805861,BTC,423b27c2e27cb07a,2125,53555.60607
1784562805861,BTC,423b27c2e27cb07a,2125,99.5144
1784562805861,BTC,423b27c2e27cb07a,2125,65.47
1784562805861,BTC,423b27c2e27cb07a,2125,100094.4642
1784562805861,BTC,423b27c2e27cb07a,2125,10.4752
1784562805861,BTC,423b27c2e27cb07a,2125,24.22427
1784562805861,BTC,423b27c2e27cb07a,2125,6481.629
1784562805861,BTC,423b27c2e27cb07a,2125,500.19844
1784562805861,BTC,423b27c2e27cb07a,2125,1000.39688
1784562805861,BTC,423b27c2e27cb07a,2125,1999.51488
1784562805861,BTC,423b27c2e27cb07a,2125,120111.6576
1784562805861,BTC,423b27c2e27cb07a,2125,96025.16352
1784562784300,BTC,42b4af3ebae01abf,2126,293.31456
1784562784300,BTC,2627096abb18d35c,2127,12.43968
1784562784300,BTC,2935bf89a1dae3c4,2128,3.2736
1784562784300,BTC,9cce50b6d73c5467,2129,1670.84544
1784562784300,BTC,fee4d1f6ee22161c,2130,726.08448
1784562784300,ETH,6fed75994df0764c,2131,632.2248
1784562802432,SOL,a34326604bdb2249,2132,432.99509
1784562802432,SOL,32cb9b8192f1b177,2133,695.74615
1784562802432,SOL,59d0a1997adda960,2134,3011.53138
1784562802432,SOL,2efa4d009956f8c2,2135,455.53882
1784562805861,SOL,70fe231d23b627ea,2136,10.10958
1784562805861,SOL,70fe231d23b627ea,2136,68.43408
1784562805861,SOL,0f345e772e1aaa6f,2137,172.64052
1784562805861,SOL,46be403ae2eb0051,2138,121.31496
1784562805861,SUI,2dd7561952a08380,2139,17.291486
1784562805861,SUI,2dd7561952a08380,2139,19.360825
1784562808487,SOL,635aced8b9257751,2140,1638.36106
1784562808487,SOL,635aced8b9257751,2140,1366.20806
1784562808487,XRP,6a5d8e4d8cad04b3,2141,88.856
1784562808487,XRP,6a5d8e4d8cad04b3,2141,2635.9284
1784562808487,XRP,6a5d8e4d8cad04b3,2141,2617.2804
1784562808487,XRP,6a5d8e4d8cad04b3,2141,1940.917
1784562808487,XRP,6a5d8e4d8cad04b3,2141,36.6663
1784562808487,XRP,6a5d8e4d8cad04b3,2141,881.1023
1784562808487,HYPE,4d3e20f338a0a0e5,2142,68.4035
1784562808487,HYPE,4d3e20f338a0a0e5,2142,171.00875
1784562808487,HYPE,4d3e20f338a0a0e5,2142,999.9348
1784562808487,HYPE,4d3e20f338a0a0e5,2142,499.9674
1784562808487,HYPE,4d3e20f338a0a0e5,2142,237.5467
1784562808487,HYPE,4d3e20f338a0a0e5,2142,7581.5952
1784562808487,HYPE,4d3e20f338a0a0e5,2142,10009.2976
1784562808487,HYPE,4d3e20f338a0a0e5,2142,486.90855
1784562808487,HYPE,4d3e20f338a0a0e5,2142,11037.8375
1784562811496,ETH,0cd6056f68264087,2143,321.74657
1784562811496,BTC,b8b55f78fa7475d2,2144,990.65188
1784901030817,BTC,b8b55f78fa7475d2,2145,313.84509
1784562811496,ETH,66e0ec30b860e10d,2146,82.00637
1784901312312,ETH,66e0ec30b860e10d,2147,34.3728
1784562811496,BTC,665362876476a7eb,2148,398.74884
1784562811496,ETH,e9f14387b51b7e85,2149,575.75702
1784562811496,BTC,c924f6b3238a5536,2150,174.82092
1784562811496,BTC,dd32691ddbe852dd,2151,23001.06404
1784562811496,BTC,585dbb4a976bcaa6,2152,1949.22052
1784562811496,BTC,585dbb4a976bcaa6,2152,202.9756
1784562811496,ETH,b4eb6a8fe3f0cc97,2153,2182.3969
1784562811496,BTC,e6a5d950e1b88302,2154,584.70068
1784562811496,BTC,6d08c1c0f21ad44e,2155,591.90304
1784562811496,BTC,6a92f177a6c81f01,2156,10.47616
1784562811496,BTC,fceab079a5f454f5,2157,127.6782
1784562811496,FARTCOIN,c4af5927df7ffea7,2158,12.583776
1784562811496,BTC,3c18a7d671ead42b,2159,2169.87464
1784562811496,ETH,9d39d76384ee02b1,2160,135.0917
1784562811496,BTC,02ca0df6a407fb81,2161,2670.11128
1784562811496,BTC,02ca0df6a407fb81,2161,5761.888
1784562811496,BTC,02ca0df6a407fb81,2161,1572.07876
1784898330068,BTC,02ca0df6a407fb81,2162,4046.55812
1784562811496,BTC,13baa4d20ec64116,2163,12.44044
1784562811496,BTC,f0b482899a6085cc,2164,20.29756
1784562811496,BTC,f3d5ac32a2febb80,2165,7621.4064
1784562811496,BTC,6e9729127932af3e,2166,56.30936
1784562814545,BTC,27acbcb449c9b882,2167,514.02585
1784562814545,BTC,5f1911c23e726da0,2168,402.05334
1784562814545,BTC,df2bf2bb9f77c6d1,2169,6477.38052
1784562814545,ETH,1128702d321c53c0,2170,257.17636
1784562814545,ETH,04be6cb46de63cc0,2171,101.27152
1784562814545,BTC,c9fc97ea2273c011,2172,42844.2183
1784562814545,SOL,73bc9e5e336208ac,2173,120.5745
1784562814545,BTC,4db4c963116a665a,2174,690.16974
1784562814545,BTC,9e5a3c390bdc0836,2175,56.96847
1784562814545,ETH,908ec450aa9c4b8d,2176,611.43632
1784562814545,ETH,908ec450aa9c4b8d,2176,769.85628
1784562814545,ETH,908ec450aa9c4b8d,2176,769.85628
1784562814545,ETH,908ec450aa9c4b8d,2176,2363.82429
1784562814545,ETH,908ec450aa9c4b8d,2176,4494.06459
1784562814545,ETH,908ec450aa9c4b8d,2176,4494.6357
1784562814545,ETH,908ec450aa9c4b8d,2176,4494.6357
1784562814545,ETH,908ec450aa9c4b8d,2176,4494.6357
1784562814545,ETH,908ec450aa9c4b8d,2176,4494.6357
1784562814545,ETH,908ec450aa9c4b8d,2176,4494.82607
1784562814545,ETH,908ec450aa9c4b8d,2176,4494.82607
1784562814545,ETH,908ec450aa9c4b8d,2176,4494.06459
1784562814545,ETH,908ec450aa9c4b8d,2176,4494.06459
1784562814545,ETH,908ec450aa9c4b8d,2176,3979.87522
1784562818170,ETH,908ec450aa9c4b8d,2176,1503.0036
1784562818170,ETH,908ec450aa9c4b8d,2176,18731.39175
1784562818170,ETH,908ec450aa9c4b8d,2176,18731.39175
1784562818170,ETH,908ec450aa9c4b8d,2176,2836.215
1784562818170,ETH,908ec450aa9c4b8d,2176,2855.25
1784562818170,ETH,908ec450aa9c4b8d,2176,2836.215
1784562818170,ETH,908ec450aa9c4b8d,2176,2855.25
1784562818170,ETH,908ec450aa9c4b8d,2176,3054.70692
1784562818170,ETH,908ec450aa9c4b8d,2176,1503.08256
1784562818170,ETH,908ec450aa9c4b8d,2176,18731.424
1784562818170,ETH,908ec450aa9c4b8d,2176,3036.81308
1784562818170,ETH,908ec450aa9c4b8d,2176,2836.364
1784562818170,ETH,908ec450aa9c4b8d,2176,2855.4
1784562818170,ETH,908ec450aa9c4b8d,2176,3036.81308
1784562818170,ETH,908ec450aa9c4b8d,2176,2836.364
1784562818170,ETH,908ec450aa9c4b8d,2176,2855.4
1784562818170,ETH,908ec450aa9c4b8d,2176,2798.292
1784562818170,ETH,908ec450aa9c4b8d,2176,1596.54932
1784562818170,ETH,908ec450aa9c4b8d,2176,2836.364
1784562818170,ETH,908ec450aa9c4b8d,2176,3054.86739
1784562818170,ETH,908ec450aa9c4b8d,2176,3050.48888
1784562818170,ETH,908ec450aa9c4b8d,2176,1503.16152
1784562818170,ETH,908ec450aa9c4b8d,2176,18731.26578
1784562818170,ETH,908ec450aa9c4b8d,2176,3036.78224
1784562818170,ETH,908ec450aa9c4b8d,2176,2798.439
1784562818170,ETH,908ec450aa9c4b8d,2176,2836.513
1784562818170,ETH,908ec450aa9c4b8d,2176,1596.63319
1784562818170,ETH,908ec450aa9c4b8d,2176,2836.513
1784562818170,ETH,908ec450aa9c4b8d,2176,2855.55
1784562818170,ETH,908ec450aa9c4b8d,2176,3036.78224
1784562818170,ETH,908ec450aa9c4b8d,2176,3054.86739
1784562818170,ETH,908ec450aa9c4b8d,2176,1596.63319
1784562818170,ETH,908ec450aa9c4b8d,2176,3050.48888
1784562818170,ETH,908ec450aa9c4b8d,2176,2836.513
1784562818170,ETH,908ec450aa9c4b8d,2176,2855.55
1784562818170,ETH,908ec450aa9c4b8d,2176,2798.439
1784562818170,ETH,908ec450aa9c4b8d,2176,2836.513
1784562818170,ETH,908ec450aa9c4b8d,2176,15543.13939
1784562818170,ETH,908ec450aa9c4b8d,2176,2397.90052
1784562818170,ETH,908ec450aa9c4b8d,2176,4673.39313
1784562818170,ETH,908ec450aa9c4b8d,2176,8005.0585
1784562818170,ETH,908ec450aa9c4b8d,2176,2432.73823
1784562818170,ETH,908ec450aa9c4b8d,2176,28.74587
1784562814545,BTC,72bc2abdd2d2314b,2177,15668.29368
1784562818170,SOL,4f1056f0ccd6db54,2178,8.55789
1784562818170,SOL,4f1056f0ccd6db54,2178,540.70305
1784562818170,SOL,c07bede8d8163056,2179,109.69659
1784562818170,SOL,65710b6938f99178,2180,31.89759
1784562818170,SOL,82e73c4bd0d3c9e0,2181,447.34425
1784562818170,SOL,b07e73359ec96234,2182,145.48413
1784562818170,SOL,f241dbfd175763b1,2183,227.95107
1784562818170,SOL,993596df0bbc706e,2184,525.92124
1784562818170,SOL,b0fbba7081ec63aa,2185,12.44784
1784562823598,HYPE,a17220122abc7382,2186,31.77045
1784562848105,BTC,49621b90c1b7b402,2187,94.93875
1784562848105,BTC,990cd79ad99ad85e,2188,194.46075
1784562848105,BTC,2eee7198d284501a,2189,859.032
1784562848105,BTC,e65669b2bdf62733,2190,13.095
1784562848105,BTC,05c5596e546a4022,2191,32689.70325
1784562848105,BTC,7f5903683b63e769,2192,53.6895
1784562848105,BTC,5bf026630b3bcdaf,2193,63.51075
1784562848105,BTC,79b704ddb82e1078,2194,19.6425
1784562848105,BTC,d9866977ad666672,2195,1213.9065
1784898394053,BTC,d9866977ad666672,2196,988.24845
1784562852966,FARTCOIN,c3d7e7accb05e7f4,2197,345.364992
1784562858582,BTC,92dcf7ba7cf61269,2198,1214.6169
1784900196306,BTC,92dcf7ba7cf61269,2199,736.99338
1784900196306,BTC,92dcf7ba7cf61269,2199,448.49292
1784562858582,BTC,031b2de7c2e0a971,2200,211.49394
1784562859649,xyz:MSTR,23059da3adb1c61d,2201,1249.967232
1784562859649,xyz:MSTR,23059da3adb1c61d,2201,499.962375
1784562859649,xyz:MSTR,23059da3adb1c61d,2201,3493.737658
1784562861530,BTC,03a74c92524a6cf2,2202,2373.39384
1784562861530,BTC,1f30917e1c20d5c4,2203,978.43554
1784562861530,BTC,d5a05b5ae11a0248,2204,79.24411
1784562861530,BTC,abae9611eb0cd060,2205,512.79453
1784562861530,BTC,ad5ac9e68298004d,2206,3400.29272
1784562861530,BTC,2c6fa52c1b779b6f,2207,38.63969
1784562861530,BTC,e64f4cd336bd9054,2208,24025.37335
1784562861530,BTC,4e8de5308a0c2856,2209,2184.77976
1784562861530,BTC,26e0a2448a81e33c,2210,22.26694
1784562861530,BTC,3d923ed674048ec6,2211,1429.66853
1784562864931,BTC,cfad3f569cae0ae1,2212,228.288
1784562864931,PUMP,a3eadbfd12e5b975,2213,105.596542
1784562864931,BTC,23ef5c8d8ccf5d89,2214,74.784
1784562864931,BTC,1fe64227e3e1811d,2215,412.624
1784562864931,SOL,b47138402323a4fc,2216,491.49221
1784562864931,BTC,c31b7a802ce1250c,2217,28.864
1784562864931,BTC,dfa5a4f4046bbc02,2218,103.648
1784562864931,BTC,7ab5b7361b8de9b8,2219,89.872
1784562864931,BTC,98b549b5a2a8f022,2220,1420.896
1784562864931,SOL,18f43cfc1cd86b21,2221,100.47939
1784562864931,BTC,ae7b85d771e1ae16,2222,22230.528
1784562864931,BTC,9d930520c3f26deb,2223,0.656
1784562864931,BTC,c2eb00a7ca590cb7,2224,1382.192
1784562864931,SOL,910c96ee95ea9a2f,2225,856.02209
1784562864931,BTC,6d7c90b6154ea7a7,2226,636.32
1784562864931,BTC,4ba4f2a53687aa57,2227,1388.096
1784562864931,BTC,ca161e0dce9777cf,2228,1767.92
1784562864931,BTC,5111166068ac8017,2229,26.24
1784562864931,BTC,a30a111d40cfffea,2230,237.472
1784562864931,BTC,9dda51aa69b2418e,2231,1568.496
1784562864931,BTC,9e29b31f29a34be9,2232,92.496
1784562864931,BTC,5c69a1d817511b1a,2233,359.488
1784562864931,BTC,7befc34b6dcfd810,2234,173.184
1784562864931,BTC,6d0a5cccc5ae49ce,2235,164.0
1784899911449,BTC,6d0a5cccc5ae49ce,2236,210.91712
1784562864931,BTC,b61e3294adef7e34,2237,74.784
1784562864931,BTC,14df8f8df41ca897,2238,83.968
1784901110881,BTC,14df8f8df41ca897,2239,472.52755
1784562864931,BTC,a3f6150e7d33a9c8,2240,1605.232
1784562864931,BTC,a919981b9534e57a,2241,164.656
1784562864931,BTC,0ca4df99041f7afb,2242,25625.328
1784901230150,BTC,0ca4df99041f7afb,2243,7528.23978
1784562864931,BTC,d6be2c5c85b28d0c,2244,246.656
1784562864931,BTC,4abf22ba75aed0e2,2245,28.208
1784562864931,SOL,9ac6bd73a7115344,2246,156.56091
1784562864931,PUMP,f6909ec98673aba7,2247,30.408185
1784562864931,BTC,83010776e3fbce60,2248,766.208
1784562864931,BTC,06f1d06eab111096,2249,91.84
1784562864931,BTC,f8f57e681aaf0bd6,2250,87.904
1784562864931,BTC,37bba2a06d3eacef,2251,2187.104
1784562864931,BTC,d1baa328270eddc1,2252,3376.432
1784562864931,BTC,9d5b207a43a92c31,2253,197.456
1784898105789,BTC,9d5b207a43a92c31,2254,38.15766
1784562864931,BTC,3a43cbb656e11398,2255,25341.28
1784562864931,ETH,3a43cbb656e11398,2256,63878.52744
1784562864931,ETH,3a43cbb656e11398,2256,3003.61968
1784562864931,ETH,3a43cbb656e11398,2256,499.905
1784562864931,ETH,3a43cbb656e11398,2256,30767.4864
1784562864931,SOL,3a43cbb656e11398,2257,9253.4508
1784562864931,SOL,3a43cbb656e11398,2257,2362.46436
1784562864931,SOL,3a43cbb656e11398,2257,72.43956
1784562864931,SOL,3a43cbb656e11398,2257,1500.19992
1784562864931,SOL,3a43cbb656e11398,2257,17.91539
1784562864931,SOL,3a43cbb656e11398,2257,1021.20345
1784562864931,SOL,3a43cbb656e11398,2257,65.4318
1784562864931,SOL,3a43cbb656e11398,2257,3820.74975
1784562864931,SOL,3a43cbb656e11398,2257,499.31336
1784562864931,SOL,3a43cbb656e11398,2257,1500.27696
1784562864931,SOL,3a43cbb656e11398,2257,15606.28566
1784562864931,BNB,3a43cbb656e11398,2258,1772.23995
1784562864931,BNB,3a43cbb656e11398,2258,13306.10576
1784562864931,BTC,84448a5151d9d3c1,2259,671.088
1784562864931,BTC,99b6bf3bba5f1d86,2260,78125.664
1784562864931,BTC,508c2125620f9a69,2261,35.424
1784562864931,BTC,c661995b2acb25a5,2262,405.408
1784562864931,BTC,ef606f1e21c6fab6,2263,51.168
1784562864931,BTC,4034fa63b4b448c5,2264,1514.048
1784562864931,BTC,3cfb7ce970832c05,2265,38.704
1784562864931,BTC,1e3447a07a3c7545,2266,31907.84
1784562864931,PUMP,4ce53ab9b6157f31,2267,78.899568
1784562864931,PUMP,eca71139f8d8e735,2268,12.591097
1784562864931,BTC,ec342a1459c684ea,2269,21.648
1784562864931,BTC,cf6f11388505ed43,2270,425.744
1784562864931,BTC,2276509092860283,2271,3318.048
1784562864931,BTC,7e547f37dec820e7,2272,24843.376
1784901351453,BTC,7e547f37dec820e7,2273,7521.03
1784562864931,BTC,107fb2e6cac2d698,2274,6033.232
1784562864931,BTC,4804465164342891,2275,1060.096
1784562864931,BTC,586b1bbc2926a036,2276,264.368
1784562864931,BTC,140fc15600566536,2277,31.488
1784562864931,BTC,8e3392bab6aeae22,2278,228.944
1784562864931,BTC,80a2eff6ed11d079,2279,245.344
1784562864931,BTC,9a7d01243fee862e,2280,120.704
1784562864931,BTC,2e076b0a956723f4,2281,194.832
1784562864931,SOL,fac0faf03072d722,2282,176.05174
1784562864931,BTC,808355936e95600e,2283,196.8
1784898327217,BTC,808355936e95600e,2284,515.508
1784562864931,BTC,139bcda3e3e86790,2285,1737.744
1784898327217,BTC,139bcda3e3e86790,2286,263.568
1784562864931,BTC,69b8e3f94b761410,2287,40.016
1784562864931,BTC,e20cd8a6adf5c269,2288,9766.528
1784562864931,BTC,bd3120e83b45a0f7,2289,57.728
1784562864931,XRP,7d754a8caa441ba1,2290,2665.8745
1784562864931,BTC,8993d5ac74b84339,2291,1716.096
1784899861984,BTC,8993d5ac74b84339,2292,3524.6519
1784562864931,BTC,82fc0e007f19a119,2293,12.464
1784562864931,BTC,ea13f9d38c61f94f,2294,2608.912
1784562864931,ETH,8c423698042ecef2,2295,24850.32516
1784562864931,ETH,8c423698042ecef2,2295,15629.22036
1784562864931,ETH,8c423698042ecef2,2295,2481.4332
1784562864931,BTC,cfb4e207cb975238,2296,472.976
1784562864931,SOL,eb32329009ad0bb4,2297,905.96537
1784562864931,BTC,7f17b1a58aa9a9b0,2298,4378.8
1784562864931,BTC,5c9c3c343ac643bf,2299,459.856
1784562864931,SOL,2b3da1979af48efc,2300,222.01215
1784562864931,SOL,a721822c98fed31a,2301,81.79395
1784562864931,BTC,11ecb11e0b3615a5,2302,2579.392
1784562864931,BTC,513019482f4d6cbc,2303,204.672
1784562864931,BTC,c37ae0e4a6e49dec,2304,473.632
1784562864931,BTC,99e5286982896c06,2305,52323.216
1784562864931,SOL,79f38587819b5e2f,2306,11087.36467
1784562864931,BTC,6ad8c9766e62c0fe,2307,2025.728
1784562864931,XRP,8e345cbd12a377eb,2308,5113.5814
1784562864931,XRP,8e345cbd12a377eb,2308,20366.3907
1784562864931,BTC,9090acaa9b11cc4c,2309,71841.84
1784562864931,BTC,abac8a64123cc67e,2310,101.68
1784562864931,ETH,779028707ff6d694,2311,33.13656
1784562864931,BTC,f095ee9fe234b759,2312,225.664
1784562864931,BTC,60251f2d3e09aee1,2313,179.744
1784562864931,BTC,ee9f35420eafea60,2314,57.072
1784562864931,PUMP,b3de1095eeb10514,2315,132.313986
1784562864931,BTC,3cf89c66cc6a7767,2316,2873.936
1784562864931,BTC,0841ac4898fbd0a7,2317,61.008
1784562864931,BTC,1903654be0044852,2318,168.592
1784899977728,BTC,1903654be0044852,2319,513.01824
1784562864931,SOL,70d57deb3c6a9606,2320,164.36689
1784562864931,BTC,5cd61afd460b73b2,2321,52.48
1784901030817,BTC,5cd61afd460b73b2,2322,986.41586
1784562864931,BTC,2d4ad3363355914e,2323,12.464
1784562864931,SOL,ffb9346aa785b1d4,2324,409.74874
1784562864931,BTC,129f2d6ec3bc5a72,2325,402.128
1784562864931,BTC,2126a49722f404c0,2326,4407.664
1784562864931,BTC,f49878724d2af4ac,2327,69.536
1784562864931,BTC,ff8cf85816e8edb7,2328,68756.672
1784562864931,BTC,2b73f79a1dc6d759,2329,2604.976
1784562864931,SOL,47dd20a607f251d7,2330,163.5879
1784562864931,BTC,7e24f4e2f1bb57b3,2331,7284.88
1784562865659,xyz:MSTR,655a584410d04bee,2332,150.094186
1784562865659,xyz:MSTR,655a584410d04bee,2332,897.857498
1784562865659,xyz:MSTR,7d4fc84b28a5bba1,2333,4880.842607
1784562865659,xyz:MSTR,c5f969bb0586093d,2334,51.297605
1784562865659,xyz:MSTR,db94dec9e8691b41,2335,330.894454
1784562868466,BTC,88bfd2e79cc422d0,2336,333.03972
1784562868466,BTC,70f3aa96e9d3eeed,2337,1724.85729
1784562868466,BTC,ddf089edbae6943b,2338,11245.33527
1784562868466,BTC,5b5fd25dcf4d9704,2339,185.53197
1784562868466,BTC,72d8755455069476,2340,3548.05308
1784562868466,BTC,72d8755455069476,2340,37402.72068
1784562868466,BTC,72d8755455069476,2340,29999.7984
1784562868466,BTC,72d8755455069476,2340,44264.8008
1784562868466,BTC,72d8755455069476,2340,29999.6004
1784562868466,BTC,72d8755455069476,2340,27194.04719
1784562919400,BTC,72d8755455069476,2341,138011.904
1784562922563,BTC,72d8755455069476,2341,2535.86259
1784562922563,BTC,72d8755455069476,2341,10.49232
1784562922563,BTC,72d8755455069476,2341,9998.02188
1784562922563,BTC,72d8755455069476,2341,19.674
1784562922563,BTC,72d8755455069476,2341,6999.46013
1784562922563,BTC,72d8755455069476,2341,144.2782
1784562922563,BTC,72d8755455069476,2341,58326.00752
1784562922563,BTC,72d8755455069476,2341,473871.27816
1784562868466,BTC,b465b37ca37890ba,2342,578.90363
1784562868466,BTC,f2f8d17aeceb5b19,2343,218.31813
1784562868466,BTC,8ffd0ff440d2192a,2344,617.58462
1784900081679,BTC,8ffd0ff440d2192a,2345,1418.57132
1784562868466,BTC,b9031aad5e0fa9bb,2346,1390.54881
1784562868466,BTC,b9031aad5e0fa9bb,2346,574.97874
1784562868466,BTC,ecfa833c3bda8273,2347,969.66198
1784898327217,BTC,ecfa833c3bda8273,2348,111.758
1784562868466,BTC,5344984524a14839,2349,11547.43506
1784562868466,BTC,ac1400d260af7522,2350,396.6501
1784562868466,BTC,a02180b0f2fdf6e6,2351,114.07788
1784562868466,BTC,ec02a368b7deb6c4,2352,1384.01382
1784562868466,BTC,12fcf0d1943da6fa,2353,866.72964
1784562868466,BTC,dfb7edf64022ff79,2354,474.01326
1784562868466,BTC,8c40591f47db0fa8,2355,64.90638
1784562868466,BTC,63586a76100dd647,2356,756.58548
1784562868466,BTC,eabd16d5e7bb53e8,2357,224.22204
1784901144452,BTC,eabd16d5e7bb53e8,2358,796.80688
1784562868466,BTC,eb9d711eeea3b0a2,2359,3382.34358
1784562868466,BTC,1144d95126ba1ed6,2360,72.77382
1784562868466,BTC,24197db0a4f4fe16,2361,777.56532
1784562868466,BTC,f07dd42f46c6abe5,2362,66.21762
1784562919400,BTC,ae0e1f206a1f0510,2363,238.128
1784562919400,BTC,96bec76303f339c9,2364,390.32
1784562919400,BTC,eeb05466491a908f,2365,22.304
1784562919400,BTC,44370de40dbf48d6,2366,2316.336
1784562919400,BTC,64e5bd8263e7bc61,2367,210.576
1784562922563,BTC,d486a401770b6d3f,2368,12.45963
1784562922563,BTC,966b6be757a794ac,2369,69.51162
1784562922563,BTC,0f0892180af9bd2f,2370,717.41238
1784562922563,BTC,d1d6d1454396c591,2371,4330.44549
1784562922563,BTC,6bb715c5d02a6de1,2372,60.99219
1784562922563,BTC,b988311b9e9a6dbb,2373,935.86941
1784562922563,BTC,a420b1cf37bf7c87,2374,4474.72809
1784562922563,BTC,a568d202b907b45f,2375,25.57737
1784562922563,BTC,711cdbb882f66cd7,2376,43.94061
1784563069912,XRP,37d5cba50adee7a0,2377,2958.0882
1784563125391,CASHCAT,88acf6358ee5cb5d,2378,11.279231
1784563125391,CASHCAT,424003c1e7155b93,2379,99.791059
1784563125391,CASHCAT,fbbf17550d61b4a4,2380,117.872269
1784563134296,CASHCAT,2de1ceae3067d3ef,2381,209.15336
1784563134296,CASHCAT,2de1ceae3067d3ef,2381,250.992
1784563134296,CASHCAT,2de1ceae3067d3ef,2381,199.98198
1784563134296,CASHCAT,2de1ceae3067d3ef,2381,89.63472
1784563134296,CASHCAT,d3ec4011c5575135,2382,110.313
1784563134296,CASHCAT,d3ec4011c5575135,2382,199.94772
1784563134296,CASHCAT,d3ec4011c5575135,2382,648.34605
1784563134296,CASHCAT,d3ec4011c5575135,2382,1186.9467
1784563134296,CASHCAT,09966b1ae23f5f38,2383,45.5253
1784563134296,CASHCAT,4aa99de47f39b2aa,2384,51.93
1784563134296,CASHCAT,54fa7e171b03b76d,2385,56.34405
1784563140240,CASHCAT,9564025b41d75a33,2386,17.546914
1784563140240,CASHCAT,cd55d0ac397d15ce,2387,4.667652
1784563143401,CASHCAT,82e73c4bd0d3c9e0,2388,173.744367
1784563143401,CASHCAT,d9d176190e11d7e3,2389,68.25363
1784563143401,CASHCAT,9beb8de3232d548c,2390,15.724254
1784563143401,CASHCAT,001bea201b961d22,2391,16.588224
1784563143401,CASHCAT,6c9cbff5958cb31f,2392,307.746114
1784563172893,CASHCAT,8835c40725293e6c,2393,45.37995
1784563175846,CASHCAT,89e0d7959a2d8e61,2394,45.041492
1784563189627,CASHCAT,7879150e1522d1dc,2395,322.35489
1784563189627,CASHCAT,0247ad12a910805a,2396,13.755885
1784898067453,BTC,033fde2b8474464e,2397,10.35376
1784898067453,BTC,cbd44fdec6aeb957,2398,3997.84558
1784898067453,BTC,eb0595f4313f727b,2399,33.64972
1784898081037,BTC,2df3e019a7d77f53,2400,96.44919
1784898081037,XRP,2df3e019a7d77f53,2401,359.4057
1784898092756,ONDO,46ea60f6ef59b202,2402,18.34034
1784898095781,ONDO,761554a31fc830a4,2403,124.24412
1784898095781,ONDO,761554a31fc830a4,2403,579.89105
1784898095781,ONDO,761554a31fc830a4,2403,49.84704
1784898095781,ONDO,761554a31fc830a4,2403,15.96581
1784898095781,ONDO,761554a31fc830a4,2403,938.4299
1784898095781,ONDO,761554a31fc830a4,2403,797.06086
1784898095781,ONDO,761554a31fc830a4,2403,4000.8795
1784898095781,ONDO,761554a31fc830a4,2403,3865.66536
1784898095781,ONDO,761554a31fc830a4,2403,811.38456
1784898095781,ONDO,761554a31fc830a4,2403,48.665
1784898095781,ONDO,761554a31fc830a4,2403,4425.72432
1784898095781,ONDO,761554a31fc830a4,2403,3865.84037
1784898095781,ONDO,761554a31fc830a4,2403,1328.57851
1784898099926,BTC,00877c7c0b2754a5,2404,1494.6162
1784901315301,BTC,00877c7c0b2754a5,2405,1578.20949
1784898099926,ONDO,3daa65b4fa017628,2406,64.218
1784898099926,ONDO,3daa65b4fa017628,2406,180.19497
1784898099926,ONDO,3daa65b4fa017628,2406,194.555
1784898099926,ONDO,3daa65b4fa017628,2406,350.19
1784898102941,ADA,bad01df16b3a4e29,2407,220.36346
1784898102941,FARTCOIN,b383d292d420d038,2408,53.634
1784898102941,FARTCOIN,b383d292d420d038,2408,191.55
1784898102941,FARTCOIN,b383d292d420d038,2408,53.6298
1784898102941,FARTCOIN,b383d292d420d038,2408,845.315837
1784898105789,BTC,ca6451098e4b77b4,2409,29.75004
1784898105789,BTC,52f1005c6b208951,2410,11.64132
1784898105789,BTC,d0983fcfe564168a,2411,11.64132
1784898105789,BTC,95f0959461dec90b,2412,150.04368
1784898105789,BTC,ab3ec1eb25d45b69,2413,80.19576
1784898105789,ENA,dee957f4d79c210c,2414,31.171716
1784898105789,BTC,c96b8d405ae028c9,2415,35716.2165
1784898351933,BTC,c96b8d405ae028c9,2416,28503.1688
1784899868144,BTC,c96b8d405ae028c9,2417,8981.47935
1784899868144,BTC,c96b8d405ae028c9,2417,5811.24285
1784899868144,BTC,c96b8d405ae028c9,2417,7935.237
1784901141578,BTC,c96b8d405ae028c9,2418,46991.92437
1784901141578,BTC,c96b8d405ae028c9,2418,960.69
1784901141578,BTC,c96b8d405ae028c9,2418,1280.92
1784901141578,BTC,c96b8d405ae028c9,2418,2043.70786
1784901141578,BTC,c96b8d405ae028c9,2418,6665.8036
1784901141578,BTC,c96b8d405ae028c9,2418,8994.4798
1784901141578,BTC,c96b8d405ae028c9,2418,3991.2844
1784901141578,BTC,c96b8d405ae028c9,2418,9606.75
1784901141578,BTC,c96b8d405ae028c9,2418,10012.7953
1784898105789,BTC,62f26f153c93f256,2419,4503.89736
1784898105789,BTC,dbbd1bad63f0bb04,2420,2434.32936
1784898122040,FARTCOIN,3fa178f68db171eb,2421,66.769101
1784898140952,BTC,46354a07ff4247cd,2422,50.45742
1784898140952,BTC,cbc38006b1219745,2423,11.64402
1784898140952,BTC,aba893cebf4ec03b,2424,669.53115
1784898143946,FARTCOIN,773e5e6735ae5ba3,2425,13.98496
1784898143946,FARTCOIN,47eaedf4e958b42d,2426,113.61504
1784898143946,FARTCOIN,47eaedf4e958b42d,2426,465.37536
1784898149997,BTC,8e358029df96dda4,2427,76.32948
1784898153072,BTC,47ee943d1436e0a3,2428,237.39762
1784898153072,BTC,e30d4e4b48ed96f3,2429,78.27006
1784898168750,BTC,3e9cb1703f101673,2430,59.501
1784898168750,BTC,8abbff4c0c4cd0a1,2431,434.616
1784898187717,BTC,22b531cb19be2d23,2432,315.62376
1784898187717,BTC,22b531cb19be2d23,2432,14.87525
1784898187717,BTC,22b531cb19be2d23,2432,562.02575
1784898187717,BTC,22b531cb19be2d23,2432,3328.71931
1784898187717,BTC,22b531cb19be2d23,2432,200.4863
1784898187717,BTC,22b531cb19be2d23,2432,3595.8188
1784898187717,BTC,22b531cb19be2d23,2432,49.79821
1784898187717,BTC,22b531cb19be2d23,2432,76.31414
1784898187717,BTC,22b531cb19be2d23,2432,23720.76294
1784898187717,ONDO,76c31b8cd97e177f,2433,87.575
1784898187717,BTC,b0059a2801093664,2434,109.9441
1784898187717,ETH,5055881b6bb6cfd5,2435,78.9562
1784898187717,BTC,8a090199e023bffd,2436,341.47344
1784898187717,BTC,209c2995157e475d,2437,325.95192
1784898187717,BTC,894c56470aa7027a,2438,413.26047
1784898187717,BTC,e95bf500db77487c,2439,2006.15646
1784898187717,BTC,565fe5acdda05f96,2440,78.90106
1784898199477,SOL,e03d39f82c0abdb0,2441,63.55365
1784898199477,BTC,854aa491b3da6eed,2442,1339.35712
1784898199477,BTC,dfa615e8ae4b0744,2443,717.21248
1784898199477,BTC,dfa615e8ae4b0744,2443,970.08
1784898199477,BTC,dfa615e8ae4b0744,2443,2266.10688
1784898199477,BTC,1089f7f8ba8c8e2c,2444,165.56032
1784898199477,BTC,36c64091e46eff70,2445,1089.07648
1784898199477,BTC,36c64091e46eff70,2445,129.344
1784898199477,BTC,36c64091e46eff70,2445,37531.10176
1784898199477,BTC,36c64091e46eff70,2445,53.67776
1784898394053,BTC,36c64091e46eff70,2446,30943.68
1784899977728,BTC,36c64091e46eff70,2447,24686.592
1784898199477,BTC,ad6527338ee100ee,2448,77.6064
1784898199477,BTC,1853875d2d731f6c,2449,7367.43424
1784898199477,BTC,9c519838398e54fa,2450,36.21632
1784898199477,BTC,f2815d0420827bc2,2451,31.68928
1784898199477,BTC,deac1cfea907209e,2452,5072.87168
1784898199477,ETH,deac1cfea907209e,2453,4830.89568
1784898199477,ETH,deac1cfea907209e,2453,9564.51496
1784898199477,SOL,deac1cfea907209e,2454,17419.68162
1784898199477,SOL,deac1cfea907209e,2454,12308.47278
1784898199477,SOL,deac1cfea907209e,2454,16.44764
1784898199477,SOL,deac1cfea907209e,2454,52.3334
1784898199477,SOL,deac1cfea907209e,2454,497.1673
1784898199477,SOL,deac1cfea907209e,2454,40.37148
1784898199477,SOL,deac1cfea907209e,2454,5003.75373
1784898199477,SOL,deac1cfea907209e,2454,11.9616
1784898199477,SOL,deac1cfea907209e,2454,31.39878
1784898199477,SOL,deac1cfea907209e,2454,1996.81289
1784898199477,SOL,deac1cfea907209e,2454,500.13771
1784898199477,SOL,deac1cfea907209e,2454,19390.24183
1784898199477,BTC,93ccbdf5d1b988ab,2455,404.2
1784898199477,BTC,4cc9911133e614d3,2456,1142.75424
1784898199477,BTC,6cb178e682e71ab0,2457,42583.92512
1784898199477,BTC,6cb178e682e71ab0,2457,3699.2384
1784898199477,BTC,6cb178e682e71ab0,2457,2463.35648
1784898199477,BTC,6cb178e682e71ab0,2457,924.8096
1784898199477,BTC,6cb178e682e71ab0,2457,369.92384
1784898199477,BTC,6cb178e682e71ab0,2457,6467.1
1784898199477,BTC,6cb178e682e71ab0,2457,10.34736
1784898199477,BTC,6cb178e682e71ab0,2457,1994.4228
1784898199477,BTC,6cb178e682e71ab0,2457,59321.1443
1784898199477,SOL,6cb178e682e71ab0,2458,10638.2057
1784898199477,SOL,6cb178e682e71ab0,2458,119.6128
1784898199477,SOL,6cb178e682e71ab0,2458,178.67162
1784898199477,SOL,6cb178e682e71ab0,2458,504.6165
1784898199477,SOL,6cb178e682e71ab0,2458,1660.37518
1784898199477,SOL,6cb178e682e71ab0,2458,5409.48888
1784898199477,SOL,6cb178e682e71ab0,2458,7475.7
1784898199477,SOL,6cb178e682e71ab0,2458,436.5692
1784898199477,SOL,6cb178e682e71ab0,2458,2854.1459
1784898199477,SOL,6cb178e682e71ab0,2458,5948.25535
1784898199477,SOL,6cb178e682e71ab0,2458,476.93052
1784898199477,SOL,6cb178e682e71ab0,2458,4338.72216
1784898216199,BTC,ed01ac6eb7864cd4,2459,546.4615
1784898229791,ONDO,5f338752a1cd65e3,2460,287.0209
1784898229791,ONDO,c6143574f6f45dd8,2461,15.452
1784898235559,ONDO,6988e7fc30921a2f,2462,26.62986
1784898235559,ONDO,6988e7fc30921a2f,2462,49.78368
1784898235559,ONDO,6988e7fc30921a2f,2462,15.434
1784898235559,ONDO,6988e7fc30921a2f,2462,66.36448
1784898235559,ONDO,fa3df0b81110ec91,2463,89.12904
1784898238574,SUI,c1c5bec528ed82ff,2464,11.392391
1784898238574,ONDO,1a8d58b2e5ab9327,2465,34.6662
1784898241615,ONDO,cf4647707b21005b,2466,271.95375
1784898241615,ONDO,cf4647707b21005b,2466,4385.47806
1784898241615,ONDO,cf4647707b21005b,2466,1477.1927
1784898241615,ONDO,cf4647707b21005b,2466,999.44928
1784898241615,ONDO,cf4647707b21005b,2466,4383.65902
1784898241615,ONDO,cf4647707b21005b,2466,1887.79968
1784898241615,ONDO,cf4647707b21005b,2466,3148.64628
1784898241615,ONDO,cf4647707b21005b,2466,2352.42358
1784898244636,SUI,5824a45b5802de8f,2467,47.452278
1784898244636,SOL,645c17738b9d6cd7,2468,359.61965
1784898244636,SUI,4210e33049ccaca5,2469,2.539495
1784898244636,SUI,4210e33049ccaca5,2469,384.385794
1784898244636,SOL,b153692d89f9abf9,2470,687.838
1784898244636,SOL,b576e5f4cb9713df,2471,37.3825
1784898253691,SOL,94d482440626f0b9,2472,28.39892
1784898253691,SOL,5111d34189968903,2473,215.23392
1784898253691,SOL,3cdb70b1ec32a8ec,2474,56.0505
1784898253691,SOL,8fb0a1751bf8472a,2475,293.70462
1784898253691,SOL,1b989c08f8571912,2476,23.16754
1784898253691,SOL,4ebef32be170e6f4,2477,733.14054
1784898253691,SOL,f8270e3398218ce9,2478,2875.01698
1784898253691,SOL,3ec4dcf1a8fc9dfe,2479,80.71272
1784898253691,SOL,af57f7a925cfaa10,2480,982.7521
1784898259586,BTC,5409210a0b373f73,2481,82.1309
1784898259586,SOL,ba797bf67f72d976,2482,521.57352
1784898259586,SOL,ba797bf67f72d976,2482,20.17548
1784898259586,SOL,ba797bf67f72d976,2482,59.7784
1784898259586,SOL,ba797bf67f72d976,2482,74.722
1784898259586,SOL,ba797bf67f72d976,2482,912.34341
1784898259586,SOL,d4fa67718013dc7c,2483,20.17467
1784898259586,SOL,2c6a168f0ed4c30e,2484,1638.63153
1784898259586,SOL,2c6a168f0ed4c30e,2484,50.81028
1784898259586,SOL,2c6a168f0ed4c30e,2484,74.72
1784898259586,SOL,2c6a168f0ed4c30e,2484,25.40446
1784898259586,SOL,d4063ce7244c892b,2485,290.65691
1784898259586,SOL,d4063ce7244c892b,2485,19.42668
1784898259586,SOL,d4063ce7244c892b,2485,823.39236
1784898262533,XRP,90e3fd87b7b7b21d,2486,36.2373
1784898265549,ONDO,f66f49f5c05581be,2487,1495.34
1784898265549,ONDO,f66f49f5c05581be,2487,2251.03653
1784898265549,ONDO,f66f49f5c05581be,2487,500.01108
1784898265549,ONDO,f66f49f5c05581be,2487,321.39985
1784898274750,ONDO,ac010b0bffbc1d14,2488,66.89256
1784898274750,ONDO,4df27551298df801,2489,946.87572
1784898284328,ONDO,271e5cba1739c9dd,2490,98.02965
1784898296362,ONDO,0e8006b15c2bffe7,2491,474.67401
1784898302414,ONDO,ea6c031540219f41,2492,1438.9911
1784898305375,ONDO,c60dde585c8c1d05,2493,11.5068
1784898305375,ONDO,eecd69b02d3c2199,2494,4248.31056
1784898305375,ONDO,eecd69b02d3c2199,2494,438.63248
1784898314396,ONDO,55c6308746143112,2495,86.22675
1784898314396,ONDO,55c6308746143112,2495,431.11125
1784898320848,BTC,2993c15e693728b3,2496,13911.8104
1784898320848,BTC,a9529a507f1af802,2497,105.4121
1784898320848,BTC,573d7fe0e620a1ea,2498,9655.231
1784898320848,BTC,92277115107c2336,2499,84.071
1784898324195,BTC,a2207b84c4e30204,2500,937.425
1784898324195,BTC,282b7b8ce704f214,2501,21564.654
1784898430379,BTC,282b7b8ce704f214,2502,1727.6352
1784898430379,BTC,282b7b8ce704f214,2502,32.2315
1784898430379,BTC,282b7b8ce704f214,2502,48.34575
1784898430379,BTC,282b7b8ce704f214,2502,7494.23586
1784898430379,BTC,282b7b8ce704f214,2502,386.766
1784898430379,BTC,282b7b8ce704f214,2502,10.31376
1784898430379,BTC,282b7b8ce704f214,2502,141.812
1784898430379,BTC,282b7b8ce704f214,2502,6348.56691
1784898430379,BTC,282b7b8ce704f214,2502,37530.60816
1784898430379,BTC,282b7b8ce704f214,2502,24.49404
1784898430379,BTC,282b7b8ce704f214,2502,3505.22604
1784898430379,BTC,282b7b8ce704f214,2502,161.145
1784898430379,BTC,282b7b8ce704f214,2502,199.8198
1784898430379,BTC,282b7b8ce704f214,2502,9861.42942
1784898430379,BTC,282b7b8ce704f214,2502,6207.3054
1784898430379,BTC,282b7b8ce704f214,2502,625.87747
1784898430379,BTC,282b7b8ce704f214,2502,23.84909
1784898430379,BTC,282b7b8ce704f214,2502,10.95752
1784898430379,BTC,282b7b8ce704f214,2502,999.71256
1784898430379,BTC,282b7b8ce704f214,2502,828.2596
1784898430379,BTC,282b7b8ce704f214,2502,538.85216
1784898430379,BTC,282b7b8ce704f214,2502,1499.89112
1784898430379,BTC,282b7b8ce704f214,2502,5801.04
1784898430379,BTC,282b7b8ce704f214,2502,10.31296
1784898430379,BTC,282b7b8ce704f214,2502,1987.17848
1784898324195,BTC,a6d8ce87d8e9a4c9,2503,468.066
1784898324195,ONDO,6b6f24536545e443,2504,99.88992
1784898324195,ONDO,6b6f24536545e443,2504,499.83232
1784898324195,ONDO,6b6f24536545e443,2504,2891.6812
1784898324195,ONDO,6b6f24536545e443,2504,201.28968
1784898324195,ONDO,6b6f24536545e443,2504,1465.6261
1784898324195,ONDO,6b6f24536545e443,2504,192.0903
1784898324195,ONDO,6b6f24536545e443,2504,196.29432
1784898324195,ONDO,6b6f24536545e443,2504,500.09741
1784898324195,ONDO,6b6f24536545e443,2504,99.86643
1784898324195,ONDO,6b6f24536545e443,2504,543.70302
1784898324195,ONDO,6b6f24536545e443,2504,4349.89309
1784898324195,ONDO,6b6f24536545e443,2504,2891.99781
1784898324195,ONDO,6b6f24536545e443,2504,102.52608
1784898324195,ONDO,6b6f24536545e443,2504,2955.65856
1784898324195,BTC,e430f64aa4a4f401,2505,14.8695
1784898324195,BTC,dfe03601ee00257a,2506,1492.122
1784898324195,BTC,95c410c4ada2fe4e,2507,1788.8655
1784898324195,BTC,95c410c4ada2fe4e,2507,1293.0
1784898324195,BTC,95c410c4ada2fe4e,2507,1087.413
1784898324195,BTC,246d414fc362e5a6,2508,205.587
1784898324195,BTC,246d414fc362e5a6,2508,200.415
1784898324195,BTC,246d414fc362e5a6,2508,499.7445
1784898324195,BTC,246d414fc362e5a6,2508,391.1325
1784898327217,BTC,fa4a82e9e74551f3,2509,74.29
1784898327217,BTC,1646723533dac585,2510,11.628
1784898327217,BTC,d50ff3a409958481,2511,329.46
1784898327217,BTC,e1c0f93148ffe011,2512,45.22
1784898327217,BTC,248e0bd280772bc2,2513,254.524
1784898327217,FARTCOIN,654e69306466ccb2,2514,0.076266
1784898327217,BTC,2155b04bf3fca560,2515,23.902
1784898327217,BTC,6d6fa037acce3c79,2516,18.088
1784898327217,BTC,b8e93c153a37169d,2517,116.926
1784898327217,BTC,04f24f5049d40585,2518,197.03
1784898327217,BTC,2b1ef3b8ca900c7d,2519,53.618
1784898327217,BTC,71f8ed3954f9cacf,2520,1570.426
1784898327217,BTC,770eeecb76c43497,2521,477.394
1784898327217,BTC,bb4a483dbc2d5f8b,2522,12.274
1784898327217,FARTCOIN,4e4c8112c4c527cf,2523,80.930937
1784898327217,BTC,5a8b9c18e1e07b3b,2524,343.026
1784898327217,BTC,1d5648cfd9b5e85f,2525,4967.74
1784898327217,BTC,2ac8960cc1265b0a,2526,403.75
1784898327217,BTC,45ee52a11cb77e5f,2527,389.538
1784898327217,BTC,5694baf935df44c8,2528,1743.554
1784898327217,ETH,5d2b7a0755ac324e,2529,1192.7958
1784898327217,SOL,5d2b7a0755ac324e,2530,1081.93932
1784898327217,BTC,7e5d3cc7a1498aea,2531,272.612
1784898327217,BTC,a43256b6be9abb61,2532,486.438
1784898327217,BTC,30667d18ac303812,2533,11.628
1784898327217,BTC,2c07698a238a1b04,2534,208.012
1784898327217,BTC,9bef39c056248a3d,2535,48.45
1784898327217,BTC,19971c903d0f7c34,2536,3378.58
1784898327217,SOL,87201e0708ac44bc,2537,26.88048
1784898327217,BTC,294231332d3d57a1,2538,58.786
1784898327217,BTC,e12bb81d1278c6ff,2539,96900.0
1784898330068,BTC,e12bb81d1278c6ff,2539,387354.0
1784898327217,BTC,a7ae8074c5f225b9,2540,886.958
1784898327217,BTC,c4e3d0664b5c75a9,2541,160.854
1784898327217,BTC,313de3f21a438638,2542,11.628
1784898327217,BTC,3dc235dca022ed17,2543,38953.154
1784898327217,BTC,e76a81024295e236,2544,8456.14
1784898327217,BTC,c61ec2f2281f8161,2545,11.628
1784898327217,BTC,d5899c1cc9f0ca69,2546,202.198
1784898327217,BTC,89fba33157f6c5b0,2547,14851.54
1784898327217,BTC,7cbdd0a8f295d0c7,2548,39757.424
1784898433986,BTC,7cbdd0a8f295d0c7,2549,31730.48045
1784900193507,BTC,7cbdd0a8f295d0c7,2550,3750.68048
1784900193507,BTC,7cbdd0a8f295d0c7,2550,446.65565
1784900193507,BTC,7cbdd0a8f295d0c7,2550,64.267
1784900193507,BTC,7cbdd0a8f295d0c7,2550,21051.61362
1784901144452,BTC,7cbdd0a8f295d0c7,2551,20184.68616
1784898327217,FARTCOIN,e71d7f64802327bc,2552,34.484943
1784898327217,FARTCOIN,e71d7f64802327bc,2552,19.8276
1784898327217,FARTCOIN,e71d7f64802327bc,2552,975.02223
1784898327217,FARTCOIN,e71d7f64802327bc,2552,975.83567
1784898327217,FARTCOIN,e71d7f64802327bc,2552,765.640996
1784898327217,FARTCOIN,e71d7f64802327bc,2552,381.27
1784898327217,FARTCOIN,e71d7f64802327bc,2552,3087.129024
1784898327217,FARTCOIN,e71d7f64802327bc,2552,254.16
1784898327217,FARTCOIN,e71d7f64802327bc,2552,6218.926668
1784898327217,FARTCOIN,e71d7f64802327bc,2552,2487.369836
1784898327217,FARTCOIN,e71d7f64802327bc,2552,974.715378
1784898327217,FARTCOIN,e71d7f64802327bc,2552,8139.99186
1784898327217,FARTCOIN,e71d7f64802327bc,2552,559.363035
1784898336103,FARTCOIN,e71d7f64802327bc,2553,156.394914
1784898336103,FARTCOIN,e71d7f64802327bc,2553,179.750532
1784898336103,FARTCOIN,e71d7f64802327bc,2553,977.578848
1784898336103,FARTCOIN,e71d7f64802327bc,2553,49.992363
1784898336103,FARTCOIN,e71d7f64802327bc,2553,499.99869
1784898336103,FARTCOIN,e71d7f64802327bc,2553,499.997478
1784898336103,FARTCOIN,e71d7f64802327bc,2553,351.160164
1784898336103,FARTCOIN,e71d7f64802327bc,2553,28.006228
1784898336103,FARTCOIN,e71d7f64802327bc,2553,976.355052
1784898336103,FARTCOIN,e71d7f64802327bc,2553,1000.305262
1784898336103,FARTCOIN,e71d7f64802327bc,2553,190.59
1784898336103,FARTCOIN,e71d7f64802327bc,2553,718.511594
1784898336103,FARTCOIN,e71d7f64802327bc,2553,500.005275
1784898336103,FARTCOIN,e71d7f64802327bc,2553,1998.423257
1784898336103,FARTCOIN,e71d7f64802327bc,2553,40.77663
1784898336103,FARTCOIN,e71d7f64802327bc,2553,13747.516878
1784898336103,FARTCOIN,e71d7f64802327bc,2553,9946.372782
1784898336103,FARTCOIN,e71d7f64802327bc,2553,19931.89621
1784898336103,FARTCOIN,e71d7f64802327bc,2553,9869.26347
1784898336103,FARTCOIN,e71d7f64802327bc,2553,14155.312032
1784898336103,FARTCOIN,e71d7f64802327bc,2553,500.000267
1784898336103,FARTCOIN,e71d7f64802327bc,2553,975.894036
1784898336103,FARTCOIN,e71d7f64802327bc,2553,99.9998
1784898336103,FARTCOIN,e71d7f64802327bc,2553,127.0
1784898336103,FARTCOIN,e71d7f64802327bc,2553,21937.9038
1784898327217,BTC,f38f82e5a7bd2a49,2554,427.652
1784898327217,BTC,a9e594bcb7eebd73,2555,757.112
1784898327217,BTC,c2e6f859616f3677,2556,667.964
1784898327217,BTC,a89c6c0c31ed2ad4,2557,167.96
1784898327217,BTC,44df9092f589f9e1,2558,1782.96
1784898327217,FARTCOIN,f33a283b7d6b2391,2559,0.02541
1784898327217,BTC,448aaee2d292cc44,2560,45.22
1784898327217,SOL,e18543b5c2edbebb,2561,1742.75112
1784898327217,DOT,9d4d5349b72064c1,2562,64.678872
1784898327217,BTC,7d65bc991e07aa08,2563,195.092
1784898327217,BTC,166c955a9727483e,2564,89.794
1784898327217,BTC,54399a7314971fd1,2565,914.736
1784898327217,FARTCOIN,0c69f913f9e91a80,2566,15.62715
1784898327217,BTC,b5bf9a84f44c74c6,2567,81.396
1784898327217,BTC,2a92425b1ae91890,2568,226.1
1784898327217,BTC,3385bdadcc3b33de,2569,36.176
1784898327217,BTC,81d24c84bdeb9909,2570,46.512
1784898327217,BTC,15b5a7ba21d4c25e,2571,2313.326
1784898327217,BTC,e6628bbef5bb7b14,2572,1744.2
1784898327217,BTC,3129d8fa48225269,2573,11.628
1784898327217,BTC,d0257174b0179a8d,2574,1994.848
1784898327217,BTC,f0faced2c49281f6,2575,11.628
1784898327217,BTC,6a2ac310a172eb01,2576,191.216
1784898327217,ETH,26c6d5d200916b9b,2577,239.4189
1784898327217,ARB,8e1a2d0c60bb14c1,2578,343.4004
1784898327217,BTC,1560bddaaa8eb6e1,2579,27.132
1784898327217,BTC,8e1eb7312d459e36,2580,149.872
1784898327217,BTC,14eead4f25171910,2581,428.298
1784898327217,BTC,da419563e216ea61,2582,504.526
1784898327217,BTC,6034f8970ecb67b9,2583,1277.788
1784898327217,BTC,696f85f5cd7ec86c,2584,171.19
1784898327217,BTC,2ee485fa1f4ed803,2585,329.46
1784898327217,BTC,092f8c67f50bec40,2586,566.542
1784898327217,BTC,00db4094e5ad75a1,2587,896.648
1784898327217,BTC,414fb49240a8296e,2588,1951.566
1784898327217,BTC,34c401abe356263c,2589,2642.14
1784898327217,BTC,f7081ec6ec0b941e,2590,11371.538
1784898327217,BTC,e8f1d9d9ca824a0d,2591,483.854
1784898327217,BTC,065063e163873b0a,2592,32.946
1784898327217,BTC,22987bc600ab912a,2593,167.96
1784898327217,BTC,2e75aa63733f4e33,2594,5737.126
1784898327217,FARTCOIN,a8fb9c7adc39b333,2595,141.91485
1784898327217,BTC,6a795fb82962aef7,2596,29.07
1784898327217,BTC,01860d0ba7b49fca,2597,11.628
1784898327217,BTC,ab56a07044e889cd,2598,301.682
1784898327217,FARTCOIN,0db25613ac555553,2599,106.95069
1784898327217,BTC,47301f1010b6cd9e,2600,383.078
1784898327217,BTC,b8565a5f04e209fe,2601,85.918
1784898327217,BTC,fc93b252c3ac87ee,2602,4495.514
1784898327217,BTC,1fcd89cb0aa7978c,2603,350.778
1784898327217,BTC,892c4db91268358d,2604,8395.416
1784898327217,kPEPE,50505683276f8f57,2605,893.01987
1784898327217,kPEPE,50505683276f8f57,2605,2745.0
1784898327217,kPEPE,50505683276f8f57,2605,369.07623
1784898327217,kPEPE,50505683276f8f57,2605,1000.643085
1784898327217,kPEPE,50505683276f8f57,2605,1347.068016
1784898327217,kPEPE,50505683276f8f57,2605,402.426808
1784898327217,kPEPE,50505683276f8f57,2605,377.950328
1784898327217,kPEPE,50505683276f8f57,2605,5188.8354
1784898327217,kPEPE,50505683276f8f57,2605,49.999404
1784898327217,kPEPE,50505683276f8f57,2605,1347.353371
1784898327217,kPEPE,50505683276f8f57,2605,841.225983
1784898327217,kPEPE,50505683276f8f57,2605,4114.5
1784898327217,kPEPE,50505683276f8f57,2605,368.807322
1784898327217,kPEPE,50505683276f8f57,2605,1674.916945
1784898327217,kPEPE,50505683276f8f57,2605,801.682895
1784898327217,kPEPE,50505683276f8f57,2605,6924.958599
1784898327217,kPEPE,50505683276f8f57,2605,699.999885
1784898327217,kPEPE,50505683276f8f57,2605,5552.177618
1784898327217,kPEPE,50505683276f8f57,2605,2001.144678
1784898327217,kPEPE,50505683276f8f57,2605,1080.037049
1784898327217,BTC,e7c2594d3a6b5f07,2606,2306.866
1784898327217,BTC,ed2f2000746e1de7,2607,11.628
1784898327217,FARTCOIN,7e1831d84bf20b76,2608,22.703835
1784898327217,BTC,a5a5ddeeb3b4baf6,2609,674.424
1784898327217,BTC,fd8099a5d05bd928,2610,11.628
1784898327217,BTC,e3c43eecca6ba2df,2611,314.602
1784898327217,BTC,2d9e6d8d7d6bbd75,2612,4324.324
1784898327217,BTC,5af147cd73721690,2613,726.75
1784898327217,BTC,aecba4f02b2d6ca7,2614,170.544
1784898327217,BTC,b01be4da381d1634,2615,489.668
1784898327217,BTC,ca2c5fe844f3a2fb,2616,1829.472
1784898327217,BTC,5f0abd724fcb4ae1,2617,220.286
1784898327217,BTC,83f2044ae1f08e59,2618,31322.602
1784898327217,BTC,fcdffe6bd87ff5f1,2619,47.804
1784898327217,BTC,ed9a4a9d9aa6ee9e,2620,587.86
1784898327217,BTC,a9c2f7803a01954f,2621,3443.826
1784898327217,BTC,c9020c017a62789b,2622,198.968
1784898327217,BTC,c2dbaf55fca14b47,2623,20.026
1784898327217,BTC,425f6d0c985bed6d,2624,5764.258
1784898327217,BTC,f3ebb9a3ef8bad16,2625,998.07
1784898327217,BTC,98d9eb48e916a5cf,2626,415.378
1784898327217,BTC,9a7cc8209605c35e,2627,392.768
1784898327217,FARTCOIN,2ff517cd04e3c243,2628,11.345565
1784898327217,BTC,e211087b67b7ab3d,2629,3313.334
1784898327217,BTC,97bae32bc40d7d2d,2630,157.624
1784898327217,BTC,2b81b7dbb3a6a8d8,2631,130.492
1784898327217,BTC,a8634d21ab5b5580,2632,936.7
1784898327217,BTC,30e4bb575b1def94,2633,361.76
1784898327217,BTC,abbc61a38f92b5ac,2634,11.628
1784898327217,BTC,42a3aaa7374e39f8,2635,1140.836
1784898327217,BTC,a2db778d6c6c2c61,2636,335.274
1784898327217,BTC,7c5f3bd11e1a3fe2,2637,4127.294
1784898327217,BTC,2d7be704807aa683,2638,195.738
1784898327217,BTC,c9027748ae6d14c3,2639,13413.544
1784898327217,BTC,839c474c12dbcdb2,2640,39.406
1784898327217,BTC,5c95f2929988019b,2641,2065.262
1784898327217,BTC,c48a188b554d313d,2642,4170.576
1784898327217,BTC,140301ac71ad16da,2643,4508.434
1784898327217,ENA,4672a85b6c2b3ec7,2644,97.443639
1784898327217,BTC,bf469b3d9575b665,2645,4294.608
1784898327217,BTC,a13a5ad23774e485,2646,335.92
1784898327217,BTC,bfb86380c49b6bac,2647,1978.698
1784898327217,FARTCOIN,ff1b52f0fd926967,2648,0.15246
1784898327217,ETH,100c2ee00c8ce57b,2649,136.9977
1784898327217,BTC,902a88100faa5be3,2650,4021.35
1784898327217,BTC,c9c7ee69d2872465,2651,616.284
1784898327217,BTC,590bbfc927f8e647,2652,83.334
1784898327217,BTC,3dcf35cd2e776484,2653,219.64
1784898327217,ETH,76e575f3a18d1fa6,2654,28664.6661
1784898327217,BTC,e3eae8b3aadcade0,2655,141.474
1784898327217,SOL,8e32d07b2485b979,2656,1013.24476
1784898327217,SOL,8e32d07b2485b979,2656,31.36014
1784898327217,SOL,8e32d07b2485b979,2656,338.24151
1784898327217,FARTCOIN,6583ecfadf1d08fc,2657,142.21977
1784898327217,FARTCOIN,6583ecfadf1d08fc,2657,19.803977
1784898327217,FARTCOIN,6583ecfadf1d08fc,2657,74.833373
1784898327217,BTC,f7a6641dc27d37a8,2658,11.628
1784898327217,BTC,6bb85da6b6c79e19,2659,2032.316
1784898327217,BTC,4a312d4b9e60ba69,2660,8693.868
1784898327217,BTC,b18d92dd5d898a84,2661,15321.828
1784898327217,BTC,2f3819aafbdfe798,2662,54.264
1784898327217,FARTCOIN,48907d4fe4834340,2663,47.217051
1784898327217,BTC,74f15132f1e70421,2664,4503.266
1784898327217,BTC,93abb5ac25c17281,2665,1669.264
1784898327217,BTC,b2cc989d53f9f2db,2666,1675.724
1784898327217,BTC,22b87b99986f445d,2667,175.712
1784898327217,BTC,32369d9cbdccb68e,2668,501.942
1784898327217,BTC,c537e193c0411bd2,2669,164.084
1784898327217,BTC,179dd539c5e3ade2,2670,246.126
1784898327217,BTC,8021b12e59b59d49,2671,83.98
1784898327217,BTC,3e9849eaa3662cc1,2672,479.332
1784898327217,SUI,2af8fae71c06b191,2673,39.48307
1784898330068,BTC,5650b3054eacce5c,2674,1235.65926
1784898330068,ONDO,4517bc3ae3c75e42,2675,375.40964
1784898330068,BTC,c2b894690fb8a7fd,2676,1508.74383
1784898330068,BTC,76a2c542b875d7ec,2677,9994.37879
1784898330068,BTC,49721ae2fa8fbe8f,2678,13.55739
1784898330068,ONDO,e0a40a2b3c4922bf,2679,491.1546
1784898330068,ONDO,e0a40a2b3c4922bf,2679,49.87301
1784898330068,ONDO,e0a40a2b3c4922bf,2679,47.5875
1784898330068,ONDO,e0a40a2b3c4922bf,2679,754.10727
1784898330068,ONDO,e0a40a2b3c4922bf,2679,692.43873
1784898330068,ONDO,e0a40a2b3c4922bf,2679,18.27168
1784898330068,ONDO,e0a40a2b3c4922bf,2679,9664.82973
1784898330068,BTC,4e4e2c87ebd658c0,2680,653.33708
1784898330068,ONDO,0a1ebc617cd72e65,2681,93.24945
1784898330068,ONDO,a06bf303c35d5827,2682,11.4183
1784898330068,BTC,1859da0f32531857,2683,440.93797
1784898330068,BTC,038e241bdd37691a,2684,20.01329
1784898330068,BTC,2f06696623f573f8,2685,13.55739
1784898330068,SOL,adad0bd82810fcc4,2686,29.8664
1784898330068,SOL,adad0bd82810fcc4,2686,20.15982
1784898330068,SOL,adad0bd82810fcc4,2686,33.5988
1784898330068,SOL,adad0bd82810fcc4,2686,290.44296
1784898330068,SOL,adad0bd82810fcc4,2686,20.1582
1784898330068,SOL,adad0bd82810fcc4,2686,175.44395
1784898330068,SOL,adad0bd82810fcc4,2686,11.944
1784898330068,SOL,adad0bd82810fcc4,2686,3180.75128
1784898330068,ARB,adad0bd82810fcc4,2687,2109.014964
1784898330068,BTC,e2ae2eaf99450cf1,2688,34.86186
1784898330068,BTC,13e3b3482e574571,2689,377.67015
1784898330068,BTC,2d9005eaa0651eea,2690,456.43213
1784898330068,ONDO,e88e1d1478d5186c,2691,136.63899
1784898330068,BTC,dc6728258abc6d85,2692,269.85662
1784898330068,BTC,0b0fd899a1895527,2693,197.55054
1784898330068,BTC,02390373299440d3,2694,786.97421
1784898330068,BTC,521713ed9c37655e,2695,219.5006
1784898330068,BTC,70a5eab338174e56,2696,724.35198
1784898330068,BTC,3f01281e4287f248,2697,159.46073
1784898330068,BTC,4154127fa542f4ba,2698,12.26621
1784898330068,BTC,127c11816f5539f5,2699,1431.27303
1784898330068,ONDO,ea8824e8a9ac6abb,2700,12.17952
1784898330068,ONDO,ea8824e8a9ac6abb,2700,1684.96047
1784898330068,BTC,8b20a5aabb4cc426,2701,23.24124
1784898330068,BTC,4f05615e7bdbb81c,2702,101.35763
1784898330068,BTC,40f798c8ce3005d7,2703,9080.22335
1784898330068,BTC,5cb9431ee672fc63,2704,198.19613
1784898330068,BTC,4453d3822b51b2e4,2705,273.73016
1784898330068,BTC,4e2a0e556e366e32,2706,53.58397
1784898330068,BTC,787bfc17128bfcdd,2707,684.97099
1784898330068,BTC,c130b5f63bc1ac4f,2708,1644.31773
1784898330068,ONDO,0633443bbdf54307,2709,3827.03355
1784898330068,kPEPE,1adbf0961a5711a9,2710,19.751312
1784898333286,BTC,6df22851c85a9648,2711,178.19664
1784898333286,BTC,13f4a65083884094,2712,18732.59896
1784898333286,BTC,141d193b0e6c0875,2713,120.08904
1784898333286,BTC,098e3e1e3ef28eb2,2714,4572.42248
1784898333286,BTC,a63cdcffd83e0cf6,2715,6203.30912
1784898333286,BTC,f64bd3e9fe080b80,2716,332.5046
1784898333286,BTC,4b41a05a2e1c0962,2717,1869.1278
1784898333286,AVAX,72c341ad3ce217d1,2718,226.42799
1784898333286,BTC,aa3d517b41d708e9,2719,306.679
1784898333286,BTC,b7b855cbeb952c3c,2720,456.46748
1784898333286,BTC,09a3c83ed474358a,2721,356.39328
1784898333286,BTC,e0e664b55b82ea8a,2722,48.423
1784898333286,BTC,e834744c948f7e60,2723,184.65304
1784898333286,BTC,e750ec41c6b816d8,2724,145.91464
1784898333286,BTC,d6cb5d38a8bd1943,2725,11.62152
1784898333286,BTC,62e487752afbe83b,2726,790.26336
1784898333286,BTC,a88982b2255d6083,2727,235.6586
1784898333286,BTC,5e56f014f752a965,2728,1057.55832
1784898333286,BTC,920b013ae94ea406,2729,283.43596
1784898333286,BTC,cd151fb4e8a9b715,2730,29.0538
1784898333286,SOL,107dd335a04bd61a,2731,147.7872
1784898333286,BTC,9683780418b5f831,2732,952.319
1784898333286,BTC,f7d27a630c9ef0fb,2733,315.07232
1784898333286,BTC,5a01f5fc990922f8,2734,12026.33628
1784898333286,SOL,8562012f9e81bcc8,2735,11.196
1784898333286,BTC,efa96ffd827224b5,2736,1854.92372
1784898333286,BTC,a91599e0b4003491,2737,146.56028
1784898333286,BTC,9cc0c05abcfbb23b,2738,33469.33196
1784898333286,BTC,9cc0c05abcfbb23b,2738,53801.1812
1784898333286,BTC,851712f51b7e9864,2739,403.525
1784898333286,BTC,a73b350987d0c836,2740,108.46752
1784898333286,BTC,71f5b37d8fd98d48,2741,411.27268
1784898333286,BTC,91f5b2c69186c5de,2742,1047.87372
1784898333286,BTC,d1576f3de1060f9a,2743,36412.15908
1784898333286,BTC,a0a8dfcc78bc4d6a,2744,457.75876
1784898333286,BTC,fc5195709eccc00a,2745,836.74944
1784898333286,BTC,9a8699c21edadaee,2746,1058.8496
1784898333286,BTC,67cd70436de0a69a,2747,663.07228
1784898333286,BTC,85fbe1dfb4df25e2,2748,2097.68436
1784898333286,BTC,cf838dbb5177a22b,2749,266.00368
1784898333286,BTC,a00d7de83a8721fd,2750,217.58068
1784898333286,BTC,7690181691fd0333,2751,11.62152
1784898333286,BTC,f70a388754c7a183,2752,81.99628
1784898333286,BTC,4817edbb316f0c50,2753,422.8942
1784898333286,BTC,cbdd8b99256f3086,2754,11.62152
1784898333286,BTC,73edf60f3f60d006,2755,149.78848
1784898333286,BTC,2429d1bd5793cad1,2756,240.17808
1784898333286,AVAX,59053f00e89e238d,2757,76.319189
1784898333286,AVAX,59053f00e89e238d,2757,6.046306
1784898333286,BTC,d067360426d3300a,2758,14.20408
1784898333286,BTC,c94e234049512fad,2759,11.62152
1784898336103,BTC,1f544a35be8c43a2,2760,274.4055
1784898336103,BTC,136c2eaaa2ef7cb3,2761,484.245
1784898336103,AVAX,5abf0f1eb2b6582f,2762,655.35
1784898336103,AVAX,5abf0f1eb2b6582f,2762,10.855504
1784898336103,AVAX,5abf0f1eb2b6582f,2762,7.7085
1784898336103,IO,5abf0f1eb2b6582f,2763,0.014566
1784898336103,BTC,116f30625836b7f4,2764,409.9941
1784898336103,BTC,5616f08a19bc3f1d,2765,584.96796
1784898336103,BTC,5616f08a19bc3f1d,2765,510.71706
1784898336103,BTC,2acf55dbbecc0b4f,2766,143.33652
1784898336103,BTC,cbde46bec32886e8,2767,25.18074
1784898336103,BTC,fb366dc4851c61a6,2768,334.45188
1784898336103,AVAX,8764e6cdd4d252ec,2769,19.487088
1784898336103,BTC,d11866fdb4765070,2770,1868.54004
1784898336103,AVAX,8f3ff8d001ce4cb4,2771,22.755492
1784898336103,AVAX,8f3ff8d001ce4cb4,2771,492.317392
1784898336103,AVAX,8f3ff8d001ce4cb4,2771,2159.40324
1784898336103,AVAX,8f3ff8d001ce4cb4,2771,21.70432
1784898336103,AVAX,8f3ff8d001ce4cb4,2771,10.050091
1784898336103,AVAX,8f3ff8d001ce4cb4,2771,5124.06394
1784898336103,AVAX,8f3ff8d001ce4cb4,2771,1627.14617
1784898336103,BTC,ec9aa1b31a8b3ca0,2772,9876.01536
1784898336103,BTC,f04500b479eed10d,2773,2247.54246
1784898336103,BTC,f04500b479eed10d,2773,199.50894
1784898336103,BTC,f04500b479eed10d,2773,6392.034
1784898336103,BTC,f04500b479eed10d,2773,19411.7679
1784898451019,BTC,f04500b479eed10d,2774,11204.78058
1784898451019,BTC,f04500b479eed10d,2774,11324.4939
1784898339130,BTC,eeb40d9d3ed3a429,2775,11.62008
1784898339130,kPEPE,7a822acfa63308f2,2776,65.083921
1784898339130,BTC,ce6df19676394044,2777,11.62008
1784898339130,BTC,76a3ec0aeb01d081,2778,174.94676
1784898339130,BTC,f843eec55804d9a0,2779,23240.16
1784898339130,SOL,f843eec55804d9a0,2780,24381.3024
1784898339130,FARTCOIN,52f1005c6b208951,2781,11.349495
1784898339130,BTC,bfa342a67dbbc40b,2782,11.62008
1784898339130,BTC,81ea6ac044a39c99,2783,305.34988
1784898339130,SOL,fad36d0aec3ac8a0,2784,11.1636
1784898339130,BTC,fe1ec0d173285cc3,2785,256.93288
1784898339130,FARTCOIN,f16744160c8321bb,2786,45.068274
1784898339130,AVAX,62521152aee044d7,2787,27.839132
1784898339130,BTC,ca4332c7e3f7181e,2788,2253.0044
1784898339130,AVAX,12de2c8e296b9713,2789,238.172397
1784898339130,SOL,7606efa9e900669f,2790,247.08768
1784898339130,BTC,af2bb0725af7a620,2791,11.62008
1784898339130,BTC,4b862af35dedc816,2792,120.71972
1784898339130,BTC,8b66b171cc2a8157,2793,2408.58436
1784898339130,SOL,c7aadac1e7934db1,2794,741.26304
1784898339130,BTC,88cca02fe57fdca4,2795,120.71972
1784898339130,BTC,a0ac200e7d2e1239,2796,30.98688
1784898339130,BTC,1cdeb64b9e594ac7,2797,4045.07896
1784898339130,BTC,8982058762d87dd1,2798,149.76992
1784898339130,BTC,1cc063e19e7beb9a,2799,551.9538
1784898339130,BTC,67ceb053bcea2dd9,2800,190.4402
1784898339130,FARTCOIN,e3f5af5aad481906,2801,11.349495
1784898339130,BTC,55a67f30188a0b63,2802,3952.11832
1784898339130,FARTCOIN,f6909ec98673aba7,2803,11.362176
1784898339130,BTC,a33b1a98a68c2cbb,2804,11.62008
1784898339130,BTC,671fdd89a6dd3af8,2805,11.62008
1784898339130,AVAX,d11c14fcde070cdd,2806,126.754278
1784898339130,kPEPE,8a72ac940c0a5b3f,2807,9.652473
1784898339130,kPEPE,6413428a8fedd374,2808,222.880159
1784898339130,kPEPE,6413428a8fedd374,2808,1669.01768
1784898339130,BTC,4a4284cc01289de2,2809,81.98612
1784898339130,kPEPE,7063b3d0906dce02,2810,1.54132
1784898339130,kPEPE,7063b3d0906dce02,2810,9.790792
1784898339130,FARTCOIN,c307fc977f30ebee,2811,11.349495
1784898339130,BTC,3afbbfa188f43ff4,2812,2152.29704
1784898339130,BTC,a389099508778600,2813,11.62008
1784898339130,FARTCOIN,19b01a048915829e,2814,83.111274
1784898339130,BTC,b633fa446c842218,2815,1375.0428
1784898339130,BTC,e62a6b3e39b1531a,2816,11.62008
1784898339130,BTC,c69d6c3a78aceff4,2817,321.48888
1784898339130,FARTCOIN,811b42b638543c53,2818,2281.18509
1784898339130,FARTCOIN,811b42b638543c53,2818,418.792374
1784898339130,FARTCOIN,811b42b638543c53,2818,977.865749
1784898339130,FARTCOIN,811b42b638543c53,2818,217.955661
1784898339130,FARTCOIN,811b42b638543c53,2818,42.667416
1784898339130,FARTCOIN,811b42b638543c53,2818,462.208106
1784898339130,FARTCOIN,811b42b638543c53,2818,304.126654
1784898339130,FARTCOIN,811b42b638543c53,2818,49.99104
1784898339130,FARTCOIN,811b42b638543c53,2818,173.783808
1784898339130,FARTCOIN,811b42b638543c53,2818,168.651648
1784898339130,FARTCOIN,811b42b638543c53,2818,1773.547199
1784898339130,FARTCOIN,811b42b638543c53,2818,499.99766
1784898339130,FARTCOIN,811b42b638543c53,2818,977.16108
1784898339130,FARTCOIN,811b42b638543c53,2818,190.05
1784898339130,FARTCOIN,811b42b638543c53,2818,2952.923468
1784898339130,FARTCOIN,811b42b638543c53,2818,500.003016
1784898339130,FARTCOIN,811b42b638543c53,2818,33.002384
1784898339130,FARTCOIN,811b42b638543c53,2818,974.29122
1784898339130,FARTCOIN,811b42b638543c53,2818,379.86
1784898339130,FARTCOIN,811b42b638543c53,2818,126.61
1784898339130,FARTCOIN,811b42b638543c53,2818,500.005182
1784898339130,FARTCOIN,811b42b638543c53,2818,5866.990776
1784898339130,FARTCOIN,811b42b638543c53,2818,7877.997434
1784898339130,FARTCOIN,811b42b638543c53,2818,2950.592458
1784898339130,FARTCOIN,811b42b638543c53,2818,14.49112
1784898339130,FARTCOIN,811b42b638543c53,2818,976.081344
1784898339130,FARTCOIN,811b42b638543c53,2818,253.1
1784898339130,FARTCOIN,811b42b638543c53,2818,32.862438
1784898339130,FARTCOIN,811b42b638543c53,2818,821.320524
1784898339130,FARTCOIN,811b42b638543c53,2818,49.992003
1784898339130,FARTCOIN,811b42b638543c53,2818,1771.027757
1784898339130,FARTCOIN,811b42b638543c53,2818,110.32544
1784898339130,FARTCOIN,811b42b638543c53,2818,9829.637235
1784898339130,FARTCOIN,811b42b638543c53,2818,632.35
1784898339130,FARTCOIN,811b42b638543c53,2818,1832.714711
1784898339130,FARTCOIN,811b42b638543c53,2818,8282.090302
1784898339130,BTC,0bf4c75c17ec3d8c,2819,591.33296
1784898339130,BTC,640f59151c719d9e,2820,7483.97708
1784898339130,BTC,38b949c4ea2714ed,2821,906.36624
1784898339130,kPEPE,399133b6faa8b8d8,2822,14.139224
1784898339130,FARTCOIN,186098258423fce8,2823,31.579559
1784898339130,FARTCOIN,06e80db6cc8dece1,2824,55.317978
1784898339130,BTC,6573453894b5cfe4,2825,431.23408
1784898339130,BTC,6573453894b5cfe4,2825,333.1038
1784898339130,BTC,ebf42a9bc2020563,2826,54.87175
1784898339130,FARTCOIN,a3ba7e2c074ad2a4,2827,41.001574
1784898339130,BTC,52d26fa2e8e0bd78,2828,3908.80525
1784898339130,ONDO,5922d1e8df47ae64,2829,1887.97308
1784898339130,ONDO,5922d1e8df47ae64,2829,499.87119
1784898339130,ONDO,5922d1e8df47ae64,2829,49.94768
1784898339130,ONDO,5922d1e8df47ae64,2829,176.4956
1784898339130,ONDO,5922d1e8df47ae64,2829,183.34277
1784898339130,ONDO,5922d1e8df47ae64,2829,2348.97712
1784898339130,ONDO,5922d1e8df47ae64,2829,4978.7993
1784898339130,ONDO,5922d1e8df47ae64,2829,186.6998
1784898339130,ONDO,5922d1e8df47ae64,2829,4331.81638
1784898339130,ONDO,5922d1e8df47ae64,2829,3074.7507
1784898339130,ONDO,5922d1e8df47ae64,2829,192.405
1784898339130,ONDO,5922d1e8df47ae64,2829,2348.68005
1784898339130,ONDO,5922d1e8df47ae64,2829,1459.0385
1784898339130,ONDO,5922d1e8df47ae64,2829,190.47
1784898339130,ONDO,5922d1e8df47ae64,2829,500.08231
1784898339130,ONDO,5922d1e8df47ae64,2829,2348.70195
1784898339130,ONDO,5922d1e8df47ae64,2829,4329.54258
1784898339130,ONDO,5922d1e8df47ae64,2829,12414.0277
1784898339130,ONDO,5922d1e8df47ae64,2829,898.92714
1784898339130,SOL,6ffbb532fa0a36e1,2830,65.49312
1784898339130,BTC,a5cb51a2a96e4b3c,2831,941.85745
1784898339130,BTC,b16b790a3ef4c18a,2832,151.70425
1784898339130,BTC,debf25708036a119,2833,51.644
1784898339130,BTC,a669191a33114cb2,2834,11.6199
1784898339130,BTC,59704279f5b80a35,2835,236.91685
1784898339130,BTC,eea2e09178de8b07,2836,131.04665
1784898339130,SOL,1df3b64f5a440d5f,2837,66.23736
1784898339130,AVAX,719eca5680775645,2838,12.441382
1784898339130,BTC,74d8cb7572b95518,2839,178.1718
1784898339130,BTC,ca364fa7a57b85b8,2840,5669.86565
1784898339130,BTC,10848372c3e17098,2841,1404.07125
1784898339130,BTC,4304bea9631dfd75,2842,639.0945
1784898339130,BTC,7f3b36df3adbd625,2843,72.3016
1784898339130,BTC,045f177e20ca33ed,2844,20.01205
1784898339130,BTC,f126ccddd10af47b,2845,478.9981
1784898339130,BTC,82506ad5d46ca9ed,2846,52.28955
1784898339130,TAO,be26bc79981d631a,2847,14.7225
1784898339130,FARTCOIN,7c5d2a662a564c57,2848,14.000229
1784898339130,FARTCOIN,7c5d2a662a564c57,2848,174.313601
1784898339130,SOL,8bc07aecfcdb9257,2849,25.30416
1784898339130,kPEPE,af8626cca0f13a4b,2850,773.513488
1784898339130,kPEPE,af8626cca0f13a4b,2850,371.559056
1784898339130,kPEPE,af8626cca0f13a4b,2850,304.6494
1784898339130,kPEPE,af8626cca0f13a4b,2850,49.999545
1784898339130,kPEPE,af8626cca0f13a4b,2850,1669.946625
1784898339130,kPEPE,af8626cca0f13a4b,2850,2040.53229
1784898339130,BTC,058721b77034a9eb,2851,41.3152
1784898342292,SOL,3006fa3bac157349,2852,243.70329
1784898342292,BTC,7d8b9a2c832b2db0,2853,11.61558
1784898342292,ARB,1119e903fba13198,2854,482.3616
1784898342292,TIA,1119e903fba13198,2855,18.450192
1784898342292,TIA,1119e903fba13198,2855,357.737453
1784898342292,TIA,1119e903fba13198,2855,155.169868
1784898342292,BTC,cb82ca933b06f623,2856,35213.92139
1784898342292,BTC,95fbd93c741c0367,2857,635.63035
1784898342292,BTC,e2b3ed1603b3a294,2858,27.10302
1784898342292,DOT,abb519942ad4d542,2859,294.5995
1784898342292,BTC,acf0c1d905f07f8e,2860,17451.76364
1784898342292,SOL,4f94e5b4a365b2ab,2861,181.84588
1784898342292,SOL,05824847ac5defae,2862,60.36687
1784898342292,BTC,1b2f1d54d5b6a0e3,2863,11.61558
1784898342292,SOL,04ed6d79bfc452d3,2864,424.8039
1784898342292,SOL,e42cdc08c544ae96,2865,2077.06749
1784898342292,BTC,21b1c30d323f3685,2866,275.54737
1784898342292,BTC,5c302d00d51ae738,2867,9421.526
1784898342292,ETH,5c302d00d51ae738,2868,3957.59067
1784898342292,SOL,5c302d00d51ae738,2869,4332.25451
1784898342292,LINK,5c302d00d51ae738,2870,526.5792
1784898342292,LINK,5c302d00d51ae738,2870,4116.46275
1784898342292,XRP,5c302d00d51ae738,2871,700.5996
1784898342292,HYPE,5c302d00d51ae738,2872,782.31552
1784898342292,HYPE,5c302d00d51ae738,2872,19.79072
1784898342292,HYPE,5c302d00d51ae738,2872,2581.5248
1784898342292,BTC,a87ee8e528ca97e4,2873,612.39919
1784898342292,BTC,685ddc22eca1ea5c,2874,11.61558
1784898342292,BTC,08d449cdf589bdd9,2875,20.64992
1784898342292,BTC,19b01a048915829e,2876,43.23577
1784898342292,BTC,8f2875d375c1fb29,2877,898.27152
1784898342292,BTC,0a59ddb5e1b978b2,2878,83.24499
1784898342292,BTC,341a7b67adfc7e74,2879,474.30285
1784898342292,FARTCOIN,a8b68c72f12fc51e,2880,10.755132
1784898342292,BTC,94413e1f00c32375,2881,20.64992
1784898342292,BTC,a696de3db5b101e4,2882,11.61558
1784898342292,BTC,b5d1ccb3ab14d5e5,2883,11.61558
1784898342292,BTC,e9014f1e17f44f8d,2884,932.47295
1784898342292,DOT,d7bb91e83de4685e,2885,11.3399
1784898342292,BTC,add1c71faa7c868b,2886,409.12654
1784898342292,BTC,8aa4349ebaa4192b,2887,640.79283
1784898342292,SOL,9011d0c5aa4782df,2888,100.61145
1784898342292,AVAX,9011d0c5aa4782df,2889,20.270348
1784898342292,HYPE,9011d0c5aa4782df,2890,26.77568
1784898342292,SOL,1aa5e3fc5d197430,2891,134.1486
1784898342292,BTC,9e3fe7f7e3a2b237,2892,253.60683
1784898342292,BTC,dbdbe7df715abe71,2893,231.66629
1784898342292,BTC,ed29d267e3ad43b5,2894,998.29457
1784898342292,BTC,f4e73f40bd49af5c,2895,1816.54765
1784898342292,BTC,76ade61cbd0795df,2896,647.89124
1784898342292,TAO,649573a25375d314,2897,12.63955
1784898342292,TAO,314663e7f6aac677,2898,1253.3906
1784898342292,BTC,2457977fd50d9aaa,2899,10570.82311
1784898342292,BTC,2457977fd50d9aaa,2899,50043.14519
1784898342292,BTC,2457977fd50d9aaa,2899,124375.75878
1784898570510,BTC,2457977fd50d9aaa,2900,546.975
1784898570510,BTC,2457977fd50d9aaa,2900,49.5495
1784898570510,BTC,2457977fd50d9aaa,2900,3217.5
1784898570510,BTC,2457977fd50d9aaa,2900,439.5105
1784898570510,BTC,2457977fd50d9aaa,2900,1107.44629
1784898570510,BTC,2457977fd50d9aaa,2900,1102.94186
1784898570510,BTC,2457977fd50d9aaa,2900,386.094
1784898570510,BTC,2457977fd50d9aaa,2900,141.5678
1784898570510,BTC,2457977fd50d9aaa,2900,10237.9259
1784898570510,BTC,2457977fd50d9aaa,2900,64.348
1784898570510,BTC,2457977fd50d9aaa,2900,43.75664
1784898570510,BTC,2457977fd50d9aaa,2900,32173.5
1784898570510,BTC,2457977fd50d9aaa,2900,199.4757
1784898570510,BTC,2457977fd50d9aaa,2900,50045.87925
1784898570510,BTC,2457977fd50d9aaa,2900,4716.5618
1784898570510,BTC,2457977fd50d9aaa,2900,103.59545
1784898570510,BTC,2457977fd50d9aaa,2900,1600.26015
1784898570510,BTC,2457977fd50d9aaa,2900,268.9621
1784898570510,BTC,2457977fd50d9aaa,2900,199.4695
1784898570510,BTC,2457977fd50d9aaa,2900,3566.64335
1784898570510,BTC,2457977fd50d9aaa,2900,5791.05
1784898570510,BTC,2457977fd50d9aaa,2900,6375.94605
1784898570510,BTC,2457977fd50d9aaa,2900,15.44256
1784898570510,BTC,2457977fd50d9aaa,2900,999.90576
1784898570510,BTC,2457977fd50d9aaa,2900,5790.96
1784898570510,BTC,2457977fd50d9aaa,2900,7925.25048
1784898570510,BTC,2457977fd50d9aaa,2900,9999.70104
1784898570510,BTC,2457977fd50d9aaa,2900,151.85184
1784898570510,BTC,2457977fd50d9aaa,2900,306.27744
1784898342292,BTC,5bb6fef70d58e9a9,2901,20.64992
1784898342292,BTC,8514ce08a19df2ed,2902,945.37915
1784898342292,ETH,dddcc2abf771dba1,2903,5600.1
1784898342292,SOL,9b7bda3ad89b1a0d,2904,59.6216
1784898342292,BTC,a8906a6356b0b248,2905,1515.83319
1784898342292,BTC,647b65efb812cc68,2906,220.69602
1784898342292,BTC,8bc07aecfcdb9257,2907,11.61558
1784898342292,BTC,289bdfe53d99b7b3,2908,402.02813
1784898342292,BTC,9e9467cfe09015c3,2909,1004.74767
1784898345878,BTC,37c69d9fd8dd5d1f,2910,310.28348
1784898345878,BTC,0d06f030a4cc3309,2911,11.61144
1784898345878,BTC,abb91d55b8058b9e,2912,226.42308
1784898345878,BTC,5b2a86050362b058,2913,1403.69408
1784898345878,NEAR,a03d2d17456e3db3,2914,1798.65236
1784898345878,BTC,d3d97e0025599f72,2915,4956.14964
1784898345878,BTC,d3d97e0025599f72,2915,6682.38372
1784898345878,SOL,d3d97e0025599f72,2916,163.8758
1784898345878,SOL,d3d97e0025599f72,2916,44.6844
1784898345878,SOL,d3d97e0025599f72,2916,12622.326
1784898345878,BTC,579d0c5fccb95b08,2917,590.2482
1784898345878,BTC,44f4fede41818bc2,2918,10.32128
1784898345878,BTC,274134a33f05cf6a,2919,20.64256
1784898345878,BTC,4bfac13cdfc619c5,2920,8647.2974
1784898345878,NEAR,102fd2c727fa267e,2921,19.57244
1784898345878,BTC,d83d2d75bfd7cb90,2922,76563.90012
1784898345878,BTC,9cfe02bcf1f558a3,2923,16683.05896
1784898345878,BTC,9cfe02bcf1f558a3,2923,3225.35
1784898345878,BTC,9cfe02bcf1f558a3,2923,696.03053
1784898345878,BTC,9cfe02bcf1f558a3,2923,484.44757
1784898345878,BTC,9cfe02bcf1f558a3,2923,16228.02599
1784898570510,BTC,9cfe02bcf1f558a3,2924,29780.99929
1784901071129,BTC,9cfe02bcf1f558a3,2925,656.31588
1784901071129,BTC,9cfe02bcf1f558a3,2925,5961.37552
1784901071129,BTC,9cfe02bcf1f558a3,2925,17134.78448
1784901312312,BTC,9cfe02bcf1f558a3,2926,46138.39997
1784901312312,BTC,9cfe02bcf1f558a3,2926,48563.7897
1784898345878,BTC,09c7b0f2ec6d940d,2927,274.15475
1784898345878,BTC,2d5e72d93424bdca,2928,2162.27464
1784898345878,BTC,a8a46bcb36f276b4,2929,19445.63515
1784898345878,BTC,d4e0311d0a23716c,2930,83.8591
1784898345878,BTC,582a5754f121c381,2931,27752.20154
1784898345878,NEAR,b2ed83261da8eb74,2932,121.27596
1784898345878,BTC,5e3f2e76ca268c7a,2933,33948.09889
1784898345878,BTC,5e3f2e76ca268c7a,2933,220.61052
1784898345878,BTC,5e3f2e76ca268c7a,2933,32.253
1784898345878,BTC,5e3f2e76ca268c7a,2933,4387.69812
1784898345878,BTC,60a6d1a1f852cc4f,2934,341.23674
1784898345878,NEAR,88cf74dad8bf664f,2935,937.64792
1784898345878,BTC,0ab0b0cd3cbda631,2936,7543.9767
1784898345878,BTC,963605e088f47dcf,2937,151.5891
1784898345878,NEAR,bf9e6a00f403d320,2938,2441.25032
1784898345878,BTC,ec9e735c08377850,2939,6927.29934
1784898345878,BTC,ec9e735c08377850,2939,11691.7125
1784898345878,BTC,ec9e735c08377850,2939,140117.99802
1784898345878,BTC,ec9e735c08377850,2939,180161.38764
1784898345878,BTC,ec9e735c08377850,2939,39407.3946
1784898345878,BTC,ec9e735c08377850,2939,7881.2209
1784898345878,BTC,ec9e735c08377850,2939,66177.61465
1784898345878,BTC,ec9e735c08377850,2939,222.54225
1784898345878,BTC,ec9e735c08377850,2939,4927.53695
1784898345878,BTC,ec9e735c08377850,2939,113.5288
1784898345878,BTC,ec9e735c08377850,2939,1999.655
1784898345878,BTC,ec9e735c08377850,2939,585.7054
1784898345878,BTC,ec9e735c08377850,2939,477.98205
1784898345878,BTC,ec9e735c08377850,2939,835.97184
1784898345878,BTC,ec9e735c08377850,2939,234559.76544
1784898345878,BTC,ec9e735c08377850,2939,34.83216
1784898345878,BTC,ec9e735c08377850,2939,2460.18256
1784898345878,BTC,ec9e735c08377850,2939,99889.60432
1784898345878,BTC,ec9e735c08377850,2939,37531.00736
1784898345878,BTC,ec9e735c08377850,2939,11.61054
1784898345878,BTC,ec9e735c08377850,2939,199.9593
1784898345878,BTC,ec9e735c08377850,2939,199.9593
1784898345878,BTC,ec9e735c08377850,2939,9521.28783
1784898345878,BTC,ec9e735c08377850,2939,479.90232
1784898345878,BTC,ec9e735c08377850,2939,7430.10057
1784898345878,BTC,ec9e735c08377850,2939,2798.78517
1784898345878,BTC,ec9e735c08377850,2939,7760.35593
1784898345878,BTC,ec9e735c08377850,2939,179522.16948
1784898345878,BTC,ec9e735c08377850,2939,387.018
1784898345878,BTC,ec9e735c08377850,2939,2990.31272
1784898345878,BTC,ec9e735c08377850,2939,147153.57276
1784898345878,BTC,ec9e735c08377850,2939,124448.86876
1784898345878,BTC,ec9e735c08377850,2939,11153.04082
1784898345878,BTC,ec9e735c08377850,2939,5000.84006
1784898345878,BTC,ec9e735c08377850,2939,29966.33916
1784898345878,BTC,ec9e735c08377850,2939,84942.6838
1784898345878,BTC,ec9e735c08377850,2939,2499.41375
1784898345878,BTC,ec9e735c08377850,2939,24.51038
1784898345878,BTC,ec9e735c08377850,2939,312.82985
1784898345878,BTC,ec9e735c08377850,2939,710.80102
1784898345878,BTC,ec9e735c08377850,2939,28.38044
1784898345878,BTC,ec9e735c08377850,2939,168.99262
1784898345878,BTC,ec9e735c08377850,2939,122551.9
1784898345878,BTC,ec9e735c08377850,2939,20031.43056
1784898345878,BTC,ec9e735c08377850,2939,51600.8
1784898345878,BTC,ec9e735c08377850,2939,19350.3
1784898345878,BTC,ec9e735c08377850,2939,99884.95858
1784898345878,BTC,ec9e735c08377850,2939,28099.86065
1784898345878,ETH,ec9e735c08377850,2940,3384.73218
1784898345878,ETH,ec9e735c08377850,2940,199.85931
1784898345878,ETH,ec9e735c08377850,2940,1866.0
1784898345878,ETH,ec9e735c08377850,2940,19.9662
1784898345878,ETH,ec9e735c08377850,2940,5598.0
1784898345878,ETH,ec9e735c08377850,2940,18660.0
1784898345878,ETH,ec9e735c08377850,2940,55.98
1784898345878,ETH,ec9e735c08377850,2940,55.98
1784898345878,ETH,ec9e735c08377850,2940,55.98
1784898345878,ETH,ec9e735c08377850,2940,55.98
1784898345878,ETH,ec9e735c08377850,2940,439.6296
1784898345878,ETH,ec9e735c08377850,2940,20.1528
1784898345878,ETH,ec9e735c08377850,2940,3358.8
1784898345878,ETH,ec9e735c08377850,2940,83016.8472
1784898345878,ETH,ec9e735c08377850,2940,1124.8248
1784898345878,ETH,ec9e735c08377850,2940,2251.8888
1784898345878,ETH,ec9e735c08377850,2940,1978.41377
1784898345878,ETH,ec9e735c08377850,2940,199.83789
1784898345878,ETH,ec9e735c08377850,2940,3731.8
1784898345878,ETH,ec9e735c08377850,2940,10007.94124
1784898345878,ETH,ec9e735c08377850,2940,3918.39
1784898345878,ETH,ec9e735c08377850,2940,57612.64794
1784898345878,ETH,ec9e735c08377850,2940,4664.75
1784898345878,ETH,ec9e735c08377850,2940,4083.70874
1784898345878,BTC,b86eeec581b7e10b,2941,535.3583
1784898345878,BTC,cd8e2eb31a816e4a,2942,116.1018
1784898345878,BTC,058ec4c36379dc51,2943,5188.46044
1784898345878,NEAR,71f33e33c791d412,2944,11.34104
1784898345878,BTC,b67b72f1a7440359,2945,875.27857
1784898345878,BTC,656a6eca65a868d4,2946,2087.25236
1784898345878,BTC,ad1a40bb94d4a9cb,2947,197.37306
1784898345878,BTC,f807af8cb295ad34,2948,948.1647
1784898345878,BTC,ca6b5207fc8a5720,2949,20285.5645
1784898349141,BTC,ca6b5207fc8a5720,2949,1848.05412
1784898349141,BTC,ca6b5207fc8a5720,2949,479.74608
1784898349141,BTC,ca6b5207fc8a5720,2949,128.964
1784898349141,BTC,ca6b5207fc8a5720,2949,20.63392
1784898349141,BTC,ca6b5207fc8a5720,2949,128.962
1784898349141,BTC,ca6b5207fc8a5720,2949,78512.71041
1784898345878,NEAR,5f4724f1f259568c,2950,2834.52832
1784898345878,BTC,2362e0ad8a9559be,2951,245.74881
1784898345878,BTC,f24d489cb449bcf0,2952,520.52307
1784898345878,BTC,7a5d88e850b9a690,2953,1099.09704
1784898345878,BTC,7c4acf328254ac70,2954,75339.10303
1784898345878,BTC,7c4acf328254ac70,2954,645.0
1784898345878,BTC,7c4acf328254ac70,2954,39.99
1784898345878,BTC,7c4acf328254ac70,2954,16746.135
1784898345878,NEAR,b6a4d1c337cacea0,2955,360.3524
1784898349141,NEAR,d01ac48401a477c2,2956,36.86541
1784898349141,BTC,8bc7264520c858ee,2957,53.52172
1784898349141,BTC,12263da389d8108a,2958,1600.49288
1784898349141,FARTCOIN,debcf221a32b00fc,2959,11.386838
1784898349141,BTC,54b3c30921e1e830,2960,11.60712
1784898349141,BTC,09bae5e39b72966a,2961,20494.94972
1784898349141,NEAR,d165a81901f0cd87,2962,11.37142
1784898349141,ETH,cd64a35f4566e674,2963,116.59375
1784898349141,BTC,7d7ecade25121e8f,2964,78.67048
1784898349141,SOL,aa7d6c017a20ef86,2965,16.38252
1784898349141,SOL,0db87717a333008c,2966,677.6406
1784898349141,ETH,fac6b76b0c8df110,2967,132.0774
1784898349141,BTC,61fc15977c3d5ae7,2968,39.98008
1784898349141,NEAR,5e50017f3ebcb647,2969,11.37142
1784898349141,NEAR,202246db550b3c7c,2970,760.96809
1784898349141,SOL,9af0ae02cc14bc11,2971,775.93572
1784898349141,XRP,dd99a36462015489,2972,5262.4887
1784898349141,SOL,d4e9950629b42bfa,2973,279.2475
1784898349141,SOL,ca847aef63337892,2974,3114.91278
1784898349141,BTC,9c67f4ff37000ae6,2975,6341.35656
1784898349141,BTC,9c67f4ff37000ae6,2975,1276.7832
1784898349141,OP,0b51ff5e81b9ac1c,2976,200.335896
1784898349141,OP,0b51ff5e81b9ac1c,2976,20.167252
1784898349141,OP,0b51ff5e81b9ac1c,2976,8.291794
1784898349141,OP,0b51ff5e81b9ac1c,2976,20.158428
1784898349141,OP,0b51ff5e81b9ac1c,2976,104.262307
1784898349141,XRP,c307fc977f30ebee,2977,90.8269
1784898349141,BTC,276542e7b506a0a5,2978,156.69612
1784898349141,BTC,6541bf90bc9760f3,2979,11.60712
1784898349141,BTC,7faf34be81104b54,2980,978.22228
1784898349141,SUI,e4768bb71a1bad8c,2981,212.98705
1784898349141,SUI,e4768bb71a1bad8c,2981,17.976555
1784898349141,SUI,e4768bb71a1bad8c,2981,205.522083
1784898349141,SUI,e4768bb71a1bad8c,2981,321.168861
1784898349141,BTC,0506055ee06cd169,2982,265.67408
1784898349141,NEAR,45784c735786c845,2983,9.53732
1784898349141,NEAR,0e71ff2f429c5f01,2984,1692.32407
1784898349141,BTC,99c4249a3192c45f,2985,90.2776
1784898349141,BTC,d8711a6d3efebefd,2986,278.57088
1784898349141,NEAR,7e1831d84bf20b76,2987,11.37142
1784898349141,NEAR,6bda3e637e538a97,2988,323.71865
1784898349141,BTC,98d2228cfa07a82b,2989,439.78088
1784898349141,BTC,98d2228cfa07a82b,2989,5975.08744
1784898349141,BTC,bcef29b90af2c131,2990,210.21784
1784898349141,BTC,04541c771d450548,2991,446.22928
1784898349141,NEAR,57bc38b726f8b997,2992,665.22807
1784898349141,NEAR,8871c411e4fee791,2993,11.37142
1784898349141,NEAR,271d9ac85ccffb6e,2994,15.03962
1784898349141,BTC,8d1eb71c1a84c625,2995,1324.50136
1784898349141,BTC,8d1eb71c1a84c625,2995,1229.04598
1784898349141,BTC,7f3cfeac365f1265,2996,120.58321
1784898349141,BTC,69b57bf8b0377266,2997,59.32436
1784898349141,BTC,0b06c3f441aed9e0,2998,19.3449
1784898349141,SOL,84b53a59641d8a2f,2999,48.4029
1784898349141,SOL,15a2f12556aec518,3000,136.27278
1784898349141,ARB,585cb84f3c8551b9,3001,11.379802
1784898349141,NEAR,7cf6df4191e25f6c,3002,11.37142
1784898349141,BTC,1f549ea9aaa66c8a,3003,270.8286
1784898349141,ARB,5a41d6efda06ab91,3004,309.216978
1784898349141,BTC,e8a52c1296cd1530,3005,1047.20392
1784898349141,XRP,789a064e145f280f,3006,12.0373
1784898349141,NEAR,c8a3d6dc42b4ea6c,3007,118.11604
1784898349141,SOL,3c31e8f5bff03d52,3008,3117.14676
1784898349141,BTC,5ef7ed48ee5f2728,3009,1853.88625
1784898349141,BTC,5ef7ed48ee5f2728,3009,11.60694
1784898349141,BTC,5ef7ed48ee5f2728,3009,2605.1132
1784898349141,BTC,5ef7ed48ee5f2728,3009,99.94865
1784898349141,BTC,5ef7ed48ee5f2728,3009,5674.504
1784898349141,BTC,5ef7ed48ee5f2728,3009,3010.66458
1784898349141,BTC,5ef7ed48ee5f2728,3009,64.482
1784898349141,BTC,5ef7ed48ee5f2728,3009,4720.0824
1784898349141,BTC,5ef7ed48ee5f2728,3009,3733.5078
1784898349141,BTC,af4cc30d0af37183,3010,1880.93994
1784898349141,SOL,2627096abb18d35c,3011,11.91456
1784898349141,BTC,2f3fc4d0a4e1e453,3012,30.30654
1784898349141,FARTCOIN,c63defc27f69721f,3013,6.078878
1784898349141,FARTCOIN,ce97856b134575d2,3014,11.3742
1784898349141,BTC,22f95f37cb6009c2,3015,1990.52847
1784898349141,XRP,953ab628130ffd9f,3016,114.9015
1784898349141,BTC,5b0f84fc086794d6,3017,2060.16795
1784898349141,BTC,eb5e5256bbabdfa3,3018,259.85843
1784898349141,NEAR,cd7fa9ab741c6585,3019,28.24514
1784898349141,NEAR,c598a52fd5805f2a,3020,51.53821
1784898349141,NEAR,0b2be35b919a7dce,3021,52.27185
1784898349141,BTC,459bb73d55909852,3022,4051.34123
1784898349141,BTC,d7c2da0df33aa9bc,3023,39.33341
1784898349141,SOL,c76ecbfd97cbeb24,3024,8224.7697
1784898351933,NEAR,f8f4ddaf12eb0417,3025,100.9085
1784898351933,BTC,38d83255a062c228,3026,3745.1538
1784898351933,FARTCOIN,90de1aead7bb6b4d,3027,1830.387663
1784898351933,FARTCOIN,90de1aead7bb6b4d,3027,189.645
1784898351933,FARTCOIN,90de1aead7bb6b4d,3027,307.987152
1784898351933,FARTCOIN,90de1aead7bb6b4d,3027,2946.163539
1784898351933,FARTCOIN,90de1aead7bb6b4d,3027,817.021424
1784898351933,FARTCOIN,90de1aead7bb6b4d,3027,19.84166
1784898351933,FARTCOIN,90de1aead7bb6b4d,3027,117.363168
1784898351933,FARTCOIN,90de1aead7bb6b4d,3027,135.407376
1784898351933,FARTCOIN,90de1aead7bb6b4d,3027,417.371955
1784898351933,FARTCOIN,90de1aead7bb6b4d,3027,500.004855
1784898351933,FARTCOIN,90de1aead7bb6b4d,3027,49.992738
1784898351933,FARTCOIN,90de1aead7bb6b4d,3027,1896.780322
1784898351933,FARTCOIN,90de1aead7bb6b4d,3027,2804.81117
1784898351933,NEAR,45c648f17d2916e7,3028,71.73677
1784898351933,ONDO,fa5f772df7c14727,3029,19.059
1784898351933,BTC,f6369a65762625ed,3030,517.41832
1784898351933,ONDO,1fc89bc908d292e4,3031,1743.8985
1784898351933,BTC,38182f85eb2ebc76,3032,456.77328
1784898351933,NEAR,024272efa6b05717,3033,152.09663
1784898351933,NEAR,bd81db6d3c4116d8,3034,37.24441
1784898351933,BTC,587b426da789110e,3035,60.64504
1784898351933,NEAR,61fd6ab5e9d2acfe,3036,47.88567
1784898351933,NEAR,67f25071995c5f75,3037,11.37514
1784898366984,NEAR,c6c277bb7fcc260f,3038,11.38816
1784898366984,NEAR,8f86a52b66778949,3039,28.4704
1784898366984,NEAR,cbf78c1971549549,3040,514.67136
1784898366984,NEAR,cbf78c1971549549,3040,3603.8016
1784898366984,NEAR,ee5540794e6226e0,3041,27.18464
1784898370003,FARTCOIN,4f039ad97cae87f1,3042,216.31333
1784898370003,FARTCOIN,d89b723b0efc3414,3043,48.467292
1784898370003,FARTCOIN,496b26b22a7c6419,3044,62.556328
1784898373019,ETH,60454db6ed6c1d13,3045,288.31354
1784898373019,ETH,c4e610702bb007f3,3046,1273.91319
1784898392442,BTC,51bef54bbc11de75,3047,359.6868
1784898392442,BTC,5d65e06e2dc8d40d,3048,7569.5378
1784898392442,BTC,33108002a3f9e0c5,3049,600.7672
1784898392442,BTC,cc325011df1c2d12,3050,12.892
1784898392442,BTC,0600fe51154f17fd,3051,6076.6442
1784898392442,BTC,e47cb34bd825bd7a,3052,25.1394
1784898392442,BTC,78dc35dfae33f2ba,3053,190.157
1784898392442,BTC,9d2f3afa1f52dd35,3054,616.2376
1784898392442,BTC,dfc6032513f17b33,3055,844.426
1784898392442,BTC,050c769c3a3c5d1a,3056,260.4184
1784898392442,BTC,0ed1a8d81fb2090d,3057,8842.6228
1784898392442,BTC,16e1d105f535c4db,3058,52766.956
1784898392442,BTC,383096829f46adc8,3059,30.2962
1784898392442,BTC,4e03da51e677adda,3060,10982.0502
1784898392442,BTC,7fd2bbf052bb118f,3061,70.2614
1784898394053,ETH,a8a326efc4da29c2,3062,11.74761
1784898394053,BTC,cb214252c053562b,3063,5999.85062
1784898394053,BTC,bce9abb9e1cc4d3e,3064,39.32426
1784898394053,BTC,2c6a168f0ed4c30e,3065,1358.94328
1784898394053,FARTCOIN,6dff2ea76c997ecd,3066,383.896236
1784898394053,BTC,c836182373c4c0de,3067,30192.00644
1784898394053,BTC,c836182373c4c0de,3067,552.46505
1784898394053,BTC,c836182373c4c0de,3067,42.5469
1784898394053,BTC,c836182373c4c0de,3067,26905.1124
1784898394053,BTC,8f2f84d81b7df729,3068,517.0093
1784898394053,BTC,534d7be20477689d,3069,297.18365
1784898394053,BTC,965fe9c23a633ca1,3070,42891.1431
1784898394053,ETH,f5e27186f1ebe4d4,3071,270.3815
1784898394053,BTC,f8f06cffbabb982b,3072,976.64475
1784898394053,BTC,b0c3b72fb037d888,3073,57.37385
1784898394053,BTC,ebec853e22761495,3074,3425.02545
1784898394053,BTC,ebec853e22761495,3074,832.8878
1784898394053,BTC,ebec853e22761495,3074,17586.69665
1784898394053,BTC,d00c3a4397c24609,3075,406.77415
1784898394053,ETH,2d649fd95244c96d,3076,25.73286
1784898394053,BTC,bf7acdb75977f988,3077,132.7979
1784898394053,ETH,93abb5ac25c17281,3078,50.90631
1784898394053,BTC,dbc4939ed70cf8d8,3079,12.24835
1784898394053,BTC,279113d241dc48d9,3080,302.9855
1784898396898,BTC,ad5acfc38f04386b,3081,1629.08109
1784898396898,ETH,08d449cdf589bdd9,3082,26.29227
1784898396898,ETH,db16ea9b0e7cd094,3083,50.90631
1784898396898,ETH,92b8157d7a58f79f,3084,57.43276
1784898396898,BTC,4fa5630794a16131,3085,453.20301
1784898396898,BTC,c2e49d10bf50d4d6,3086,41.25888
1784898396898,ETH,7558c9def06a6e76,3087,49.22808
1784898427364,NEAR,27b2fe2a16733ff1,3088,62.15226
1784898427364,NEAR,f18222ab4ec61b26,3089,11.36708
1784898427364,BTC,7890e357fa770071,3090,1263.5336
1784898427364,FARTCOIN,dfa615e8ae4b0744,3091,836.48194
1784898427364,FARTCOIN,dfa615e8ae4b0744,3091,16.792965
1784898427364,FARTCOIN,dfa615e8ae4b0744,3091,49.993575
1784898427364,FARTCOIN,dfa615e8ae4b0744,3091,44.14176
1784898427364,NEAR,819ee750e1cca854,3092,11.36708
1784898427364,NEAR,56360ef091f4fb8b,3093,11.36708
1784898427364,NEAR,941b59e49c09eca6,3094,11.36708
1784898427364,NEAR,1a14f16c0fbe0b32,3095,558.82032
1784898427364,SOL,05d1a0cbef9767d5,3096,318.63744
1784898427364,NEAR,9f564c7d12416fae,3097,11.36708
1784898427364,BTC,e3ace03659de98b8,3098,1362.16658
1784898427364,NEAR,0e8006b15c2bffe7,3099,474.48392
1784898427364,BTC,d9db5c17e805c4dc,3100,12.8932
1784898427364,ETH,4608ffb37f64ba53,3101,24.04947
1784898427364,SOL,13e82a149c698876,3102,165.27456
1784898427364,NEAR,fb8fc8b2bad75f57,3103,11.36708
1784898427364,BTC,35846c8d69615d3b,3104,11.60388
1784898427364,BTC,dc2817c7de957bd0,3105,582.77264
1784898427364,BTC,dc2817c7de957bd0,3105,199.8446
1784898427364,BTC,dc2817c7de957bd0,3105,9929.69798
1784898427364,BTC,dc2817c7de957bd0,3105,399.683
1784898427364,BTC,dc2817c7de957bd0,3105,1182.26976
1784898427364,NEAR,82e01bfa67c906aa,3106,27.86768
1784898427364,NEAR,22f6259ed69e4c78,3107,83.23636
1784898430379,BTC,2e116a0cd9114aba,3108,315.8736
1784898430379,BTC,81e2220805af5b5a,3109,4426.09824
1784898430379,BTC,81e2220805af5b5a,3109,14.18208
1784898430379,BTC,81e2220805af5b5a,3109,386.784
1784898430379,BTC,81e2220805af5b5a,3109,8262.35088
1784898430379,TAO,e5c1dc19f5880ede,3110,126.65808
1784898430379,TAO,e5c1dc19f5880ede,3110,336.69888
1784898430379,TAO,e5c1dc19f5880ede,3110,500.08332
1784898430379,TAO,e5c1dc19f5880ede,3110,1054.40205
1784898430379,TAO,e5c1dc19f5880ede,3110,584.40135
1784898430379,NEAR,6421c6fa871fbe5d,3111,142.40079
1784898430379,SOL,1df7ac848b147653,3112,1887.72232
1784898430379,NEAR,3af45afad22b4113,3113,189.13464
1784898430379,NEAR,d885a582ff425775,3114,11.36274
1784898430379,SOL,1095536d3b72bdfb,3115,11.16555
1784898430379,SOL,f4e73f40bd49af5c,3116,148.12963
1784898430379,BTC,b45f00c82379f7bd,3117,26.42696
1784898430379,TAO,f2af75f13f43a8a9,3118,88.47735
1784898430379,TAO,f2af75f13f43a8a9,3118,199.85112
1784898430379,TAO,f2af75f13f43a8a9,3118,150.03622
1784898430379,TAO,f2af75f13f43a8a9,3118,1053.4458
1784898430379,TAO,f2af75f13f43a8a9,3118,500.05814
1784898430379,TAO,f2af75f13f43a8a9,3118,620.35904
1784898430379,NEAR,4a220e4e5aba5cec,3119,15.94449
1784898433986,SOL,9e94f1034f8d714d,3120,203.8834
1784898433986,BTC,36f552cc3fb1ab0e,3121,1716.86808
1784898433986,BTC,0dba54c64ec9606f,3122,398.92693
1784898433986,SOL,8f49374f4b8021c3,3123,8353.2666
1784898433986,SOL,8f49374f4b8021c3,3123,122.77155
1784898433986,SOL,8f49374f4b8021c3,3123,4451.71098
1784898433986,SOL,8f49374f4b8021c3,3123,400.26124
1784898433986,SOL,8f49374f4b8021c3,3123,48913.79559
1784898433986,BTC,cf1b1cfc9610f258,3124,4993.99803
1784898433986,SOL,3155b7ee7d5531db,3125,1573.49655
1784898433986,BTC,4d1237a4c0a825d6,3126,1604.08583
1784898433986,NEAR,8a89199b2bec3b72,3127,95.1808
1784898433986,SOL,8d13289979f6595f,3128,298.33197
1784898433986,NEAR,8b1b5ca5b133d664,3129,7576.39168
1784898433986,NEAR,8b1b5ca5b133d664,3129,406.67044
1784898433986,NEAR,8b1b5ca5b133d664,3129,99.552
1784898433986,NEAR,8b1b5ca5b133d664,3129,691.374
1784898433986,NEAR,8b1b5ca5b133d664,3129,1176.80869
1784898433986,NEAR,8b1b5ca5b133d664,3129,3410.56422
1784898433986,SOL,63eb8da72526407c,3130,40.91835
1784898433986,ETH,0fbf110bef19cc45,3131,6001.40175
1784898433986,SOL,0fbf110bef19cc45,3132,1589.11992
1784898433986,ONDO,0fbf110bef19cc45,3133,500.01516
1784898433986,ONDO,0fbf110bef19cc45,3133,585.01008
1784898433986,ENA,0fbf110bef19cc45,3134,499.966788
1784898433986,ENA,0fbf110bef19cc45,3134,315.795332
1784898433986,ENA,0fbf110bef19cc45,3134,288.399152
1784898433986,ENA,0fbf110bef19cc45,3134,55.745847
1784898433986,HYPE,0fbf110bef19cc45,3135,1001.99478
1784898433986,SPX,0fbf110bef19cc45,3136,1490.602107
1784898433986,ZEC,0fbf110bef19cc45,3137,935.1308
1784898433986,BTC,1be33c206ff080a9,3138,160.47303
1784898433986,SOL,18f60d01dee167dd,3139,64.72539
1784898433986,SUI,227e911ee329b069,3140,51.10698
1784898433986,SOL,c84d675270d24ff9,3141,29.7588
1784898433986,BTC,c8a7a33f26e3ddc2,3142,2322.02541
1784898433986,FARTCOIN,1a83aaa7a3af729b,3143,60.52956
1784898433986,FARTCOIN,1a83aaa7a3af729b,3143,68.819436
1784898433986,SOL,53d886a78dfe21b1,3144,46.12614
1784898433986,SOL,37eabd6fb2539d28,3145,669.573
1784898433986,SOL,6309616cddffe7c4,3146,38.68644
1784898433986,BTC,cdb4bf06518b79c1,3147,2382.60559
1784898433986,BTC,b30ef7646f205f13,3148,121.16036
1784898433986,FARTCOIN,0801bdc90f607517,3149,243.64918
1784898433986,kPEPE,9ac8f000bdef3c90,3150,122.14233
1784898433986,NEAR,850b5f060b74d803,3151,203.1078
1784898433986,SUI,6f6cc4417043139b,3152,11.40523
1784898433986,SOL,e0f8db5bb0da4f01,3153,135.40254
1784898433986,SOL,4e113456cd6a4ec9,3154,937.4022
1784898433986,SOL,fc372160ffd183ff,3155,40.17438
1784898433986,SOL,5ded92b70ad98fde,3156,156.2337
1784898433986,BTC,ca9dfb9d48c4b2b4,3157,404.08269
1784898433986,SUI,b44d2f0cd0ae8e14,3158,11.40523
1784898433986,SOL,7a13e96f1c633b4e,3159,78.86082
1784898433986,SOL,61926d9c47921aaf,3160,11.90352
1784898433986,PEOPLE,c78d9b7c62da2d18,3161,17.579884
1784898433986,FARTCOIN,c78d9b7c62da2d18,3162,138.630796
1784898433986,SOL,aee09b4792ce015a,3163,44.6382
1784898433986,BTC,6eb98d0f59a7187c,3164,378.94836
1784898433986,SUI,00b518cb60a097dd,3165,11.40523
1784898433986,SOL,f7ca40d84c5ea282,3166,178.5528
1784898433986,NEAR,045f177e20ca33ed,3167,11.34476
1784898437033,BTC,c3014f74ec72994c,3168,817.56594
1784898437033,BTC,d41c3104f58cbfb3,3169,586.2766
1784898437033,BTC,b704213aca47f3d3,3170,1582.94682
1784898437033,SOL,4e1156c0f9e05507,3171,21.56991
1784898437033,AVAX,497d4d057b9c1e10,3172,218.65383
1784898437033,AVAX,bfa342a67dbbc40b,3173,24.356376
1784898437033,BTC,4517bc3ae3c75e42,3174,181.68132
1784898437033,BTC,4517bc3ae3c75e42,3174,43.80968
1784898437033,BTC,4517bc3ae3c75e42,3174,97.28326
1784898437033,BTC,4517bc3ae3c75e42,3174,1875.44086
1784898437033,SOL,938df26cd1f5077d,3175,117.51882
1784898437033,BTC,62925b583b960072,3176,6121.75852
1784898437033,BTC,62925b583b960072,3176,77.3112
1784898437033,BTC,62925b583b960072,3176,1015.98225
1784898437033,SOL,acec88ca9a8c715a,3177,11.15685
1784898437033,BTC,b505601cf630fe29,3178,201.65025
1784898437033,ETH,7b5c52f0260d9a0f,3179,9968.9618
1784898437033,ETH,7b5c52f0260d9a0f,3179,7497.9016
1784898437033,ETH,7b5c52f0260d9a0f,3179,11204.9574
1784898437033,ETH,7b5c52f0260d9a0f,3179,55.86
1784898437033,ETH,7b5c52f0260d9a0f,3179,2251.9028
1784898437033,ETH,7b5c52f0260d9a0f,3179,11.91616
1784898437033,ETH,7b5c52f0260d9a0f,3179,199.96806
1784898437033,ETH,7b5c52f0260d9a0f,3179,7491.54084
1784898437033,ETH,7b5c52f0260d9a0f,3179,11204.9142
1784898437033,ETH,7b5c52f0260d9a0f,3179,3909.99
1784898437033,ETH,7b5c52f0260d9a0f,3179,7673.44847
1784901141578,ETH,7b5c52f0260d9a0f,3180,968.1165
1784901141578,ETH,7b5c52f0260d9a0f,3180,4631.25
1784901141578,ETH,7b5c52f0260d9a0f,3180,199.88475
1784901141578,ETH,7b5c52f0260d9a0f,3180,92.625
1784901141578,ETH,7b5c52f0260d9a0f,3180,7002.26475
1784901141578,ETH,7b5c52f0260d9a0f,3180,4081.98375
1784901141578,ETH,7b5c52f0260d9a0f,3180,9671.532
1784901141578,ETH,7b5c52f0260d9a0f,3180,300.105
1784901141578,ETH,7b5c52f0260d9a0f,3180,5404.66875
1784901141578,ETH,7b5c52f0260d9a0f,3180,1852.5
1784901141578,ETH,7b5c52f0260d9a0f,3180,861.366
1784901141578,ETH,7b5c52f0260d9a0f,3180,8564.38616
1784901141578,ETH,7b5c52f0260d9a0f,3180,5296.0116
1784898437033,BTC,cf146feafc3e5158,3181,99.85875
1784898437033,NEAR,49f23344b93c588b,3182,22.87625
1784898437033,SOL,58b67d192419f417,3183,132.39462
1784898437033,SOL,abde96f4ae08340f,3184,38.67708
1784898437033,BTC,bab293c2461f10b6,3185,226.776
1784898437033,BTC,d2153a41903ba343,3186,30.27975
1784898437033,BTC,5a31be72fbd087ac,3187,12015.2625
1784898437033,BTC,0c79b603f9422186,3188,7.731
1784898437033,BTC,edc11b60bbbe17d0,3189,11.5965
1784898437033,BTC,59b81663f428a344,3190,28.347
1784898437033,BTC,32a877700dbbe3bf,3191,56.04975
1784898437033,BTC,b5786ddb3103694d,3192,711.252
1784898437033,SUI,e7adba119c9b6503,3193,950.38671
1784898437033,SUI,4ea3269f76d381fe,3194,37.596923
1784898437033,BTC,651845bfc3054ba2,3195,306.01875
1784898437033,BTC,a287bdc98a9c912f,3196,204.8715
1784898437033,BTC,0aefc9ac16005670,3197,406.52175
1784898437033,BTC,e3a3d257c19b3b90,3198,25.12575
1784898437033,WIF,1db2319e04abafe4,3199,47.29195
1784898437033,BTC,490ac28e56d5a933,3200,32.2125
1784898437033,BTC,fa0accf40e6c68d7,3201,62.49225
1784898437033,SOL,ca5ddbee2d5180be,3202,238.75659
1784898437033,NEAR,e36824e4de22a8e7,3203,271.95286
1784898437033,BTC,f4bd8c7fb4d9bbe2,3204,77.95425
1784898437033,BTC,c6dec30aea74ef7a,3205,16237.03275
1784898437033,kPEPE,166dce1e20cb7f2a,3206,1654.3039
1784898437033,kPEPE,166dce1e20cb7f2a,3206,320.391875
1784898437033,kPEPE,166dce1e20cb7f2a,3206,304.625025
1784898437033,kPEPE,166dce1e20cb7f2a,3206,1676.997912
1784898437033,kPEPE,166dce1e20cb7f2a,3206,1000.707708
1784898437033,kPEPE,166dce1e20cb7f2a,3206,299.427528
1784898437033,kPEPE,166dce1e20cb7f2a,3206,621.829272
1784898437033,NEAR,9e3fe7f7e3a2b237,3207,63.68748
1784898437033,BTC,1095536d3b72bdfb,3208,39.9435
1784898437033,BTC,deaa3205b44ee7e4,3209,407.81025
1784898437033,WLD,1b40d66360734afe,3210,203.905372
1784898437033,BTC,48d68f869ffb4104,3211,7.731
1784898437033,BTC,48d68f869ffb4104,3211,82.464
1784898437033,SUI,94a7f5d7c3bd7ddb,3212,43.802941
1784898437033,BTC,aeeedd9a03862009,3213,1354.85775
1784898437033,NEAR,aee15f6d48c88e8d,3214,242.48825
1784898437033,NEAR,aee15f6d48c88e8d,3214,222.17414
1784898437033,BTC,bc354633c8f1d6bf,3215,216.468
1784898437033,SUI,4e2a0e556e366e32,3216,11.401754
1784898437033,BTC,aea1552f1e37836b,3217,11231.21025
1784898437033,BTC,aea1552f1e37836b,3217,1932.75
1784898437033,BTC,aea1552f1e37836b,3217,454.19625
1784898437033,BTC,aea1552f1e37836b,3217,240.30525
1784898437033,BTC,aea1552f1e37836b,3217,82.464
1784898437033,BTC,aea1552f1e37836b,3217,339.51975
1784898437033,BTC,aea1552f1e37836b,3217,20.616
1784898437033,BTC,aea1552f1e37836b,3217,199.7175
1784898437033,BTC,aea1552f1e37836b,3217,22.5484
1784898437033,BTC,aea1552f1e37836b,3217,64.424
1784898437033,BTC,aea1552f1e37836b,3217,844.59864
1784898437033,BTC,aea1552f1e37836b,3217,199.7144
1784898437033,BTC,aea1552f1e37836b,3217,19.97113
1784898437033,BTC,aea1552f1e37836b,3217,238.3651
1784898437033,BTC,aea1552f1e37836b,3217,120.47101
1784898437033,BTC,aea1552f1e37836b,3217,103.71942
1784898437033,BTC,aea1552f1e37836b,3217,916.72506
1784898437033,BTC,aea1552f1e37836b,3217,11.59596
1784898437033,BTC,aea1552f1e37836b,3217,458.03331
1784898437033,BTC,aea1552f1e37836b,3217,345.94077
1784898437033,BTC,aea1552f1e37836b,3217,699.61206
1784898437033,ETH,aea1552f1e37836b,3218,3984.65219
1784898437033,BTC,d0693b600829b2f4,3219,95.34308
1784898440037,BTC,698099e1e66dfd60,3220,38321.32445
1784898440037,BTC,698099e1e66dfd60,3220,946.19759
1784898440037,BTC,698099e1e66dfd60,3220,386.466
1784898440037,BTC,698099e1e66dfd60,3220,7697.75861
1784898440037,BTC,698099e1e66dfd60,3220,599.6571
1784898440037,BTC,698099e1e66dfd60,3220,8065.4202
1784898440037,BTC,668ea59236efb5e0,3221,222.2145
1784898440037,SUI,f088b0049c33d586,3222,279.94588
1784898440037,BTC,91d0373a378dcfb2,3223,11.5938
1784898440037,SOL,1af6d196619029c3,3224,1256.1093
1784898440037,SOL,c988ad6ea599191d,3225,7228.764
1784898440037,SOL,c988ad6ea599191d,3225,2788.875
1784898440037,SOL,c988ad6ea599191d,3225,2788.875
1784898440037,SOL,c988ad6ea599191d,3225,4265.8632
1784898440037,SOL,c988ad6ea599191d,3225,4875.6972
1784898440037,SOL,c988ad6ea599191d,3225,5151.6099
1784898440037,SOL,c988ad6ea599191d,3225,2788.8375
1784898440037,SOL,c988ad6ea599191d,3225,2788.8375
1784898440037,SOL,c988ad6ea599191d,3225,499.75968
1784898440037,SOL,c988ad6ea599191d,3225,1999.78241
1784898440037,SOL,c988ad6ea599191d,3225,15000.2273
1784898440037,SOL,c988ad6ea599191d,3225,1972.26588
1784898440037,SOL,c988ad6ea599191d,3225,10000.39943
1784898440037,SOL,c988ad6ea599191d,3225,4443.54775
1784898440037,SOL,c988ad6ea599191d,3225,588.25879
1784898442890,SOL,c988ad6ea599191d,3225,5003.6136
1784898442890,SOL,c988ad6ea599191d,3225,999.4656
1784898442890,SOL,c988ad6ea599191d,3225,2192.22124
1784898442890,SOL,c988ad6ea599191d,3225,1439.6096
1784898442890,SOL,c988ad6ea599191d,3225,4445.18102
1784898442890,SOL,c988ad6ea599191d,3225,1439.57088
1784898442890,SOL,c988ad6ea599191d,3225,303.38064
1784898442890,SOL,c988ad6ea599191d,3225,1439.57088
1784898442890,SOL,c988ad6ea599191d,3225,30026.50398
1784898442890,SOL,c988ad6ea599191d,3225,1439.53216
1784898442890,SOL,c988ad6ea599191d,3225,299.65468
1784898442890,SOL,c988ad6ea599191d,3225,352.4427
1784898442890,SOL,c988ad6ea599191d,3225,17651.877
1784898442890,SOL,c988ad6ea599191d,3225,66.9168
1784898442890,SOL,c988ad6ea599191d,3225,499.63872
1784898442890,SOL,c988ad6ea599191d,3225,4162.113
1784898442890,SOL,c988ad6ea599191d,3225,7925.71
1784898442890,SOL,c988ad6ea599191d,3225,825.285
1784898442890,SOL,c988ad6ea599191d,3225,55.019
1784898442890,SOL,c988ad6ea599191d,3225,481.788
1784898442890,SOL,c988ad6ea599191d,3225,666.176
1784898442890,SOL,c988ad6ea599191d,3225,299.62647
1784898442890,SOL,c988ad6ea599191d,3225,500.36877
1784898442890,SOL,c988ad6ea599191d,3225,12.63916
1784898442890,SOL,c988ad6ea599191d,3225,66.9132
1784898442890,SOL,c988ad6ea599191d,3225,307.05724
1784898442890,SOL,c988ad6ea599191d,3225,115.23785
1784898442890,SOL,c988ad6ea599191d,3225,17651.46474
1784898442890,SOL,c988ad6ea599191d,3225,20728.8729
1784898442890,SOL,c988ad6ea599191d,3225,100.3644
1784898442890,SOL,c988ad6ea599191d,3225,500.33512
1784898442890,SOL,c988ad6ea599191d,3225,66.9087
1784898442890,SOL,c988ad6ea599191d,3225,382.12302
1784898442890,SOL,c988ad6ea599191d,3225,29407.86051
1784898442890,SOL,c988ad6ea599191d,3225,95.90118
1784898442890,SOL,c988ad6ea599191d,3225,499.57824
1784898442890,SOL,c988ad6ea599191d,3225,20.07207
1784898442890,SOL,c988ad6ea599191d,3225,37534.7709
1784898442890,SOL,c988ad6ea599191d,3225,4442.61816
1784898442890,SOL,c988ad6ea599191d,3225,9629.2602
1784898442890,SOL,c988ad6ea599191d,3225,17651.2896
1784898442890,SOL,c988ad6ea599191d,3225,46915.3429
1784898440037,BTC,4a4c7cec514fe92b,3226,81.1566
1784898440037,BTC,a8db9b2557c9b20a,3227,1736.4936
1784898440037,SOL,5a31be72fbd087ac,3228,2725.62385
1784898440037,BTC,73850731ee55a0d6,3229,689.8311
1784898440037,BTC,1b59065784cd75c0,3230,873.3996
1784898440037,SOL,14e1f07befab4c12,3231,130.88944
1784898440037,SOL,e7b24720e3cfb9f4,3232,4262.08739
1784898440037,BTC,4e0d17523284dca7,3233,2571.2472
1784898440037,SOL,0a59ddb5e1b978b2,3234,166.58656
1784898440037,kPEPE,49c4a2c5ddbca0d2,3235,1563.641376
1784898440037,kPEPE,49c4a2c5ddbca0d2,3235,279.594084
1784898440037,kPEPE,49c4a2c5ddbca0d2,3235,49.999726
1784898440037,kPEPE,49c4a2c5ddbca0d2,3235,442.729847
1784898440037,BTC,32a3b02762972522,3236,391.6128
1784898440037,BTC,a27e5cd8307f5cef,3237,2698.779
1784898440037,BTC,18a60f5e25bdd658,3238,1325.5578
1784898440037,SUI,d1fd3f3a8a8f5f82,3239,185.42807
1784898440037,BTC,95618c4e68709522,3240,407.0712
1784898440037,SOL,d23f3848fc22f474,3241,1068.68253
1784898440037,BTC,53cd6b6da45132dd,3242,11.5938
1784898440037,BTC,5efcbbb76468287d,3243,4356.6924
1784898440037,BTC,5efcbbb76468287d,3243,16.1025
1784898440037,BTC,5efcbbb76468287d,3243,1509.1263
1784898440037,BTC,5efcbbb76468287d,3243,1337.1516
1784898440037,ETH,5efcbbb76468287d,3244,229.55994
1784898440037,ETH,5efcbbb76468287d,3244,4834.53606
1784898440037,SOL,5efcbbb76468287d,3245,2865.43757
1784898440037,SOL,8a7a07ebc859f8a7,3246,136.09527
1784898440037,FARTCOIN,ef087a074344e795,3247,11.38632
1784898440037,BTC,0507e6dad52d3234,3248,595.1484
1784898440037,BTC,0507e6dad52d3234,3248,73.4274
1784898440037,BTC,0507e6dad52d3234,3248,1275.318
1784898440037,SOL,47692f88e9042ce4,3249,74.369
1784898440037,BTC,41015bb2f6742bd6,3250,20023.7808
1784898440037,BTC,dd28f08cb527d840,3251,271.1661
1784898440037,BTC,d354f84bf5645239,3252,95.3268
1784898442890,DOT,507a2304e405c16f,3253,94.68732
1784898446095,BTC,818a2e9214641a37,3254,579.42
1784898446095,BTC,27534d12d1f3fb2d,3255,184.7706
1784898446095,BTC,1e1e72c089a50cea,3256,88.8444
1784898446095,SOL,1e1e72c089a50cea,3257,84.7476
1784898446095,BTC,5a43c37d38d3f875,3258,79.8312
1784898446095,BTC,743a265e2ddcc9f4,3259,611.61
1784898446095,ETH,743a265e2ddcc9f4,3260,606.4999
1784898446095,BTC,d5d34b25f8e2e061,3261,2481.849
1784898446095,BTC,d35e8b137947f9d0,3262,19314.0
1784898446095,ETH,d35e8b137947f9d0,3263,2791.5
1784898446095,BTC,501c535f0f8e9c69,3264,1200.0432
1784898446095,SOL,5f77d7dcbf1866ce,3265,123.4044
1784898446095,BTC,4bb2757495d902ad,3266,1438.893
1784898446095,BTC,31b95449a04bd98b,3267,2734.8624
1784898446095,BTC,61bf555653331a16,3268,374.6916
1784898446095,BTC,9d18ede9da5d0602,3269,4492.4364
1784898446095,BTC,0f3531eea18161ba,3270,488.6442
1784898446095,SOL,ec871e4679777056,3271,412.587
1784898451019,SOL,a52bec6b4504b971,3272,326.634
1784898451019,BTC,123b00597f9cc064,3273,316.01742
1784898451019,BTC,b4985a224870c3b8,3274,15644.47134
1784898451019,BTC,b4985a224870c3b8,3274,81600.07446
1784898451019,ETH,eeb40d9d3ed3a429,3275,11.70477
1784898451019,SOL,2765f9d748036c1b,3276,432.79005
1784898451019,BCH,ce89a0b2bc4bf277,3277,149.6075
1784898451019,SOL,20d5083c313960e4,3278,37.85985
1784898451019,BTC,7c392e8555390e8f,3279,211.75098
1784898451019,SOL,aaf6d46582f169d8,3280,17.07405
1784898451019,BTC,f60297889aa9079c,3281,11.58516
1784898451019,ETH,7a3cb5459b0bb865,3282,783.29064
1784898451019,BTC,e3dbfaeb595eade9,3283,18.66498
1784898451019,AVAX,15096677cdc4d9d2,3284,874.494
1784898451019,ETH,495e1152c9d48f14,3285,207.34164
1784898451019,BTC,83a7fd795f0e14c8,3286,417.70938
1784898451019,WLD,1f6cb7c488d09173,3287,24.120828
1784898451019,BCH,66e0ec30b860e10d,3288,21.58
1784898451019,BTC,7669f51764ee33a5,3289,138.3783
1784898451019,SOL,71a72f5a63b1c407,3290,137.33475
1784898451019,FARTCOIN,df28699962dc1ee2,3291,741.964872
1784898451019,DOT,cb7de4e5fffae394,3292,148.445635
1784898451019,SOL,f05212f698e5386e,3293,3745.15575
1784898451019,BTC,eb389c0a297fe221,3294,191.79876
1784898451019,ETH,4c2941fed0f78e82,3295,16037.02122
1784898451019,BTC,051f8af1bb983a94,3296,16485.68268
1784898451019,BTC,051f8af1bb983a94,3296,24597.86916
1784898451019,SUI,a674996aa2bf92f5,3297,21.672
1784898451019,SOL,5ea6613bbfa7d2a9,3298,78276.3534
1784898451019,BTC,9fa5569a8f7a8d09,3299,12.8724
1784898451019,SOL,cf0a3d9b0e4c3958,3300,5134.0926
1784898451019,SOL,cf0a3d9b0e4c3958,3300,13771.33485
1784898451019,BTC,01bdcd2442cc8133,3301,476.2788
1784898451019,BCH,5f4a5ac51c574bd7,3302,338.64
1784898451019,BTC,82199865314d3e34,3303,23.17032
1784898451019,kPEPE,0849e12ae058d989,3304,3813.500772
1784898451019,kPEPE,0849e12ae058d989,3304,1383.845238
1784898451019,kPEPE,0849e12ae058d989,3304,263.290885
1784898451019,kPEPE,0849e12ae058d989,3304,16134.086683
1784898451019,ENA,00994cee22d2034f,3305,84.717624
1784898451019,ENA,00994cee22d2034f,3305,276.515001
1784898451019,ENA,00994cee22d2034f,3305,410.789338
1784898451019,ETH,92c62ccc945fb798,3306,70342.13769
1784898451019,SOL,d0983fcfe564168a,3307,11.13525
1784898451019,BCH,d0983fcfe564168a,3308,11.4125
1784898451019,kPEPE,dfa615e8ae4b0744,3309,948.010206
1784898451019,BCH,52125df612cf0ab6,3310,38.18
1784898451019,XRP,d3a5b92cc4383ca2,3311,722.6052
1784898451019,BTC,a8be20756684d0d0,3312,78.52164
1784898451019,ETH,8db85e94312b75fb,3313,555.32631
1784898451019,WLD,8db85e94312b75fb,3314,413.779158
1784898451019,BTC,cbdfb6718d3bfb15,3315,59.21304
1784898451019,SOL,cd64a35f4566e674,3316,41.5716
1784898451019,AVAX,0893cfb4a18933bc,3317,4517.421216
1784898451019,BTC,1ab0c48ab9f35790,3318,3853.99656
1784898451019,BCH,03a74c92524a6cf2,3319,311.8725
1784898451019,INJ,d2d306f84ea30f0a,3320,17.2491
1784898451019,INJ,d2d306f84ea30f0a,3320,25.08096
1784898451019,FARTCOIN,d2d306f84ea30f0a,3321,1079.488784
1784898451019,ZEC,d2d306f84ea30f0a,3322,9.9288
1784898451019,BCH,77922dc55e8b991a,3323,48.7625
1784898451019,BTC,6ba0053be5ce89f6,3324,2096.27034
1784898451019,BCH,8d333752f0e81435,3325,29.6725
1784898451019,SOL,6ccd787e7a15ed09,3326,37.85985
1784898451019,BTC,4a387306edf2a7c3,3327,627.5295
1784898451019,SOL,e3c19589150eb312,3328,27.46695
1784898451019,BTC,1c47fc0e446dd087,3329,222.0489
1784898451019,BTC,c8b8fbc42a5d918a,3330,1894.81728
1784898451019,ETH,c8b8fbc42a5d918a,3331,1361.28333
1784898451019,HYPE,c8b8fbc42a5d918a,3332,592.18
1784898451019,BTC,2c9d91e87bfeb182,3333,186.6498
1784898451019,SOL,1134cf2d03e5cc38,3334,242.0061
1784898451019,BCH,185d4149f69391f2,3335,12.2425
1784898451019,SOL,999b65e33d4b8a84,3336,37.85985
1784898451019,JUP,51368cfa309273dc,3337,17.17059
1784898451019,JUP,51368cfa309273dc,3337,49.8474
1784898451019,JUP,51368cfa309273dc,3337,123.88002
1784898451019,BCH,d5b2fd8f0689ce89,3338,13.9025
1784898451019,NEAR,eef4c38ebc6f3dcc,3339,474.23728
1784898451019,BTC,f1f600faabc8e166,3340,307.65036
1784898451019,BTC,4ab4e46c2bd1752e,3341,103.62282
1784898451019,BCH,16d97faf585b06a9,3342,185.505
1784898451019,SOL,3d883897d916a456,3343,108.3831
1784898451019,SOL,a0178523905bf2c2,3344,3416.2947
1784898451019,ETH,af22d87f2914aa2e,3345,489.55665
1784898451019,SOL,af22d87f2914aa2e,3346,194.4957
1784898451019,ETH,a29a3d026cd83f48,3347,40.50222
1784898451019,BTC,f69fee29896ae782,3348,424.7892
1784898451019,BCH,f0c2bd469066d0da,3349,27.39
1784898451019,BTC,b411b125f24d26a3,3350,3931.87458
1784898451019,SOL,dd99a36462015489,3351,2630.8884
1784898451019,ETH,674e6c62de8e97e5,3352,27.31113
1784898451019,BTC,540df28abd70d2e6,3353,308.29398
1784898451019,TRUMP,d40795e5f3c9c87c,3354,115.04752
1784898451019,TAO,f256b943c5119876,3355,63.33444
1784898451019,TAO,f256b943c5119876,3355,89.16908
1784898451019,XRP,fb9cee8771898726,3356,49.194
1784898451019,BTC,02620988c26c206e,3357,6743.85036
1784898451019,BTC,48117886bd368ba1,3358,243.93198
1784898451019,ETH,24b5fedc431ddf8d,3359,1007.91075
1784898451019,BTC,ac488b276ab211e5,3360,3942.1725
1784898451019,SOL,9f7febbfd71fb1b1,3361,611.6964
1784898451019,BTC,8a719950c5c6f96b,3362,45.69702
1784898451019,BTC,39c5a76379cfe081,3363,1087.7178
1784898451019,SOL,7df0272061c747e0,3364,486.9816
1784898451019,BTC,b96ca72a6670dd10,3365,299.2833
1784898451019,ETH,e8ac2e5843f4064b,3366,595.45695
1784898451019,BTC,a085b38eeb024c5e,3367,2725.08708
1784898451019,BTC,cf43d069cc553bf6,3368,392.6082
1784898451019,ETH,eade71a37bcfa69a,3369,47.74803
1784898451019,BTC,c18feccacc1d7b0d,3370,402.2625
1784898451019,ETH,50d6f81c9f7f1e75,3371,125.59404
1784898451019,PYTH,c50a85ddde38537c,3372,10.665005
1784898451019,SOL,1aebe509b62cee73,3373,32.6634
1784898451019,BTC,b065581dd759745d,3374,3906.7734
1784898451019,ETH,5c8e5aa3c57df5a0,3375,37.52958
1784898451019,SUI,3875341ec9cb2a8e,3376,293.04
1784898451019,BTC,4f355b89b4143250,3377,155.11242
1784898451019,ETH,a15b651baeb26dd4,3378,23908.94352
1784898451019,BTC,29962e8f8205c6ed,3379,890.12646
1784898451019,BTC,2414f4da3d443ebf,3380,7247.1612
1784898451019,ETH,bb7ed1e43a3002e3,3381,813.20283
1784898451019,SOL,80658a164046385a,3382,143.27355
1784898451019,ETH,49cc303de434cc1b,3383,373.99527
1784898451019,BTC,d8ee02ffb60eab67,3384,42729.9318
1784898451019,BTC,bfb55fbcfe47b979,3385,186.6498
1784898451019,BTC,b4dd0ec82f59d3bc,3386,4419.73854
1784898451019,SOL,5ca2ae24618c985c,3387,794.3145
1784898451019,BTC,fd010323edd48ac2,3388,8065.20222
1784898451019,ETH,28fab90d26d8592f,3389,968.52327
1784898451019,SOL,5a7f9ec2a0a972c2,3390,197.4651
1784898451019,SOL,5778c4c11d286ee8,3391,82.40085
1784898451019,SOL,6f8f19be19169908,3392,28.2093
1784898451019,WLD,655f2e9b7db722ec,3393,51.229098
1784898451019,ETH,ae7265d47ca3f2c8,3394,413.01117
1784898451019,BCH,9bcc6caa70d3df7e,3395,676.865
1784898451019,ETH,fc372160ffd183ff,3396,73.57284
1784898451019,ETH,dfeb34fbde3025aa,3397,521.51253
1784898451019,ETH,1b989c08f8571912,3398,29.35482
1784898451019,XRP,114b58fabda31543,3399,16716.1212
1784898451019,BTC,21690281ebd2c62c,3400,530.34288
1784898451019,SOL,0382f8cfee60760d,3401,11.13525
1784898451019,SOL,9aa82b47ed86e632,3402,60.13035
1784898451019,BTC,5492168274258c8f,3403,761.40246
1784898451019,ETH,30e40c020e0952e2,3404,665.49978
1784898451019,ETH,34a273c4799945f3,3405,166.09626
1784898451019,BTC,692ca7a3f4b1ddee,3406,60.50028
1784898451019,ETH,6c30c4f401f3fe93,3407,1664.6784
1784898451019,ETH,7be226e6dcea03f2,3408,1029.46239
1784898451019,ETH,caae01d54675ddbc,3409,482.86821
1784898451019,DOGE,dd5388638526cccd,3410,3887.343
1784898451019,ARB,dd86223034f65909,3411,116.251422
1784898451019,ARB,dd86223034f65909,3411,971.809734
1784898451019,ARB,dd86223034f65909,3411,500.000634
1784898451019,ARB,dd86223034f65909,3411,11.992295
1784898451019,ARB,dd86223034f65909,3411,293.196988
1784898451019,ARB,dd86223034f65909,3411,342.55343
1784898451019,ARB,dd86223034f65909,3411,29.546816
1784898451019,ARB,dd86223034f65909,3411,599.643272
1784898451019,ARB,dd86223034f65909,3411,499.997972
1784898451019,ARB,dd86223034f65909,3411,1369.9662
1784898451019,ARB,dd86223034f65909,3411,293.12682
1784898451019,ARB,dd86223034f65909,3411,345.955485
1784898451019,ARB,dd86223034f65909,3411,325.803225
1784898451019,ARB,dd86223034f65909,3411,2088.5
1784898451019,ARB,dd86223034f65909,3411,971.344642
1784898451019,ARB,dd86223034f65909,3411,49.992705
1784898451019,ARB,dd86223034f65909,3411,293.056652
1784898451019,ARB,dd86223034f65909,3411,1000.781283
1784898451019,ARB,dd86223034f65909,3411,1369.47435
1784898451019,ARB,dd86223034f65909,3411,26.439266
1784898451019,ARB,dd86223034f65909,3411,524.392694
1784898451019,ARB,dd86223034f65909,3411,970.995823
1784898451019,ARB,dd86223034f65909,3411,289.971773
1784898451019,ARB,dd86223034f65909,3411,4318.4697
1784898451019,ARB,dd86223034f65909,3411,195.8743
1784898451019,ARB,dd86223034f65909,3411,2087.25
1784898451019,ARB,dd86223034f65909,3411,693.960531
1784898451019,ARB,dd86223034f65909,3411,2087.0
1784898451019,ARB,dd86223034f65909,3411,999.998572
1784898451019,ARB,dd86223034f65909,3411,707.95214
1784898451019,ETH,a317aec5ee7740da,3412,30510.06222
1784898451019,SOL,a317aec5ee7740da,3413,29535.1371
1784898451019,NEAR,a317aec5ee7740da,3414,151.6244
1784898451019,NEAR,a317aec5ee7740da,3414,116.36079
1784898451019,NEAR,a317aec5ee7740da,3414,554.03811
1784898451019,NEAR,a317aec5ee7740da,3414,3452.97249
1784898451019,NEAR,a317aec5ee7740da,3414,49.85253
1784898451019,NEAR,a317aec5ee7740da,3414,99.15723
1784898451019,NEAR,a317aec5ee7740da,3414,1786.5453
1784898451019,NEAR,a317aec5ee7740da,3414,5004.5178
1784898451019,NEAR,a317aec5ee7740da,3414,3061.15119
1784898451019,HYPE,a317aec5ee7740da,3415,20540.12
1784898451019,HYPE,a317aec5ee7740da,3415,89.32
1784898451019,HYPE,a317aec5ee7740da,3415,11.6
1784898451019,HYPE,a317aec5ee7740da,3415,130.5
1784898451019,HYPE,a317aec5ee7740da,3415,174.0
1784898451019,HYPE,a317aec5ee7740da,3415,11.6
1784898451019,HYPE,a317aec5ee7740da,3415,5278.0
1784898451019,GRAM,a317aec5ee7740da,3416,289.54
1784898451019,GRAM,a317aec5ee7740da,3416,289.44
1784898451019,GRAM,a317aec5ee7740da,3416,153.4032
1784898451019,GRAM,a317aec5ee7740da,3416,250.3137
1784898451019,GRAM,a317aec5ee7740da,3416,289.34
1784898451019,GRAM,a317aec5ee7740da,3416,318.23
1784898451019,GRAM,a317aec5ee7740da,3416,300.872
1784898451019,GRAM,a317aec5ee7740da,3416,289.28
1784898451019,GRAM,a317aec5ee7740da,3416,91.098
1784898451019,GRAM,a317aec5ee7740da,3416,99.774
1784898451019,GRAM,a317aec5ee7740da,3416,2887.662
1784898451019,GRAM,a317aec5ee7740da,3416,95.4294
1784898451019,GRAM,a317aec5ee7740da,3416,1477.6076
1784898451019,GRAM,a317aec5ee7740da,3416,91.0854
1784898451019,GRAM,a317aec5ee7740da,3416,1976.2719
1784898451019,GRAM,a317aec5ee7740da,3416,221.1768
1784898451019,GRAM,a317aec5ee7740da,3416,190.806
1784898451019,GRAM,a317aec5ee7740da,3416,135.877
1784898451019,GRAM,a317aec5ee7740da,3416,753.0534
1784898451019,GRAM,a317aec5ee7740da,3416,659.0568
1784898451019,GRAM,a317aec5ee7740da,3416,1477.0966
1784898451019,GRAM,a317aec5ee7740da,3416,173.424
1784898451019,GRAM,a317aec5ee7740da,3416,774.6272
1784898451019,GRAM,a317aec5ee7740da,3416,1975.4517
1784898451019,GRAM,a317aec5ee7740da,3416,387.2868
1784898451019,GRAM,a317aec5ee7740da,3416,904.6326
1784898451019,GRAM,a317aec5ee7740da,3416,1724.0043
1784898451019,GRAM,a317aec5ee7740da,3416,101.143
1784898451019,GRAM,a317aec5ee7740da,3416,245.616
1784898451019,GRAM,a317aec5ee7740da,3416,105.4558
1784898451019,GRAM,a317aec5ee7740da,3416,164.6844
1784898451019,SOL,70286255cb19b5eb,3417,84.6279
1784898451019,BTC,575fff942c52bb0f,3418,451.82124
1784898451019,SOL,d7307174b1e6b006,3419,127.6842
1784898451019,BTC,6235ab36d04a0b67,3420,94.61214
1784898451019,ETH,cace3626153618a9,3421,74.13021
1784898451019,SOL,99ba2753899595bb,3422,35.6328
1784898451019,SOL,c6dfabe2d90cd234,3423,973.9632
1784898451019,ETH,2e19a81c35e233fa,3424,7865.04807
1784898451019,ONDO,2e19a81c35e233fa,3425,573.41247
1784898451019,ONDO,2e19a81c35e233fa,3425,499.95364
1784898451019,ONDO,2e19a81c35e233fa,3425,833.8936
1784898451019,ZEC,2e19a81c35e233fa,3426,4641.714
1784898451019,BTC,993596df0bbc706e,3427,536.77908
1784898451019,NEAR,39ad79171de7c74b,3428,37.60942
1784898451019,NEAR,e664492a3030f73a,3429,1082.27496
1784898451019,SOL,be4c6f1a26835211,3430,561.2166
1784898451019,BTC,8992f6eaeaee742f,3431,571.53456
1784898451019,BCH,5cecd7bc9c8b52d1,3432,21.165
1784898451019,SOL,382ae8031998f82b,3433,37.85985
1784898451019,BTC,4a3b03ccc36ebf29,3434,177.63912
1784898451019,BTC,09eecc63dd780998,3435,2730.23604
1784898451019,SOL,de551a1f2b8e8fce,3436,28.95165
1784898451019,SOL,18b0121f39e173ac,3437,37.85985
1784898451019,ETH,f1a954656a911189,3438,3978.32127
1784898451019,SUI,da752fe33557d511,3439,143.784
1784898451019,SUI,da752fe33557d511,3439,509.75292
1784898451019,SUI,8743bb2862f006d8,3440,120.814322
1784898451019,SOL,5d4afa044fbae80d,3441,37.85985
1784898451019,BTC,16f4fa475e81d631,3442,13984.57536
1784898451019,BTC,16f4fa475e81d631,3442,18.02108
1784898451019,BTC,16f4fa475e81d631,3442,6274.55389
1784898451019,BTC,16f4fa475e81d631,3442,213.0316
1784898451019,BTC,16f4fa475e81d631,3442,1078.03
1784898451019,BTC,16f4fa475e81d631,3442,163.4744
1784898451019,BTC,16f4fa475e81d631,3442,73.3704
1784898451019,BTC,16f4fa475e81d631,3442,164.118
1784898451019,BTC,16f4fa475e81d631,3442,10000.2568
1784898451019,BTC,16f4fa475e81d631,3442,12.22821
1784898451019,BTC,16f4fa475e81d631,3442,30.24873
1784898451019,BTC,16f4fa475e81d631,3442,140.30262
1784898451019,BTC,16f4fa475e81d631,3442,3470.88087
1784898451019,BTC,16f4fa475e81d631,3442,199.5129
1784898451019,BTC,16f4fa475e81d631,3442,46389.9672
1784898452050,BTC,16f4fa475e81d631,3442,7296.3395
1784898452050,BTC,16f4fa475e81d631,3442,33980.2793
1784898452050,BTC,16f4fa475e81d631,3442,533.6273
1784898452050,BTC,16f4fa475e81d631,3442,7296.22615
1784898452050,BTC,16f4fa475e81d631,3442,386.214
1784898452050,BTC,16f4fa475e81d631,3442,2893.3416
1784898452050,BTC,16f4fa475e81d631,3442,6372.432
1784898452050,BTC,16f4fa475e81d631,3442,1124.50896
1784898452050,BTC,16f4fa475e81d631,3442,399.72528
1784898452050,BTC,16f4fa475e81d631,3442,399.72528
1784898452050,BTC,16f4fa475e81d631,3442,29999.99376
1784898452050,BTC,16f4fa475e81d631,3442,50.84993
1784898452050,BTC,16f4fa475e81d631,3442,19.3101
1784898452050,BTC,16f4fa475e81d631,3442,386.202
1784898452050,BTC,16f4fa475e81d631,3442,5793.03
1784898452050,BTC,16f4fa475e81d631,3442,50044.05516
1784898452050,BTC,16f4fa475e81d631,3442,20000.11424
1784898452050,BTC,16f4fa475e81d631,3442,10483.93408
1784898452050,BTC,16f4fa475e81d631,3442,199.5315
1784898452050,BTC,16f4fa475e81d631,3442,2000.4642
1784898452050,BTC,16f4fa475e81d631,3442,5792.67
1784898452050,BTC,16f4fa475e81d631,3442,48.27225
1784898452050,BTC,16f4fa475e81d631,3442,141.5964
1784898452050,BTC,16f4fa475e81d631,3442,26995.35366
1784898452050,BTC,16f4fa475e81d631,3442,100092.0284
1784898452050,BTC,16f4fa475e81d631,3442,128.72
1784898452050,BTC,16f4fa475e81d631,3442,16015.986
1784898451019,CRV,3a00d0af2c5c5566,3443,76.47432
1784898451019,CRV,3a00d0af2c5c5566,3443,193.905931
1784898451019,CRV,3a00d0af2c5c5566,3443,388.254874
1784898451019,ENA,a568d202b907b45f,3444,22.715662
1784898451019,ENA,a568d202b907b45f,3444,181.966508
1784898451019,BTC,b57ce3de16164623,3445,523.88226
1784898451019,SOL,1bbef80e6694ef2f,3446,97.24785
1784898451019,BTC,b04562b16ab35b4f,3447,288.97191
1784898451019,SOL,6da0c52b3621d0cf,3448,11.8776
1784898451019,ETH,ef83ce5f809dc0c9,3449,11.70477
1784898451019,ETH,0730aa0e98c3261a,3450,540.27732
1784898451019,BCH,8ef103ab48dcbdf3,3451,86.9425
1784898451019,ETH,db4e5eae1e785346,3452,911.85732
1784898451019,BTC,a05503814ca8ac8e,3453,75.94362
1784898452050,JUP,8a3498f1c5fc2eb1,3454,51.85574
1784898452050,JUP,2c60fcf92d92bdc5,3455,69.75612
1784898452050,JUP,55bf0d0cb777fec3,3456,24.9129
1784898452050,SOL,ed07fea7f65370ff,3457,11.1387
1784898452050,SOL,a30a111d40cfffea,3458,28.96062
1784898452050,ETH,c797a7fc7c4bcc05,3459,269.53776
1784898452050,JUP,a2ff7685ef0b5749,3460,77.69134
1784898452050,ARB,82d6afd36dc64c60,3461,106.050924
1784898452050,TAO,608895fb3b588cac,3462,72.85192
1784898452050,FARTCOIN,b3ce0edbf71c480b,3463,609.123801
1784898452050,FARTCOIN,b3ce0edbf71c480b,3463,18.49828
1784898452050,FARTCOIN,b3ce0edbf71c480b,3463,38.875
1784898452050,DOGE,8dafc66930f46563,3464,266.124256
1784898452050,SOL,06ed7a781809e720,3465,939.3637
1784898452050,SOL,1a74b439c25c0a71,3466,24472.46648
1784898452050,SOL,1a74b439c25c0a71,3466,2784.675
1784898452050,SOL,1a74b439c25c0a71,3466,2784.675
1784898452050,SOL,1a74b439c25c0a71,3466,2784.675
1784898452050,SOL,1a74b439c25c0a71,3466,2119.32332
1784898452050,SOL,1a74b439c25c0a71,3466,2784.675
1784898452050,SOL,1a74b439c25c0a71,3466,11691.9221
1784898455143,SOL,1a74b439c25c0a71,3466,5452.34812
1784898455143,SOL,1a74b439c25c0a71,3466,1442.13346
1784898455143,SOL,1a74b439c25c0a71,3466,192.9746
1784898455143,SOL,1a74b439c25c0a71,3466,5003.97982
1784898455143,SOL,1a74b439c25c0a71,3466,37.11
1784898455143,SOL,1a74b439c25c0a71,3466,89.8062
1784898455143,SOL,1a74b439c25c0a71,3466,742.2
1784898455143,SOL,1a74b439c25c0a71,3466,1821.30972
1784898455143,SOL,1a74b439c25c0a71,3466,49.72606
1784898455143,SOL,1a74b439c25c0a71,3466,999.64911
1784898455143,SOL,1a74b439c25c0a71,3466,137936.36016
1784898455143,SOL,1a74b439c25c0a71,3466,19998.38028
1784898455143,SOL,1a74b439c25c0a71,3466,742.11
1784898455143,SOL,1a74b439c25c0a71,3466,146.9358
1784898455143,SOL,1a74b439c25c0a71,3466,3000.3103
1784898455143,SOL,1a74b439c25c0a71,3466,13.3578
1784898455143,SOL,1a74b439c25c0a71,3466,1233.35358
1784898455143,SOL,1a74b439c25c0a71,3466,44.5248
1784898455143,SOL,1a74b439c25c0a71,3466,129.11844
1784898455143,SOL,1a74b439c25c0a71,3466,1233.99589
1784898455143,SOL,1a74b439c25c0a71,3466,1233.97926
1784898455143,SOL,1a74b439c25c0a71,3466,16025.18997
1784898452050,SOL,99e465297951a2c4,3467,81.6838
1784898452050,NEAR,8437e55a3c4cdf36,3468,812.29842
1784898452050,NEAR,ba8b3b956dee61ce,3469,226.58178
1784898452050,ETH,894c56470aa7027a,3470,367.61904
1784898452050,ETH,e48cc241dc217ca7,3471,32708.6208
1784898452050,WLD,4210e33049ccaca5,3472,189.44042
1784898452050,SOL,fe214f2a60a8a654,3473,89.1096
1784898452050,NEAR,73ee3de167dce68b,3474,11.68512
1784898452523,hyna:DOGE,e49626316b7898cf,3475,393.124879
1784898455143,ETH,1045b2a563f1e123,3476,4407.1148
1784898455143,SOL,a74d9243a95d477c,3477,219.69712
1784898455143,ETH,1f9ddfb39ed8b750,3478,625.55592
1784898455143,ETH,c0be4019d782856e,3479,570.59464
1784898455143,SOL,3446cac6d5f2480b,3480,18.5555
1784898455143,ETH,e2c098bbb0a4d015,3481,2731.53848
1784898455143,ETH,e2c098bbb0a4d015,3481,6681.88048
1784898455143,BTC,ed23f580b4e0ad75,3482,128.722
1784898455143,ETH,bfb1638b650ce816,3483,3318.1016
1784898455143,ETH,bfb1638b650ce816,3483,349.44976
1784898455143,ETH,bfb1638b650ce816,3483,54.96128
1784898455143,ETH,bfb1638b650ce816,3483,20327.68936
1784898455143,ETH,bfb1638b650ce816,3483,15282.76376
1784898455143,ETH,0861d6dbff453db3,3484,150.77216
1784898455143,ETH,bd730aec58c05e51,3485,793.03928
1784898455143,BTC,af5270383eb43b3a,3486,11.58498
1784898455143,BTC,821f4cd7a2159e15,3487,958.9789
1784898455143,SOL,7861fffc314a1ba6,3488,192.9772
1784898455143,ETH,e38a8fcc703b7f93,3489,1225.30232
1784898455143,SOL,063f44426876ce97,3490,394.86104
1784898455143,TIA,23eb01c1331c7fa7,3491,48.07348
1784898455143,ETH,5a4b88541b49dcba,3492,2978.86424
1784898455143,ETH,abde96f4ae08340f,3493,41.03528
1784898455143,ETH,00877c7c0b2754a5,3494,714.868
1784898455143,ETH,66d285c0ef5dc435,3495,200.5344
1784898455143,SOL,b269453a2d0b5447,3496,393.3766
1784898455143,ETH,ab3ec1eb25d45b69,3497,236.55632
1784898455143,ETH,b27cdf5c9f904b9d,3498,25.0668
1784898455143,XRP,3357185507faac14,3499,2402.6338
1784898455143,XRP,3357185507faac14,3499,160.6857
1784898455143,ETH,8937b98e3f442556,3500,11981.9304
1784898455143,BTC,d107c5c9732ca2a2,3501,11.58498
1784898455143,ETH,54fe0e04da9ed271,3502,171.38264
1784898455143,XRP,e9c00e79b36a91ce,3503,12.0241
1784898455143,SOL,29f0418cb459851a,3504,111.333
1784898455143,ETH,59ba411f567a4a4b,3505,98.03904
1784898455143,ETH,fd50beec5efb1b2a,3506,19.31072
1784898455143,BTC,686b1f329d2e8df8,3507,158.97167
1784898455143,FARTCOIN,8d6542570b47284e,3508,132.582877
1784898455143,BTC,fd60dd395668519c,3509,70.15349
1784898455143,BTC,6d6b46f5c81436d3,3510,73.37154
1784898455143,ZEC,ccae6e9cbf3a9a0f,3511,1042.314
1784898455143,ZEC,ccae6e9cbf3a9a0f,3511,679.9858
1784898455143,BTC,aafb32ef281da564,3512,1477.72856
1784898455143,ETH,65fabdb93a081373,3513,123.29152
1784898455143,SOL,116b3bfc8570dddb,3514,758.54884
1784898455143,BTC,a8f8fc5006cb06af,3515,27.03162
1784898455143,SOL,59a4badde2225793,3516,40.07988
1784898455143,SOL,d3a9cb5621a8c76d,3517,37.111
1784898455143,ETH,fd8099a5d05bd928,3518,11.69784
1784898455143,SOL,519e7274bd4fde1b,3519,147.70178
1784898455143,SOL,e0723f56c95c36eb,3520,109.10634
1784898455143,ETH,74b86c404e610415,3521,300.98728
1784898455143,ETH,db9adca38c4491b8,3522,5571.14272
1784898455143,ETH,db9adca38c4491b8,3522,27.48064
1784898455143,ETH,db9adca38c4491b8,3522,11685.02808
1784898455143,ETH,db9adca38c4491b8,3522,22726.67496
1784898455143,ETH,db9adca38c4491b8,3522,349.44976
1784898455143,ETH,db9adca38c4491b8,3522,54.96128
1784898455143,ETH,db9adca38c4491b8,3522,54.96128
1784898455143,ETH,db9adca38c4491b8,3522,349.44976
1784898455143,ETH,db9adca38c4491b8,3522,20327.68936
1784898455143,ETH,db9adca38c4491b8,3522,20327.68936
1784898455143,ETH,db9adca38c4491b8,3522,27.48064
1784898455143,ETH,db9adca38c4491b8,3522,11052.00675
1784898455143,SOL,0b105303611958b2,3523,78.67532
1784898455143,BTC,4da00573b4b472ea,3524,19.3083
1784898455143,SOL,d76694c974df9f89,3525,7.4201
1784898455143,ETH,866f7c5b24bd1299,3526,137.3958
1784898455143,SOL,1eb6bfe8f93321d2,3527,192.9226
1784898455143,ETH,bcfea475db098056,3528,252.69687
1784898455143,ETH,517eefa352a43eff,3529,243.59904
1784898455143,BTC,365b946c7e1442a4,3530,43.76548
1784898455143,SOL,bf646caa548f375f,3531,290.86792
1784898455143,BTC,8968563a0a249293,3532,1346.43212
1784898455143,SOL,057b0ceb89e9ff12,3533,158.79014
1784898455143,BTC,67a242063a452d9f,3534,280.61396
1784898455143,ETH,67e71b66252da446,3535,325.29384
1784898455143,ETH,dc4fc65247782d58,3536,1621.82745
1784898455143,ETH,0085d58252210608,3537,1232.8488
1784898455143,ETH,61926d9c47921aaf,3538,19.12401
1784898455143,ETH,7d4309d61bac4971,3539,240.44265
1784898455143,SOL,7d4309d61bac4971,3540,2.22603
1784898455143,SOL,7d4309d61bac4971,3540,35.61648
1784898455143,BTC,245f677b8e5bbeea,3541,98.47233
1784898455143,ARB,7f633bd638bd4dc2,3542,286.954152
1784898455143,ARB,7f633bd638bd4dc2,3542,275.568228
1784898455143,ARB,7f633bd638bd4dc2,3542,292.77598
1784898455143,ARB,7f633bd638bd4dc2,3542,49.995954
1784898455143,ARB,7f633bd638bd4dc2,3542,292.635644
1784898455143,ARB,7f633bd638bd4dc2,3542,292.565476
1784898455143,ARB,7f633bd638bd4dc2,3542,29.483168
1784898455143,ARB,7f633bd638bd4dc2,3542,292.495308
1784898455143,ARB,7f633bd638bd4dc2,3542,681.107889
1784898455143,SOL,ce555500a69fd5a9,3543,214.44089
1784898455143,SOL,c63e84cfdd165736,3544,304.96611
1784898455143,SOL,68a297620da63778,3545,186.98652
1784898455143,SOL,68a297620da63778,3545,204.792
1784898455143,SOL,b6f236189085fa34,3546,367.29
1784898455143,BTC,e6cea0557fdef582,3547,200.80632
1784898455143,FARTCOIN,0fbd1bf9406dd8f7,3548,549.920307
1784898455143,FARTCOIN,0fbd1bf9406dd8f7,3548,187.005
1784898455143,FARTCOIN,0fbd1bf9406dd8f7,3548,2492.4
1784898455143,FARTCOIN,0fbd1bf9406dd8f7,3548,2492.4
1784898455143,FARTCOIN,0fbd1bf9406dd8f7,3548,740.014764
1784898455143,FARTCOIN,0fbd1bf9406dd8f7,3548,3507.245877
1784898455143,BTC,0b87f6b4d4545432,3549,15272.8653
1784898455143,BTC,8e412864d45adde7,3550,242.64097
1784898455143,DOGE,94794091d4612b75,3551,11.399587
1784898455143,ETH,08f35ba8f76cac93,3552,80.76645
1784898455143,BTC,6a4ae55036e7c701,3553,1579.41894
1784898455143,ETH,6a4ae55036e7c701,3554,1246.77405
1784898455143,SOL,6a4ae55036e7c701,3555,1150.1
1784898455143,XRP,6a4ae55036e7c701,3556,54.66
1784898455143,HYPE,6a4ae55036e7c701,3557,492.37755
1784898455143,ETH,513819c9ae71b074,3558,15702.1119
1784898455143,ETH,e1a97dc6fbc0fc65,3559,233.20152
1784898455143,SOL,f24756583ed0e691,3560,11.872
1784898455143,ETH,b16b0ea565599859,3561,28407.13866
1784898455143,BTC,977154c34e06549a,3562,238.1357
1784898458168,BTC,76e57c87b56dce0d,3563,915.8428
1784898458168,BTC,a71ebbd9a4a3ad03,3564,399.6756
1784898458168,BTC,092110b2e584cf83,3565,484.6308
1784898458168,BTC,b2ba0f721d569956,3566,23.1696
1784898458168,BTC,0d6cf3beb8a38916,3567,196.9416
1784898458168,BTC,e764002d3ee77694,3568,10.2976
1784898458168,BTC,64c8640bb6a7ba66,3569,1447.4564
1784898458168,BTC,e91ca51061d4fd64,3570,988.5696
1784898458168,JUP,e9efc14db12376b7,3571,11.44334
1784898458168,BTC,675e51a1cda110b9,3572,52184.3752
1784898458168,BTC,2e1d494ab8b9b551,3573,451.1636
1784898458168,BTC,1d942e1c7a560267,3574,43.7648
1784898458168,BTC,1137ac92170eae33,3575,876.5832
1784898458168,BTC,a27a90c33283bcec,3576,1150.7568
1784898458168,BTC,c0319afba4befa69,3577,872.7216
1784898458168,BTC,1ff4dbf322db07cd,3578,762.666
1784898458168,BTC,56050bf6f9500c68,3579,3140.768
1784898458168,BTC,7cc1a5f074b888b1,3580,14.1592
1784898570510,BTC,62b3f3b88f7297bd,3581,280.57036
1784898570510,BTC,419c2c402eed2fe8,3582,59.20292
1784898570510,BTC,90eef11ae96fad5b,3583,11.58318
1784898570510,BTC,0f5525912407b543,3584,1598.47884
1784898570510,BTC,0f5525912407b543,3584,489.0676
1784898570510,BTC,15531718430b3a60,3585,3521.28672
1784898570510,BTC,15531718430b3a60,3585,16.0875
1784898570510,BTC,15531718430b3a60,3585,27.027
1784898570510,BTC,15531718430b3a60,3585,2905.4025
1784898570510,BTC,d6b545a0419b22ae,3586,2094.5925
1784898570510,BTC,d6b545a0419b22ae,3586,1716.2145
1784898570510,BTC,b2867f6225598d5e,3587,214.2855
1784898570510,BTC,b2867f6225598d5e,3587,137.0655
1784898570510,BTC,645c17738b9d6cd7,3588,4098.4515
1784898570510,BTC,645c17738b9d6cd7,3588,222.651
1784898570510,BTC,645c17738b9d6cd7,3588,2505.1455
1784898570510,BTC,5f88a81f02d4ce78,3589,229.086
1784898570510,BTC,71d1c0477db26d17,3590,258.66288
1784898573699,BTC,623285c408749b2a,3591,130.61426
1784898573699,BTC,8cd218b21ec2c346,3592,1367.91092
1784898573699,BTC,56bccba7eecad037,3593,330.07446
1784898573699,BTC,7d058a8bf8be5698,3594,83.6446
1784898573699,BTC,856b6e097d4249da,3595,101.66036
1784898573699,BTC,dbaf784efb0183c8,3596,15155.7581
1784898573699,BTC,d8fe723231b53db0,3597,17147.78642
1784898573699,BTC,39b0f9f33a852594,3598,3333.55902
1784898573699,BTC,21b6233bb70928c6,3599,14.79866
1784898573699,BTC,933c2c93cb5b50f7,3600,84838.78752
1784898573699,BTC,933c2c93cb5b50f7,3600,209.1115
1784898573699,BTC,933c2c93cb5b50f7,3600,14.79866
1784898573699,BTC,933c2c93cb5b50f7,3600,50.83018
1784898573699,BTC,933c2c93cb5b50f7,3600,6434.2
1784898573699,BTC,933c2c93cb5b50f7,3600,6434.2
1784898573699,BTC,933c2c93cb5b50f7,3600,19.3026
1784898573699,BTC,933c2c93cb5b50f7,3600,2300.2265
1784898573699,BTC,933c2c93cb5b50f7,3600,7901.84102
1784898573699,BTC,933c2c93cb5b50f7,3600,7162.55144
1784898573699,BTC,933c2c93cb5b50f7,3600,7127.16334
1784898573699,BTC,933c2c93cb5b50f7,3600,7196.00928
1784898573699,BTC,933c2c93cb5b50f7,3600,7562.11526
1784898573699,BTC,933c2c93cb5b50f7,3600,380.89872
1784898573699,BTC,933c2c93cb5b50f7,3600,11.58138
1784898573699,BTC,933c2c93cb5b50f7,3600,64.341
1784898573699,BTC,933c2c93cb5b50f7,3600,49.54257
1784898573699,BTC,933c2c93cb5b50f7,3600,386.046
1784898573699,BTC,933c2c93cb5b50f7,3600,25.736
1784898573699,BTC,933c2c93cb5b50f7,3600,84.9288
1784898573699,BTC,933c2c93cb5b50f7,3600,79.1382
1784898573699,BTC,933c2c93cb5b50f7,3600,270.86719
1784898573699,BTC,933c2c93cb5b50f7,3600,249.63532
1784898573699,BTC,933c2c93cb5b50f7,3600,48.25425
1784898573699,BTC,933c2c93cb5b50f7,3600,10337.99052
1784898573699,BTC,933c2c93cb5b50f7,3600,3216.9
1784898573699,BTC,933c2c93cb5b50f7,3600,64.338
1784898573699,BTC,933c2c93cb5b50f7,3600,3614.50884
1784898573699,BTC,933c2c93cb5b50f7,3600,6218.2677
1784898573699,BTC,933c2c93cb5b50f7,3600,1136.83479
1784898573699,BTC,933c2c93cb5b50f7,3600,431.70127
1784898573699,BTC,933c2c93cb5b50f7,3600,6205.30365
1784898573699,BTC,933c2c93cb5b50f7,3600,4009.41952
1784898573699,BTC,933c2c93cb5b50f7,3600,7589.71792
1784898573699,BTC,933c2c93cb5b50f7,3600,288.86415
1784898573699,BTC,933c2c93cb5b50f7,3600,161.48085
1784898573699,BTC,933c2c93cb5b50f7,3600,6433.5
1784898573699,BTC,933c2c93cb5b50f7,3600,16.08375
1784898573699,BTC,933c2c93cb5b50f7,3600,199.4385
1784898573699,BTC,933c2c93cb5b50f7,3600,47830.4991
1784898573699,BTC,933c2c93cb5b50f7,3600,10.2936
1784898573699,BTC,933c2c93cb5b50f7,3600,7885.54095
1784898573699,BTC,933c2c93cb5b50f7,3600,50046.1965
1784898573699,BTC,933c2c93cb5b50f7,3600,32.167
1784898573699,BTC,933c2c93cb5b50f7,3600,37531.81226
1784898573699,BTC,933c2c93cb5b50f7,3600,5790.06
1784898573699,BTC,933c2c93cb5b50f7,3600,50.82307
1784898573699,BTC,933c2c93cb5b50f7,3600,64.333
1784898573699,BTC,933c2c93cb5b50f7,3600,843.40563
1784898573699,BTC,933c2c93cb5b50f7,3600,2958.03134
1784898573699,BTC,933c2c93cb5b50f7,3600,199.4323
1784898573699,BTC,933c2c93cb5b50f7,3600,7492.22118
1784898573699,BTC,933c2c93cb5b50f7,3600,1151.5428
1784898573699,BTC,933c2c93cb5b50f7,3600,180.1296
1784898573699,BTC,933c2c93cb5b50f7,3600,562.905
1784898573699,BTC,933c2c93cb5b50f7,3600,517.8726
1784898573699,BTC,933c2c93cb5b50f7,3600,97.78464
1784898573699,BTC,933c2c93cb5b50f7,3600,5789.88
1784898573699,BTC,933c2c93cb5b50f7,3600,5661.216
1784898573699,BTC,933c2c93cb5b50f7,3600,79.12836
1784898573699,BTC,933c2c93cb5b50f7,3600,13546.38924
1784898573699,BTC,933c2c93cb5b50f7,3600,1938.29303
1784898573699,BTC,933c2c93cb5b50f7,3600,49.53487
1784898573699,BTC,933c2c93cb5b50f7,3600,3663.00714
1784898573699,BTC,933c2c93cb5b50f7,3600,1999.40748
1784898573699,BTC,933c2c93cb5b50f7,3600,45803.672
1784898573699,BTC,933c2c93cb5b50f7,3600,8106.8666
1784898573699,BTC,933c2c93cb5b50f7,3600,72.6929
1784898573699,BTC,933c2c93cb5b50f7,3600,409.7821
1784898573699,BTC,933c2c93cb5b50f7,3600,806.6982
1784898573699,BTC,933c2c93cb5b50f7,3600,1499.5323
1784898573699,BTC,933c2c93cb5b50f7,3600,120110.543
1784898573699,BTC,933c2c93cb5b50f7,3600,6368.67
1784898573699,BTC,933c2c93cb5b50f7,3600,21115.6792
1784898573699,BTC,933c2c93cb5b50f7,3600,29919.883
1784898573699,BTC,933c2c93cb5b50f7,3600,44641.75284
1784898573699,BTC,933c2c93cb5b50f7,3600,8928.22191
1784898573699,BTC,933c2c93cb5b50f7,3600,1381.78692
1784898573699,BTC,933c2c93cb5b50f7,3600,199.4199
1784898573699,BTC,933c2c93cb5b50f7,3600,999.67266
1784898573699,BTC,933c2c93cb5b50f7,3600,7491.75534
1784898573699,BTC,933c2c93cb5b50f7,3600,86600.34309
1784898573699,BTC,933c2c93cb5b50f7,3600,99725.38896
1784901082979,BTC,933c2c93cb5b50f7,3601,19574.55038
1784901082979,BTC,933c2c93cb5b50f7,3601,9931.59244
1784901082979,BTC,933c2c93cb5b50f7,3601,14.11102
1784901082979,BTC,933c2c93cb5b50f7,3601,34.63614
1784901082979,BTC,933c2c93cb5b50f7,3601,198.8371
1784901082979,BTC,933c2c93cb5b50f7,3601,1484.22274
1784901082979,BTC,933c2c93cb5b50f7,3601,14111.02
1784901082979,BTC,933c2c93cb5b50f7,3601,50.67139
1784901082979,BTC,933c2c93cb5b50f7,3601,109573.99453
1784901082979,BTC,933c2c93cb5b50f7,3601,200.11992
1784901082979,BTC,933c2c93cb5b50f7,3601,26206.72978
1784901082979,BTC,933c2c93cb5b50f7,3601,19.2423
1784901082979,BTC,933c2c93cb5b50f7,3601,6775.85524
1784901082979,BTC,933c2c93cb5b50f7,3601,11444.03722
1784901082979,BTC,933c2c93cb5b50f7,3601,8197.86121
1784901082979,BTC,933c2c93cb5b50f7,3601,6414.1
1784901082979,BTC,933c2c93cb5b50f7,3601,3549.56294
1784901082979,BTC,933c2c93cb5b50f7,3601,8252.38106
1784901082979,BTC,933c2c93cb5b50f7,3601,7687.29885
1784901082979,BTC,933c2c93cb5b50f7,3601,7006.12143
1784901082979,BTC,933c2c93cb5b50f7,3601,17272.52989
1784901082979,BTC,933c2c93cb5b50f7,3601,3398.7786
1784901082979,BTC,933c2c93cb5b50f7,3601,14499.90373
1784901082979,BTC,933c2c93cb5b50f7,3601,6349.761
1784901082979,BTC,933c2c93cb5b50f7,3601,192.414
1784901082979,BTC,933c2c93cb5b50f7,3601,5001.48124
1784901082979,BTC,933c2c93cb5b50f7,3601,141.1036
1784901082979,BTC,933c2c93cb5b50f7,3601,128.276
1784901082979,BTC,933c2c93cb5b50f7,3601,50046.24002
1784901082979,BTC,933c2c93cb5b50f7,3601,14.75151
1784901082979,BTC,933c2c93cb5b50f7,3601,1629.0798
1784901082979,BTC,933c2c93cb5b50f7,3601,274.50208
1784901082979,BTC,933c2c93cb5b50f7,3601,641.36
1784901082979,BTC,933c2c93cb5b50f7,3601,5643.968
1784901082979,BTC,933c2c93cb5b50f7,3601,384.816
1784901082979,BTC,933c2c93cb5b50f7,3601,3206.75
1784901082979,BTC,933c2c93cb5b50f7,3601,698.43015
1784901082979,BTC,933c2c93cb5b50f7,3601,12.18546
1784901082979,BTC,933c2c93cb5b50f7,3601,24.37092
1784901082979,BTC,933c2c93cb5b50f7,3601,1854.75528
1784901082979,BTC,933c2c93cb5b50f7,3601,103.25574
1784901082979,BTC,933c2c93cb5b50f7,3601,3780.05796
1784901082979,BTC,933c2c93cb5b50f7,3601,5772.06
1784901082979,BTC,933c2c93cb5b50f7,3601,2325.49884
1784901082979,BTC,933c2c93cb5b50f7,3601,769.608
1784901082979,BTC,933c2c93cb5b50f7,3601,100092.65112
1784901082979,BTC,933c2c93cb5b50f7,3601,19698.11676
1784901082979,BTC,933c2c93cb5b50f7,3601,28894.29102
1784901082979,BTC,933c2c93cb5b50f7,3601,99910.51056
1784901082979,BTC,933c2c93cb5b50f7,3601,32600.72789
1784901082979,BTC,933c2c93cb5b50f7,3601,29539.6598
1784901082979,BTC,933c2c93cb5b50f7,3601,398.90726
1784901082979,BTC,933c2c93cb5b50f7,3601,5771.97
1784901082979,BTC,933c2c93cb5b50f7,3601,11267.52677
1784898573699,BTC,85fb8710c7acaa31,3602,766.80168
1784898573699,BTC,a5ebcfe79ddca815,3603,11.57922
1784898573699,BTC,867f2712e3f6584d,3604,456.7359
1784898573699,BTC,75cd939187871277,3605,966.86487
1784898573699,BTC,2fa810c64ff9e4fd,3606,495.3333
1784898573699,BTC,41160b4121930143,3607,75.26493
1784898573699,BTC,320d0b666ef79203,3608,141.5238
1784898573699,BTC,19bfb92b9fd6b477,3609,631.71078
1784898573699,BTC,a0d934a5c3697f65,3610,127.37142
1784898573699,BTC,46c9acf4ba6bd266,3611,3453.82401
1784898573699,BTC,46c9acf4ba6bd266,3611,3138.61191
1784898573699,BTC,e541e5415f48a15e,3612,1581.85011
1784898573699,BTC,e541e5415f48a15e,3612,1124.47092
1784898573699,BTC,e541e5415f48a15e,3612,9999.94305
1784898573699,BTC,e541e5415f48a15e,3612,4935.88744
1784898573699,BTC,e541e5415f48a15e,3612,16082.0
1784898573699,BTC,e541e5415f48a15e,3612,37532.1716
1784898573699,BTC,e541e5415f48a15e,3612,13469.63992
1784901074275,BTC,e541e5415f48a15e,3613,67598.19885
1784901312312,BTC,e541e5415f48a15e,3614,6630.7854
1784901312312,BTC,e541e5415f48a15e,3614,74.81214
1784901312312,BTC,e541e5415f48a15e,3614,1999.46634
1784901312312,BTC,e541e5415f48a15e,3614,45192.1526
1784898573699,BTC,593699cddc01e990,3615,194.27056
1784898573699,BTC,bab24e8b10ba7ad0,3616,2784.75912
1784898573699,BTC,724d4c6f47b1848c,3617,1359.89392
1784898573699,BTC,89127299e3e3c1c4,3618,11.57904
1784898573699,BTC,9bd8323ee18d70d2,3619,319.06688
1784898573699,BTC,32053cc1ac94bdb3,3620,3020.1996
1784898573699,BTC,0b8569bb6f33547d,3621,472.16752
1784898573699,BTC,4a63e60f80f1841d,3622,786.73144
1784898573699,BTC,33209f6911beabd2,3623,54.03552
1784898573699,BTC,58c99b59a580403f,3624,58.53848
1784898576516,BTC,a3fff4811d5e0615,3625,213.59552
1784898576516,BTC,74873227c30135b8,3626,192.36464
1784898576516,BTC,b59202da0a1dd178,3627,359.63824
1784898576516,BTC,d6495ef7f12bf62e,3628,54.04224
1784898576516,BTC,d6495ef7f12bf62e,3628,402.1
1784898576516,BTC,b5ba3679f0ec527c,3629,193.008
1784898576516,BTC,1d9acf97f9bafd76,3630,1392.8744
1784898576516,BTC,1d9acf97f9bafd76,3630,139.60912
1784898576516,BTC,97dc9dc60150ac3b,3631,645.93344
1784898576516,FARTCOIN,d95b02dbd54604b8,3632,11.39541
1784898576516,BTC,a4fea8d55b08098d,3633,91.35712
1784898576516,BTC,1ee0ab7c84d1b118,3634,3451.6264
1784898576516,BTC,e1ffc5bc82790e90,3635,324.8968
1784898576516,BTC,b1031363f6a9d81b,3636,18.01408
1784898576516,BTC,5b031f4fe71613b1,3637,702.54912
1784898576516,BTC,5b46d4a2c8769aec,3638,27.66448
1784898576516,BTC,c25b67da84fb81b1,3639,768.8152
1784898576516,BTC,c699804d556ab36c,3640,263.13424
1784898576516,BTC,c699804d556ab36c,3640,1029.376
1784898576516,BTC,c699804d556ab36c,3640,135.74896
1784898576516,BTC,6974f69dd1ae3375,3641,29864.12784
1784898576516,BTC,6974f69dd1ae3375,3641,4697.17136
1784898576516,BTC,6974f69dd1ae3375,3641,4870.87856
1784898576516,BTC,6974f69dd1ae3375,3641,3990.76208
1784898576516,BTC,6974f69dd1ae3375,3641,61.7616
1784898576516,BTC,6974f69dd1ae3375,3641,23.1606
1784898576516,BTC,6974f69dd1ae3375,3641,30000.05385
1784898576516,BTC,6974f69dd1ae3375,3641,37070.53748
1784898576516,BTC,6974f69dd1ae3375,3641,101.64772
1784898576516,BTC,6974f69dd1ae3375,3641,1999.43856
1784898576516,BTC,6974f69dd1ae3375,3641,10.2928
1784898576516,BTC,6974f69dd1ae3375,3641,141.526
1784898576516,BTC,6974f69dd1ae3375,3641,10593.69972
1784898576516,BTC,6974f69dd1ae3375,3641,345.44673
1784898576516,BTC,6974f69dd1ae3375,3641,6456.70173
1784898576516,BTC,6974f69dd1ae3375,3641,385.968
1784898576516,BTC,6974f69dd1ae3375,3641,5789.52
1784898576516,BTC,6974f69dd1ae3375,3641,5789.52
1784898576516,BTC,6974f69dd1ae3375,3641,7498.71496
1784898576516,BTC,6974f69dd1ae3375,3641,30440.0096
1784901227096,BTC,6974f69dd1ae3375,3642,128056.0
1784898576516,BTC,075d5890c55ab654,3643,773.86584
1784898576516,BTC,9550b1c2d0a994e8,3644,461.87504
1784898576516,BTC,057b0ceb89e9ff12,3645,215.4988
1784898576516,BTC,a306b091a790ae7a,3646,3940.09
1784898576516,BTC,2b727532f134e6cc,3647,46.95944
1784898576516,BTC,92e63f2ed0dc864b,3648,1653.87288
1784898576516,BTC,92e63f2ed0dc864b,3648,48.246
1784898576516,BTC,92e63f2ed0dc864b,3648,3276.86832
1784898576516,BTC,2d777f9b6ca76adc,3649,1819.19584
1784898576516,BTC,eedc8462adff27ab,3650,1318.724
1784898576516,BTC,eedc8462adff27ab,3650,52.10568
1784898580624,BTC,61751b8d4fd49494,3651,333.86232
1784898580624,BTC,0e792321467a9113,3652,7961.87656
1784898580624,BTC,f16744160c8321bb,3653,744.27496
1784898580624,BTC,5881402706888f4a,3654,117.07696
1784898580624,BTC,8ccb38aaca117f14,3655,380.82176
1784898580624,BTC,e07ec82e4e6b3133,3656,2429.02528
1784898580624,BTC,d8d34beb75e30216,3657,139.59176
1784898580624,BTC,d1f4b447df2716ae,3658,11.57904
1784898580624,BTC,4c097aae4df548fc,3659,309.41768
1784898580624,BTC,82a141573311205c,3660,158.24688
1784898580624,BTC,36dba756a90d4593,3661,496.61216
1784898580624,BTC,7b7e7fbe987ba850,3662,98.42184
1784898580624,BTC,b2c19495e7631ecf,3663,108.07104
1784898608073,FARTCOIN,d0f56310b4285539,3664,373.23
1784898608073,FARTCOIN,d0f56310b4285539,3664,1391.724906
1784898608073,FARTCOIN,d0f56310b4285539,3664,141.46768
1784898608073,FARTCOIN,d0f56310b4285539,3664,148.49628
1784898608073,FARTCOIN,d0f56310b4285539,3664,1190.643758
1784898608073,FARTCOIN,aac9c61c86dde44c,3665,8.146235
1784898608073,FARTCOIN,aac9c61c86dde44c,3665,290.2329
1784898608073,FARTCOIN,aac9c61c86dde44c,3665,75.001888
1784898616946,FARTCOIN,45a894c12c6f14f4,3666,30.687408
1784898616946,FARTCOIN,7be40a5334867ff0,3667,5.909064
1784898616946,FARTCOIN,7be40a5334867ff0,3667,22.182031
1784898616946,FARTCOIN,7be40a5334867ff0,3667,440.886652
1784898616946,ZEC,35d68e66f73ef57b,3668,168.4734
1784898616946,FARTCOIN,07110f0b82d85dba,3669,11.381804
1784898616946,ZEC,1a6b973f393add62,3670,426.1386
1784898643863,ZEC,50e8e79432174e10,3671,9.86
1784898643863,FARTCOIN,fb7865ce43bcb2b7,3672,21.97811
1784898643863,ZEC,e86ca8c34900137d,3673,19.72
1784898643863,ZEC,c134dd5f00a1f5b7,3674,73.95
1784898643863,ZEC,c134dd5f00a1f5b7,3674,73.95
1784898643863,ZEC,0db36035f8732694,3675,926.84
1784898643863,ZEC,0db36035f8732694,3675,601.4478
1784898643863,ZEC,0db36035f8732694,3675,24.649
1784898643863,ZEC,0db36035f8732694,3675,2257.8484
1784898643863,ZEC,6b73e7f0735408f7,3676,478.1906
1784898643863,ZEC,9ac158f8095657b6,3677,276.0688
1784898643863,ZEC,08bc47aca13636ce,3678,138.0344
1784898643863,ZEC,fee120c18487926f,3679,29.5788
1784898643863,ZEC,7780812aeb801a33,3680,10426.527
1784898643863,ZEC,7780812aeb801a33,3680,202.1177
1784898643863,ZEC,7780812aeb801a33,3680,1454.232
1784898643863,ZEC,7780812aeb801a33,3680,24.647
1784898643863,ZEC,7780812aeb801a33,3680,98.586
1784898643863,ZEC,7780812aeb801a33,3680,64.0809
1784898643863,ZEC,7780812aeb801a33,3680,197.172
1784898643863,ZEC,7780812aeb801a33,3680,1454.114
1784898643863,ZEC,7780812aeb801a33,3680,616.1375
1784898643863,ZEC,7780812aeb801a33,3680,24.645
1784898643863,ZEC,7780812aeb801a33,3680,601.3258
1784898643863,ZEC,7780812aeb801a33,3680,1453.996
1784898643863,ZEC,7780812aeb801a33,3680,2168.672
1784898643863,ZEC,a63fb39a913d0b12,3681,9305.5744
1784899179846,KAITO,596dcb5bb8e44d69,3682,210.28168
1784899666169,xyz:MRVL,d84980c36b1986f7,3683,405.2635
1784899666169,xyz:MRVL,d84980c36b1986f7,3683,150.6936
1784899666169,xyz:MRVL,d84980c36b1986f7,3683,16.2888
1784899666437,ENA,73401c0c9c233ce1,3684,245.383164
1784899666437,ENA,73401c0c9c233ce1,3684,366.757455
1784899666437,ENA,73401c0c9c233ce1,3684,381.019437
1784899666437,ENA,73401c0c9c233ce1,3684,303.07033
1784899666437,ENA,73401c0c9c233ce1,3684,303.49792
1784899666437,ENA,73401c0c9c233ce1,3684,21.46878
1784899666437,ENA,73401c0c9c233ce1,3684,49.917327
1784899666437,ENA,73401c0c9c233ce1,3684,500.0354
1784899666437,ENA,73401c0c9c233ce1,3684,223.547716
1784899684467,ENA,d5d9318de5f18a0b,3685,95.970651
1784899684467,ENA,d5d9318de5f18a0b,3685,266.034802
1784899684467,ENA,d5d9318de5f18a0b,3685,10.603338
1784899687046,xyz:INTC,971112911e4fea60,3686,8822.8305
1784899687046,xyz:INTC,971112911e4fea60,3686,4883.076
1784899708073,xyz:MRVL,908438d73e0e53d1,3687,22.2871
1784899708073,xyz:MRVL,704fae20efecb790,3688,137.7748
1784899711044,xyz:INTC,55013c2d436a602c,3689,473.2679
1784899738088,xyz:DRAM,52aeb9922a00b6ca,3690,1297.344
1784899738088,xyz:DRAM,52aeb9922a00b6ca,3690,184.503
1784899738088,xyz:DRAM,52aeb9922a00b6ca,3690,9079.6216
1784899738088,xyz:DRAM,52aeb9922a00b6ca,3690,173.3117
1784899738088,xyz:DRAM,52aeb9922a00b6ca,3690,1296.996
1784899738088,xyz:DRAM,52aeb9922a00b6ca,3690,184.4832
1784899738088,xyz:DRAM,52aeb9922a00b6ca,3690,173.3024
1784899738088,xyz:DRAM,52aeb9922a00b6ca,3690,240.37
1784899738088,xyz:DRAM,52aeb9922a00b6ca,3690,173.29
1784899738088,xyz:DRAM,52aeb9922a00b6ca,3690,497.51
1784899738088,xyz:DRAM,52aeb9922a00b6ca,3690,5891.86
1784899738088,xyz:DRAM,52aeb9922a00b6ca,3690,5220.9666
1784899738088,xyz:DRAM,52aeb9922a00b6ca,3690,184.4634
1784899738088,xyz:DRAM,52aeb9922a00b6ca,3690,1000.5742
1784899738088,xyz:DRAM,52aeb9922a00b6ca,3690,9077.6728
1784899738088,xyz:DRAM,52aeb9922a00b6ca,3690,173.2776
1784899738088,xyz:DRAM,52aeb9922a00b6ca,3690,4471.68
1784899738088,xyz:DRAM,52aeb9922a00b6ca,3690,1743.9552
1784899738088,xyz:DRAM,52aeb9922a00b6ca,3690,1000.5205
1784899738088,xyz:DRAM,52aeb9922a00b6ca,3690,184.4502
1784899738088,xyz:DRAM,52aeb9922a00b6ca,3690,9077.1856
1784899738088,xyz:DRAM,52aeb9922a00b6ca,3690,402.4368
1784899738088,xyz:DRAM,52aeb9922a00b6ca,3690,4169.6178
1784899810205,xyz:DRAM,52aeb9922a00b6ca,3691,9598.0512
1784899810205,xyz:DRAM,52aeb9922a00b6ca,3691,13853.75
1784899810205,xyz:DRAM,52aeb9922a00b6ca,3691,1573.7576
1784899810205,xyz:DRAM,52aeb9922a00b6ca,3691,13853.5
1784899810205,xyz:DRAM,52aeb9922a00b6ca,3691,1573.7292
1784899810205,xyz:DRAM,52aeb9922a00b6ca,3691,3878.91
1784900446149,xyz:DRAM,52aeb9922a00b6ca,3692,1082.1944
1784900446149,xyz:DRAM,52aeb9922a00b6ca,3692,171.1572
1784900446149,xyz:DRAM,52aeb9922a00b6ca,3692,999.3191
1784900446149,xyz:DRAM,52aeb9922a00b6ca,3692,171.1417
1784900446149,xyz:DRAM,52aeb9922a00b6ca,3692,1082.0572
1784900446149,xyz:DRAM,52aeb9922a00b6ca,3692,21579.6345
1784900446149,xyz:DRAM,52aeb9922a00b6ca,3692,171.1262
1784900446149,xyz:DRAM,52aeb9922a00b6ca,3692,276.0
1784900446149,xyz:DRAM,52aeb9922a00b6ca,3692,187.68
1784900446149,xyz:DRAM,52aeb9922a00b6ca,3692,9610.1459
1784900542128,xyz:DRAM,52aeb9922a00b6ca,3693,953.8332
1784900542128,xyz:DRAM,52aeb9922a00b6ca,3693,4204.5406
1784900542128,xyz:DRAM,52aeb9922a00b6ca,3693,1485.5407
1784900542128,xyz:DRAM,52aeb9922a00b6ca,3693,1485.5136
1784900542128,xyz:DRAM,52aeb9922a00b6ca,3693,19935.1244
1784901139186,xyz:DRAM,52aeb9922a00b6ca,3694,11009.4866
1784901139186,xyz:DRAM,52aeb9922a00b6ca,3694,3999.424
1784901139186,xyz:DRAM,52aeb9922a00b6ca,3694,7248.4224
1784899757052,ENA,a6f31c260e8bfc2e,3695,10.516522
1784899757052,ENA,a6f31c260e8bfc2e,3695,20.256765
1784899759066,xyz:INTC,dddcc2abf771dba1,3696,1510.35
1784899774157,xyz:MRVL,a697b92bf19b8d66,3697,503.2539
1784899774157,xyz:MRVL,a697b92bf19b8d66,3697,145.512
1784899777998,para:COHR,99ca45abe7e034e9,3698,46.422
1784899804253,xyz:SNDK,a1adb01985cc68e8,3699,7.703
1784899807195,xyz:SNDK,e4ff23f245c50289,3700,13.8492
1784899810205,xyz:SNDK,aef84e95f67b1f22,3701,39.8086
1784899810205,xyz:DRAM,b071aea33bc9b4b2,3702,9110.5548
1784899810205,xyz:DRAM,b071aea33bc9b4b2,3702,4255.9488
1784899810205,xyz:SNDK,847fdcbec2018ccb,3703,7102.7729
1784899810205,xyz:MU,8104da13c781d00e,3704,2548.64288
1784899810205,xyz:SNDK,8484e16604b42790,3705,1080.9566
1784899810205,xyz:MU,375fa60b2c351cee,3706,46.70288
1784899810205,xyz:SNDK,e10817e2207785bc,3707,38.2775
1784899810205,xyz:SNDK,41d379a9b8949c7a,3708,35.2153
1784899816087,xyz:SNDK,2896ae7d624cf494,3709,128.772
1784899816087,xyz:SNDK,2896ae7d624cf494,3709,282.072
1784899816087,xyz:SNDK,2896ae7d624cf494,3709,1200.2607
1784899816087,xyz:SNDK,2896ae7d624cf494,3709,154.8229
1784899816087,xyz:SNDK,2896ae7d624cf494,3709,935.069
1784899816087,xyz:SMH,248d4600282fba3a,3710,232.29118
1784899816087,xyz:SMH,248d4600282fba3a,3710,378.77216
1784899816087,xyz:SNDK,cab396b793071013,3711,21495.8567
1784899819105,xyz:SNDK,cab396b793071013,3711,5522.0488
1784899819105,xyz:SNDK,cab396b793071013,3711,14848.5502
1784899819105,xyz:SNDK,cab396b793071013,3711,9745.6881
1784899819105,xyz:SNDK,cab396b793071013,3711,14846.612
1784899819105,xyz:SNDK,cab396b793071013,3711,1861.0155
1784899819105,xyz:SNDK,cab396b793071013,3711,29993.7494
1784899819105,xyz:SNDK,cab396b793071013,3711,9116.6784
1784899816087,xyz:MU,f269db65b05733df,3712,277.85553
1784899816087,xyz:SNDK,cc628884cc26a37a,3713,188.5467
1784899819105,xyz:CBRS,418649fe5e8319f9,3714,1531.1296
1784899819105,xyz:SNDK,12d65f427732f88b,3715,18.3864
1784899819105,xyz:MRVL,70e1aa6dff8f79b9,3716,227.8984
1784899819105,xyz:INTC,71f7e3937adf7d4d,3717,2735.7768
1784899819105,xyz:INTC,1602e88cbba5de80,3718,9.9664
1784899822109,xyz:SNDK,dae90353dd2e622f,3719,468.5472
1784899822109,xyz:MRVL,a6edb33e9d40fa0b,3720,509.6685
1784899822109,xyz:INTC,84a6fc6610856c77,3721,28054.5188
1784899822109,xyz:INTC,84a6fc6610856c77,3721,195.94408
1784899822109,xyz:INTC,84a6fc6610856c77,3721,351.0938
1784899822109,xyz:INTC,84a6fc6610856c77,3721,276.4988
1784899822109,xyz:INTC,84a6fc6610856c77,3721,2652.5982
1784899822109,xyz:INTC,84a6fc6610856c77,3721,1317.8185
1784899822109,xyz:INTC,84a6fc6610856c77,3721,1043.27246
1784899822109,xyz:INTC,84a6fc6610856c77,3721,8889.8355
1784899822109,xyz:INTC,84a6fc6610856c77,3721,5105.763
1784899822109,xyz:INTC,84a6fc6610856c77,3721,2652.0648
1784899822109,xyz:INTC,84a6fc6610856c77,3721,391.77784
1784899822109,xyz:INTC,84a6fc6610856c77,3721,30618.09576
1784899822109,xyz:INTC,799209c3b8c599a1,3722,13.92048
1784899822109,xyz:WDC,bbc53f20367f3758,3723,210.6061
1784899822109,xyz:INTC,db4f5c27ffd5baf8,3724,18.89208
1784899822109,xyz:SNDK,6b7f78a0b52b30f7,3725,33.6864
1784899822109,xyz:INTC,aa4b45e100094965,3726,28.83528
1784899822109,xyz:NBIS,d2155718792bc5e2,3727,4.284
1784899822109,xyz:INTC,6ce02bd73132638d,3728,94.4604
1784899822109,xyz:SNDK,f9654e01412ac505,3729,107.184
1784899822109,xyz:SNDK,4a094f0a0b04e13f,3730,10.7184
1784899825073,xyz:INTC,e38a573008559fac,3731,168.5788
1784899825073,xyz:INTC,d4f10253291efefb,3732,565.2348
1784899825073,xyz:INTC,f5d1bdd400b1e7bb,3733,943.04964
1784899825073,xyz:INTC,555c6556bd493f9e,3734,37.68232
1784899825073,xyz:INTC,e6ad32055de6bda0,3735,18.84116
1784899825073,xyz:INTC,61c4590bbc601b19,3736,98.17236
1784899825073,xyz:INTC,4d6726c0eaba1910,3737,4958.2
1784899825073,xyz:INTC,55c91332021c2b63,3738,45.61544
1784899828119,xyz:INTC,4eff5b9ea401f7fe,3739,1090.65
1784899828119,xyz:INTC,0951f0820dbd518d,3740,141.7845
1784899828119,xyz:DRAM,6fbd1e90d725c03c,3741,22.1612
1784899828119,xyz:BE,31007eac5bb0d38f,3742,488.9039
1784899828119,xyz:BE,31007eac5bb0d38f,3742,3259.902
1784899831159,xyz:INTC,d18dcd3382863dfe,3743,38.5905
1784899831159,xyz:INTC,d18dcd3382863dfe,3743,38.5905
1784899831159,xyz:INTC,d18dcd3382863dfe,3743,38.5905
1784899831159,xyz:INTC,d18dcd3382863dfe,3743,795.558
1784899831159,xyz:INTC,d18dcd3382863dfe,3743,2536.33444
1784899840113,xyz:NBIS,5b4c657491c05d11,3744,40.508
1784899840113,xyz:NBIS,5b4c657491c05d11,3744,49.0199
1784899840113,xyz:NBIS,5b4c657491c05d11,3744,9791.9008
1784899840113,xyz:NBIS,5b4c657491c05d11,3744,11411.44
1784899843148,xyz:HIMS,12bc5d3f341ba85b,3745,111.514
1784899846110,xyz:HIMS,7b7e7fbe987ba850,3746,1051.5279
1784899855199,xyz:HIMS,25fe2dcbd40b4a36,3747,2003.71446
1784899855199,xyz:HIMS,25fe2dcbd40b4a36,3747,13691.83444
1784899855199,xyz:HIMS,25fe2dcbd40b4a36,3747,2008.54626
1784899855199,xyz:HIMS,25fe2dcbd40b4a36,3747,2009.65415
1784899855199,xyz:HIMS,25fe2dcbd40b4a36,3747,1785.68508
1784899855199,xyz:HIMS,25fe2dcbd40b4a36,3747,4999.92526
1784899855199,xyz:HIMS,25fe2dcbd40b4a36,3747,2499.96263
1784899855199,xyz:HIMS,25fe2dcbd40b4a36,3747,16.91186
1784899855199,xyz:HIMS,bab8277d2eb38042,3748,1038.52626
1784899858170,xyz:HIMS,97ce401e5263ac05,3749,2011.6746
1784899858170,xyz:HIMS,97ce401e5263ac05,3749,1785.87457
1784899858170,xyz:HIMS,97ce401e5263ac05,3749,2499.67267
1784899858170,xyz:HIMS,97ce401e5263ac05,3749,4999.69017
1784899858170,xyz:HIMS,97ce401e5263ac05,3749,3570.71465
1784899858170,xyz:HIMS,97ce401e5263ac05,3749,1000.007
1784899858170,xyz:HIMS,97ce401e5263ac05,3749,19.65588
1784899858170,xyz:HIMS,97ce401e5263ac05,3749,1000.12601
1784899858170,xyz:HIMS,97ce401e5263ac05,3749,999.95749
1784899858170,xyz:HIMS,97ce401e5263ac05,3749,7109.32728
1784899858170,xyz:HIMS,97ce401e5263ac05,3749,57.99528
1784899858170,xyz:HIMS,97ce401e5263ac05,3749,8335.64226
1784899858170,xyz:HIMS,97ce401e5263ac05,3749,13820.0
1784899858170,xyz:HIMS,97ce401e5263ac05,3749,118.18494
1784899858170,xyz:HIMS,97ce401e5263ac05,3749,749.45592
1784899858170,xyz:HIMS,97ce401e5263ac05,3749,364.04316
1784899858170,xyz:HIMS,97ce401e5263ac05,3749,33.19968
1784899858170,xyz:HIMS,97ce401e5263ac05,3749,3370.6006
1784899861096,xyz:CRCL,4c35a5eb6225c49b,3750,209.550942
1784899861984,BTC,cc7c8a2624fb3e2e,3751,1485.973
1784899861984,BTC,7cfaa3aa4ace4022,3752,877.052
1784899861984,BTC,40658869f2dd096f,3753,199.33
1784899861984,BTC,094bbc015e7c6827,3754,79.089
1784899861984,BTC,ace01c7f3c65c4eb,3755,1323.937
1784899861984,BTC,14b516844fbe5d76,3756,27.006
1784899861984,BTC,f088b0049c33d586,3757,2462.047
1784899861984,BTC,1b4ebac0e4a49b63,3758,6126.504
1784899861984,BTC,88790b4f64615b7d,3759,11.574
1784899861984,BTC,b6c5072036c49a99,3760,496.396
1784899861984,BTC,72984030254d0b4b,3761,95.164
1784899861984,BTC,7dae74504012cfa2,3762,1995.229
1784899861984,BTC,ab246be7bb26049d,3763,192.9
1784899861984,BTC,bf1be0e489aeb49c,3764,3951.878
1784899861984,BTC,b071aea33bc9b4b2,3765,26104.514
1784899861984,BTC,a951efc6801f9d96,3766,1168.331
1784899861984,BTC,bd6c10559499e2bb,3767,11.574
1784899861984,BTC,36aa388b8ad75c1b,3768,14944.606
1784899861984,BTC,5b05e2dbac9ad002,3769,240.482
1784899861984,BTC,60d6f71064bb678a,3770,39528.425
1784899861984,BTC,bac865ce76902145,3771,121.527
1784899861984,BTC,0580a1fd4026103d,3772,1640.293
1784899861984,BTC,94e98ebe9ac05279,3773,23.791
1784899861984,BTC,7c509e716aa812d7,3774,5122.781
1784899861984,BTC,7a15f47e29c1ea41,3775,11516.773
1784899861984,BTC,7a15f47e29c1ea41,3775,199.973
1784899861984,BTC,7a15f47e29c1ea41,3775,199.3269
1784899861984,BTC,7a15f47e29c1ea41,3775,34916.28597
1784899861984,BTC,990f4d6e2dfd7207,3776,47.58126
1784899861984,BTC,68b80925b1498464,3777,727.22169
1784899861984,BTC,e9f10c9554e72534,3778,11.57382
1784899861984,BTC,9185a7b762bd9609,3779,218.6166
1784899861984,BTC,157569b7a33dba1d,3780,11.57382
1784899861984,BTC,2c8d43679aba28e2,3781,3943.45767
1784899861984,BTC,121f8355d0eebfda,3782,395.43885
1784899861984,BTC,f5350374fb755b48,3783,16074.75
1784899861984,BTC,0ca6b89f2f54082d,3784,31318.75692
1784899861984,BTC,aef7833e01ae7794,3785,197.39793
1784899861984,BTC,ad623c360340a0bc,3786,13764.48693
1784899861984,BTC,ad623c360340a0bc,3786,168.46338
1784899861984,BTC,ad623c360340a0bc,3786,10.28784
1784899861984,BTC,ad623c360340a0bc,3786,1124.58951
1784899861984,BTC,ad623c360340a0bc,3786,3489.50673
1784899861984,BTC,7cc60412f5895efc,3787,11.57382
1784899861984,BTC,c58a44af527d8acf,3788,202.54185
1784899861984,BTC,82ba10376f3790e7,3789,501.5322
1784899861984,BTC,4d895f5929a8167f,3790,228.26145
1784899861984,BTC,9e8e2203c6ae4040,3791,1387.57242
1784899861984,BTC,cd25e64c5e72fc85,3792,4686.11112
1784899861984,BTC,cd25e64c5e72fc85,3792,6126.40872
1784899861984,BTC,cd25e64c5e72fc85,3792,10176.60273
1784899861984,BTC,1da8357986716eb1,3793,80.37375
1784899861984,BTC,13df22a84bf0c555,3794,767.08707
1784899861984,BTC,fd7db11a30dcb21f,3795,129.88398
1784899861984,BTC,2d75a1c855b4e122,3796,47.58126
1784899861984,BTC,615426ce0e202352,3797,48.86724
1784899861984,BTC,6ea6d91dd441d8eb,3798,63819.32946
1784899861984,BTC,6ea6d91dd441d8eb,3798,1239.66544
1784899861984,BTC,6ea6d91dd441d8eb,3798,7498.43276
1784899861984,BTC,6ea6d91dd441d8eb,3798,15094.59848
1784899861984,BTC,b3824ff76f6de226,3799,262.97882
1784899861984,BTC,ba6b61bd12284599,3800,2701.80196
1784899861984,BTC,bc1fdd345e70f0f6,3801,11.57364
1784899861984,BTC,78d3ae0a50f585be,3802,789.57944
1784899861984,BTC,1ec4a69158d86e05,3803,548.46194
1784899861984,BTC,e7b6203f8fa52725,3804,197.39486
1784899861984,BTC,46ebf85f554591df,3805,1486.56976
1784899861984,BTC,06cc62f092dc3bbb,3806,231.4728
1784899861984,BTC,381b1a68b1ebfe01,3807,7766.55542
1784899861984,BTC,89570b77fa7051a2,3808,262.33584
1784899861984,BTC,7bf57d5a3d88e31f,3809,25.07622
1784899861984,BTC,f891379dd8f375a2,3810,273.2665
1784899861984,BTC,9aad1708e157c1dd,3811,176.17652
1784899861984,BTC,d773e182d009aff2,3812,77.1576
1784899861984,BTC,d773e182d009aff2,3812,849.36337
1784899861984,BTC,d773e182d009aff2,3812,3902.18493
1784899861984,BTC,d773e182d009aff2,3812,1999.6367
1784899861984,BTC,d773e182d009aff2,3812,790.8531
1784899861984,BTC,f3dc75141dd5c3a5,3813,470.01107
1784899861984,BTC,f3dc75141dd5c3a5,3813,30.86256
1784899861984,BTC,f3dc75141dd5c3a5,3813,64.296
1784899861984,BTC,f3dc75141dd5c3a5,3813,671.25024
1784899861984,BTC,5b10d9cf33ecee01,3814,11.57328
1784899861984,BTC,e2fb478c1dd37ba1,3815,336.91104
1784899861984,BTC,b4a6c2d82e633284,3816,1647.90648
1784899861984,BTC,b4a6c2d82e633284,3816,4258.32408
1784899861984,BTC,b4a6c2d82e633284,3816,7498.19952
1784899861984,BTC,b4a6c2d82e633284,3816,2256.7545
1784899861984,BTC,1828451fc7803e0c,3817,871.8402
1784899861984,BTC,eb80bddf315c07a1,3818,98.37135
1784899861984,BTC,eb80bddf315c07a1,3818,359.40905
1784899861984,BTC,bc17d6e719df0185,3819,11.5731
1784899861984,BTC,0ba236aff8fc9e3b,3820,994.64365
1784899861984,BTC,8d9ede7232302fca,3821,2947.92575
1784899861984,BTC,8d9ede7232302fca,3821,28966.82635
1784899861984,BTC,8d9ede7232302fca,3821,23269.6464
1784899861984,BTC,c38601522917ac90,3822,42.4347
1784899861984,BTC,881e09dd819ad28d,3823,123.4464
1784899861984,BTC,15272d937d144572,3824,95.79955
1784899861984,BTC,a8453051e61a00aa,3825,256.53705
1784899861984,BTC,3c80f8f4d979fead,3826,1991.8591
1784899861984,BTC,242c03aed12a9552,3827,894.9864
1784899861984,BTC,1b63a05d43991251,3828,382.55525
1784899861984,BTC,c14be6ef1a77f2a4,3829,93.8707
1784899861984,BTC,b708205fe8271688,3830,186.4555
1784899861984,BTC,ad9d67e5d2b9ddc2,3831,35.36225
1784899861984,BTC,3f38bfaef4d9bd70,3832,751.60855
1784899861984,BTC,b92fe972608e1a2d,3833,214.7453
1784899861984,BTC,9e14db7f456e7657,3834,571.58255
1784899861984,BTC,23aa51457e46d212,3835,515.00295
1784899861984,BTC,9d9831210359d071,3836,37924.40575
1784899861984,BTC,4bd52aac4835dc5f,3837,11.5731
1784899861984,BTC,fdcd203dc54c4d8f,3838,6444.9308
1784899861984,BTC,c919ed823ad6b081,3839,726.5335
1784899861984,BTC,dda4d8dca43ff7bf,3840,348.4789
1784899861984,BTC,4137dfb65c862b9b,3841,11.5731
1784899861984,BTC,441e619f917c4406,3842,16.07375
1784899861984,BTC,6aa5c916e98e016a,3843,993.35775
1784899861984,BTC,22256161739c9155,3844,32.79045
1784899861984,BTC,e9e2acd41fddd6dd,3845,11.5731
1784899861984,BTC,1450051641ae2af3,3846,13275.6316
1784899861984,BTC,79da9682f55b659f,3847,46.2924
1784899861984,BTC,f35b2ff590d8798a,3848,881.48445
1784899861984,BTC,cfa8c258184347d5,3849,801.1157
1784899861984,BTC,815491ab2ad5c780,3850,305.40125
1784899861984,BTC,aa07ccc1489641f1,3851,766.3964
1784899861984,BTC,6c00fc3627bcd4ae,3852,422.41815
1784899861984,BTC,129d473a242f7d0c,3853,52.7219
1784899861984,BTC,2c26bcc19eb45ce4,3854,378.0546
1784899861984,BTC,fbaaaba653ba60fd,3855,7898.64075
1784899861984,BTC,62a8995cd4e1d205,3856,221.1748
1784899861984,BTC,9d402e35575946c4,3857,11.5731
1784899861984,BTC,074ae35bbadb2cb2,3858,315.68845
1784899861984,BTC,aff369f82c47da16,3859,1186.24275
1784899861984,BTC,db9456919af3e7c5,3860,9884.07035
1784899861984,BTC,f42dded87a1d56f4,3861,3920.7091
1784899861984,BTC,79ad4c4f9d42c601,3862,184.52665
1784899861984,BTC,8eba7a00d7a5c8ff,3863,507.28755
1784899861984,BTC,2d5fe1389bfc6434,3864,810.117
1784899861984,BTC,c69184e885ac79d2,3865,329.83335
1784899861984,BTC,e0ad7a8262915ba3,3866,725.89055
1784899861984,BTC,710b54c5a91f5074,3867,367.7674
1784899861984,BTC,27dbe3f08d114122,3868,48.22125
1784899861984,BTC,53ef85af7218c8e0,3869,29.5757
1784899861984,BTC,5441a6da927b7fc8,3870,622.3756
1784899864781,BTC,ef6c1c6efe158826,3871,232.16993
1784899864781,BTC,b8b1de08f025722d,3872,117.69279
1784899864781,BTC,32536912f3b4da02,3873,461.12421
1784899864781,BTC,f225f313ea627b7f,3874,471.41429
1784899864781,BTC,ca85d823afb268e0,3875,1230.95082
1784899864781,BTC,7fa8dfd6dae58cd1,3876,1389.80393
1784899864781,BTC,dbcff825b653f198,3877,79.74812
1784899864781,BTC,81007ed64cf45730,3878,131.84165
1784899867150,xyz:SPCX,96a02bc336cce775,3879,1751.6224
1784899867150,xyz:SPCX,125f7e9d5d8153cb,3880,82.4832
1784899867150,xyz:SPCX,f0cd716804a2aa71,3881,7184.0576
1784899868144,BTC,90c490690f8912e5,3882,90.027
1784899868144,BTC,f2b39c089edc235b,3883,2084.12505
1784899868144,BTC,c27dc66fff7af7a5,3884,7386.71535
1784899868144,BTC,c27dc66fff7af7a5,3884,10001.35665
1784899868144,BTC,c27dc66fff7af7a5,3884,10504.8648
1784899868144,BTC,00218919fe4cd1f2,3885,611.54055
1784899868144,BTC,e864277f5012c1a6,3886,497.07765
1784899868144,BTC,7c9310b6df1a2ce0,3887,714.42855
1784899868144,BTC,8d075861637ab2ed,3888,261.72135
1784899868144,BTC,51440e6be9c036b2,3889,11.5749
1784899868144,BTC,539215f940421d4f,3890,182.6262
1784899868144,BTC,da5d2bf4248e5abf,3891,55.3023
1784899868144,BTC,380f3fc02be79d63,3892,626.3307
1784899868144,BTC,fd92e8a9f21a0e93,3893,47.5857
1784899868144,BTC,91f9aef3023fd8da,3894,2017.8909
1784899868144,BTC,52aeb9922a00b6ca,3895,5665.2705
1784899868144,BTC,52aeb9922a00b6ca,3895,15665.9841
1784899868144,BTC,52aeb9922a00b6ca,3895,10566.5976
1784899868144,BTC,52aeb9922a00b6ca,3895,15849.8964
1784899868144,BTC,52aeb9922a00b6ca,3895,3696.2514
1784901034033,BTC,52aeb9922a00b6ca,3896,41082.24
1784901153357,BTC,52aeb9922a00b6ca,3897,32789.504
1784899868144,ETH,52aeb9922a00b6ca,3898,5914.8284
1784899868144,ETH,52aeb9922a00b6ca,3898,6314.62008
1784899868144,ETH,52aeb9922a00b6ca,3898,17605.75152
1784901034033,ETH,52aeb9922a00b6ca,3899,23786.24
1784901153357,ETH,52aeb9922a00b6ca,3900,32489.06976
1784901153357,ETH,52aeb9922a00b6ca,3900,1635.86304
1784901153357,ETH,52aeb9922a00b6ca,3900,657.531
1784901153357,ETH,52aeb9922a00b6ca,3900,110.02068
1784901153357,ETH,52aeb9922a00b6ca,3900,4167.45
1784901153357,ETH,52aeb9922a00b6ca,3900,18.522
1784901153357,ETH,52aeb9922a00b6ca,3900,18.522
1784901153357,ETH,52aeb9922a00b6ca,3900,4167.45
1784901153357,ETH,52aeb9922a00b6ca,3900,4167.45
1784901153357,ETH,52aeb9922a00b6ca,3900,1463.05278
1784901153357,ETH,52aeb9922a00b6ca,3900,4167.45
1784901153357,ETH,52aeb9922a00b6ca,3900,4167.45
1784901153357,ETH,52aeb9922a00b6ca,3900,4167.45
1784901153357,ETH,52aeb9922a00b6ca,3900,4167.45
1784901153357,ETH,52aeb9922a00b6ca,3900,14664.97872
1784901153357,ETH,52aeb9922a00b6ca,3900,14602.93002
1784899868144,BTC,4793fcfd7696d7cf,3901,422.48385
1784899868144,BTC,eaede0706e0d990c,3902,77.80905
1784899870142,xyz:BE,d88a964b4e87a62d,3903,331.2312
1784899870142,xyz:SPCX,4356a12778ae687a,3904,957.9324
1784899871148,BTC,829da7eab9fe4a00,3905,158.18046
1784899871148,BTC,43a57406c2ff2350,3906,34.72254
1784899871148,BTC,a70ec21b158c0e71,3907,1523.9337
1784899871148,BTC,b3c6b5da1f1fdfbf,3908,92.59344
1784899871148,BTC,4360d98b730b5392,3909,11.57418
1784899871148,BTC,430afa81ab57c458,3910,51.4408
1784899871148,BTC,97d0711157be4750,3911,11.57418
1784899871148,BTC,92aeceb089650f33,3912,144.67725
1784899871148,BTC,b5cb1fae55a54947,3913,4530.00545
1784899871148,BTC,b5cb1fae55a54947,3913,7379.82577
1784899871148,BTC,b5cb1fae55a54947,3913,8002.90246
1784899871148,BTC,b5cb1fae55a54947,3913,2689.06782
1784899871148,BTC,873b3fb2e9d2792d,3914,11.57418
1784899871148,BTC,320e9b79d657b4c1,3915,230.84059
1784899871148,BTC,2f56b4836c583994,3916,915.64624
1784899871148,BTC,0a3c26aa38de32cd,3917,967.73005
1784899871148,BTC,ce8f90cc03d4aa71,3918,2865.89557
1784899871148,BTC,ce8f90cc03d4aa71,3918,7115.54866
1784899871148,BTC,ce8f90cc03d4aa71,3918,6430.1
1784899871148,BTC,ce8f90cc03d4aa71,3918,6430.1
1784899871148,BTC,ce8f90cc03d4aa71,3918,498.97576
1784899871148,BTC,ce8f90cc03d4aa71,3918,999.23754
1784899871148,BTC,ce8f90cc03d4aa71,3918,29999.63155
1784899871148,BTC,ce8f90cc03d4aa71,3918,9961.51092
1784899871148,BTC,bdc6709edec0e63f,3919,157.53745
1784899871148,BTC,2431ab09f0330a52,3920,11.57418
1784899871148,BTC,56d76f94cf48a21d,3921,146.60628
1784899871148,BTC,045d4da5d51689a0,3922,8285.18385
1784899871148,BTC,045d4da5d51689a0,3922,171.04066
1784899871148,BTC,19b2ac11f2f3988c,3923,318.93296
1784899871148,BTC,f248a394591e1cd3,3924,472.61235
1784899871148,BTC,be48fb0bc2490d0c,3925,340.7953
1784899871148,BTC,b0225d4ccbf58531,3926,1776.63663
1784899871148,BTC,c0e3e55b1c1a695d,3927,36.00856
1784899876207,xyz:BE,50abb67742954157,3928,2509.8
1784899876207,xyz:BE,50abb67742954157,3928,232.1565
1784899876207,xyz:BE,50abb67742954157,3928,250.968
1784899876207,xyz:BE,50abb67742954157,3928,3806.348
1784899876207,xyz:BE,50abb67742954157,3928,232.1343
1784899876207,xyz:BE,50abb67742954157,3928,539.5554
1784899882174,xyz:DRAM,11ecac201e05d0ce,3929,77.287
1784899882174,xyz:NBIS,31abfb1b62ff8842,3930,3236.3072
1784899882174,xyz:DRAM,f35ffc65a482fff3,3931,358.8325
1784899882174,xyz:DRAM,f35ffc65a482fff3,3931,2776.3085
1784899882174,xyz:BE,fedd6fba9061ac3f,3932,832.6332
1784899882174,xyz:COIN,ec8751f933fa9fee,3933,55.47006
1784899885068,xyz:SNDK,525c3c22ba874e0a,3934,12732.3216
1784899885068,xyz:SNDK,525c3c22ba874e0a,3934,1847.3508
1784899885068,xyz:SNDK,525c3c22ba874e0a,3934,9743.1437
1784899885068,xyz:SNDK,525c3c22ba874e0a,3934,1200.8528
1784899885068,xyz:SNDK,525c3c22ba874e0a,3934,9742.5076
1784899885068,xyz:SNDK,525c3c22ba874e0a,3934,12730.6592
1784899885068,xyz:SNDK,525c3c22ba874e0a,3934,9741.8715
1784899885068,xyz:SNDK,525c3c22ba874e0a,3934,1000.0695
1784899885068,xyz:SNDK,525c3c22ba874e0a,3934,3940.5495
1784899885068,xyz:SNDK,525c3c22ba874e0a,3934,9741.2354
1784899885068,xyz:SNDK,525c3c22ba874e0a,3934,1845.337
1784899885068,xyz:SNDK,525c3c22ba874e0a,3934,12728.9968
1784899885068,xyz:SNDK,525c3c22ba874e0a,3934,229.71
1784899885068,xyz:SNDK,525c3c22ba874e0a,3934,1200.5392
1784899885068,xyz:SNDK,525c3c22ba874e0a,3934,229.695
1784899885068,xyz:SNDK,525c3c22ba874e0a,3934,5359.55
1784899885068,xyz:SNDK,525c3c22ba874e0a,3934,9739.9632
1784899885068,xyz:SNDK,525c3c22ba874e0a,3934,12727.3344
1784899885068,xyz:SNDK,525c3c22ba874e0a,3934,122.496
1784899885068,xyz:SNDK,525c3c22ba874e0a,3934,5359.2
1784899885068,xyz:SNDK,525c3c22ba874e0a,3934,14837.8901
1784899885068,xyz:SNDK,525c3c22ba874e0a,3934,1926.1238
1784899885068,xyz:SNDK,525c3c22ba874e0a,3934,2334.9275
1784899885068,xyz:SNDK,525c3c22ba874e0a,3934,9738.691
1784899885068,xyz:SNDK,525c3c22ba874e0a,3934,12725.672
1784899885068,xyz:SNDK,525c3c22ba874e0a,3934,3313.084
1784899885068,xyz:SNDK,525c3c22ba874e0a,3934,1200.2256
1784899885068,xyz:SNDK,525c3c22ba874e0a,3934,14835.9519
1784899885068,xyz:SNDK,525c3c22ba874e0a,3934,332.2053
1784899885068,xyz:SNDK,525c3c22ba874e0a,3934,2806.1397
1784899885068,xyz:SNDK,525c3c22ba874e0a,3934,11112.8031
1784899888090,xyz:SNDK,525c3c22ba874e0a,3934,927.9816
1784899888090,xyz:SNDK,525c3c22ba874e0a,3934,12707.3856
1784899888090,xyz:SNDK,525c3c22ba874e0a,3934,12705.7232
1784899888090,xyz:SNDK,525c3c22ba874e0a,3934,14812.6935
1784899888090,xyz:SNDK,525c3c22ba874e0a,3934,12704.0608
1784899888090,xyz:SNDK,525c3c22ba874e0a,3934,227.7316
1784899888090,xyz:SNDK,525c3c22ba874e0a,3934,227.7316
1784899888090,xyz:SNDK,525c3c22ba874e0a,3934,5349.4
1784899888090,xyz:SNDK,525c3c22ba874e0a,3934,12702.3984
1784899888090,xyz:SNDK,525c3c22ba874e0a,3934,14809.7862
1784899888090,xyz:SNDK,525c3c22ba874e0a,3934,2934.144
1784899888090,xyz:SNDK,525c3c22ba874e0a,3934,5348.7
1784899888090,xyz:SNDK,525c3c22ba874e0a,3934,1201.0866
1784899888090,xyz:SNDK,525c3c22ba874e0a,3934,3962.3633
1784899888090,xyz:SNDK,525c3c22ba874e0a,3934,1955.968
1784899888090,xyz:SNDK,525c3c22ba874e0a,3934,14807.848
1784899888090,xyz:SNDK,525c3c22ba874e0a,3934,48.8928
1784899888090,xyz:SNDK,525c3c22ba874e0a,3934,12699.9048
1784899888090,xyz:SNDK,525c3c22ba874e0a,3934,99.3135
1784899888090,xyz:SNDK,525c3c22ba874e0a,3934,10340.8272
1784899888090,xyz:SNDK,525c3c22ba874e0a,3934,1527.9
1784899888090,xyz:SNDK,525c3c22ba874e0a,3934,14805.9098
1784899888090,xyz:SNDK,525c3c22ba874e0a,3934,1845.5824
1784899888090,xyz:SNDK,525c3c22ba874e0a,3934,1200.7722
1784899888090,xyz:SNDK,525c3c22ba874e0a,3934,3055.4
1784899888090,xyz:SNDK,525c3c22ba874e0a,3934,3000.4028
1784899888090,xyz:SNDK,525c3c22ba874e0a,3934,21.3864
1784899888090,xyz:SNDK,525c3c22ba874e0a,3934,12697.4112
1784899888090,xyz:SNDK,525c3c22ba874e0a,3934,1845.3408
1784899888090,xyz:SNDK,525c3c22ba874e0a,3934,14803.0025
1784899888090,xyz:SNDK,525c3c22ba874e0a,3934,4232.4254
1784899888090,xyz:SNDK,525c3c22ba874e0a,3934,12695.7488
1784899888090,xyz:SNDK,525c3c22ba874e0a,3934,1955.072
1784899888090,xyz:SNDK,525c3c22ba874e0a,3934,10534.4778
1784899888090,xyz:SNDK,525c3c22ba874e0a,3934,3054.8
1784899888090,xyz:SNDK,525c3c22ba874e0a,3934,99.2745
1784899888090,xyz:SNDK,525c3c22ba874e0a,3934,2932.416
1784899888090,xyz:SNDK,525c3c22ba874e0a,3934,1200.4578
1784899888090,xyz:SNDK,525c3c22ba874e0a,3934,143.5662
1784899888090,xyz:SNDK,525c3c22ba874e0a,3934,143.5568
1784899888090,xyz:SNDK,525c3c22ba874e0a,3934,12694.0864
1784899888090,xyz:SNDK,525c3c22ba874e0a,3934,14800.0952
1784899888090,xyz:SNDK,525c3c22ba874e0a,3934,8136.9216
1784899888090,xyz:SNDK,525c3c22ba874e0a,3934,10534.6256
1784899888090,xyz:SNDK,525c3c22ba874e0a,3934,22918.6904
1784899888090,xyz:SNDK,525c3c22ba874e0a,3934,397.046
1784899888090,xyz:SNDK,525c3c22ba874e0a,3934,48.8672
1784899888090,xyz:SNDK,525c3c22ba874e0a,3934,19227.7161
1784899888090,xyz:SNDK,525c3c22ba874e0a,3934,83210.1519
1784899888090,xyz:SNDK,525c3c22ba874e0a,3934,24957.3953
1784899888090,xyz:SNDK,525c3c22ba874e0a,3934,1818.657
1784899888090,xyz:SNDK,525c3c22ba874e0a,3934,1719.402
1784899888090,xyz:SNDK,525c3c22ba874e0a,3934,1200.1434
1784899888090,xyz:SNDK,525c3c22ba874e0a,3934,14797.1879
1784899888090,xyz:SNDK,525c3c22ba874e0a,3934,12691.5928
1784899888090,xyz:SNDK,525c3c22ba874e0a,3934,4580.7
1784899888090,xyz:SNDK,525c3c22ba874e0a,3934,2168.056
1784899888090,xyz:SNDK,525c3c22ba874e0a,3934,10534.92
1784899888090,xyz:SNDK,525c3c22ba874e0a,3934,157681.7968
1784899888090,xyz:SNDK,525c3c22ba874e0a,3934,99.2355
1784899888090,xyz:SNDK,525c3c22ba874e0a,3934,14795.2497
1784899888090,xyz:SNDK,525c3c22ba874e0a,3934,12689.9304
1784899888090,xyz:SNDK,525c3c22ba874e0a,3934,10022.7855
1784899888090,xyz:SNDK,525c3c22ba874e0a,3934,89545.5351
1784899888090,xyz:SNDK,525c3c22ba874e0a,3934,22773.8188
1784899885068,xyz:BE,06725541d8556426,3935,1544.676
1784899885068,xyz:CRCL,ee058dfbbe641e96,3936,201.189432
1784899885068,xyz:CRCL,ee058dfbbe641e96,3936,16.702959
1784899885068,xyz:NBIS,e34ae843a30cb687,3937,946.0879
1784899888090,xyz:BE,a3f9a494c1451a48,3938,215.0331
1784899888090,xyz:SNDK,cddb7aa0926ac9f3,3939,25.9522
1784899888090,xyz:NBIS,9ca38322266a966c,3940,8.4288
1784899888090,xyz:SNDK,0485e4468869c7c8,3941,1173.9554
1784899891145,xyz:HOOD,786d270e10c91c45,3942,947.678121
1784899894115,xyz:HOOD,0ad9dc497fa7fa5a,3943,8571.344688
1784899894115,xyz:HOOD,0ad9dc497fa7fa5a,3943,6346.98018
1784899909134,xyz:HOOD,24e5952e8fbbb686,3944,468.905922
1784899909134,xyz:COIN,f1af065777a3952a,3945,483.06112
1784899909134,xyz:COIN,49fb6ef86856c609,3946,8153.51008
1784899909134,xyz:COIN,49fb6ef86856c609,3946,997.51648
1784899909134,xyz:COIN,49fb6ef86856c609,3946,5002.40862
1784899909134,xyz:COIN,40a3c7ba17e69313,3947,103.95066
1784899909134,xyz:HOOD,a333fad9eb4ff4da,3948,18.936774
1784899909134,xyz:CRCL,cc5bc66b860c8595,3949,14.173808
1784899909134,xyz:COIN,e43ffd6fdb961dc1,3950,94.48626
1784899909134,xyz:CRCL,f1c62ff0cbee794a,3951,2750.940632
1784899911449,BTC,f2a16503f21ed10e,3952,344.0264
1784899911449,BTC,7479a715fe5c8e58,3953,7291.43056
1784899911449,BTC,7479a715fe5c8e58,3953,4822.8
1784899911449,BTC,7479a715fe5c8e58,3953,13164.31488
1784899911449,BTC,fe536d1e1519b8d4,3954,1711.12944
1784899911449,BTC,0ed2e79a1f0165fd,3955,3972.05808
1784899911449,BTC,dcc3d44a9c4205ba,3956,502.85728
1784899911449,BTC,8413ee8f76a95669,3957,339.52512
1784899911449,BTC,db9b465eb81a3878,3958,2102.7408
1784899911449,BTC,35dba1234b227305,3959,969.70432
1784899911449,BTC,2bb8334531bae6bc,3960,379.3936
1784899911449,BTC,3f4a26b92f27d071,3961,1122.74784
1784899911449,BTC,74c9817f2bed0254,3962,590.31072
1784899911449,BTC,e59f9f660e531da2,3963,216.06144
1784899912142,xyz:COIN,413f3b3db6105dbb,3964,3515.08388
1784899912142,xyz:COIN,413f3b3db6105dbb,3964,8.2134
1784899915124,xyz:COIN,194c2e5da3bc07e1,3965,157.87
1784899915124,xyz:HOOD,65a37282dcc4a60d,3966,0.097914
1784899917353,BTC,ea554ec832933bab,3967,11.5722
1784899917353,BTC,265e11a0b4fbb0ac,3968,444.2439
1784899917353,BTC,3fa178f68db171eb,3969,271.3038
1784899917353,BTC,1d028d7d8bc406fa,3970,5341.2132
1784899917353,BTC,9bab5e9bb33bef71,3971,248.8023
1784899917353,BTC,ca0e2231b395db08,3972,822.912
1784899917353,BTC,af95f586671a6ffd,3973,201.8706
1784899917353,BTC,c57d7a2331d98799,3974,796.5531
1784899917353,BTC,cbdc8b7b89c2e286,3975,71.3619
1784899917353,BTC,800bb4d60a740e4a,3976,2445.5916
1784899917353,BTC,7d568d6e8a8a1627,3977,536.1786
1784899917353,BTC,705ebf5f2a6f3bda,3978,27.0018
1784899917353,BTC,9cb1466ea516a1eb,3979,361.9527
1784899917353,BTC,bbca77edf9783325,3980,821.6262
1784899917353,BTC,61017dff5dbe4420,3981,2009.7054
1784899917353,BTC,6bbb3c2417ec86d6,3982,1197.0798
1784899917353,BTC,453cb1b829e294c7,3983,292.5195
1784899917353,BTC,9580f9c657901499,3984,181.2978
1784899917353,BTC,71ddece6fd8c6f95,3985,165.2253
1784899917353,BTC,74a0ffab3ecac1ea,3986,11.5722
1784899917353,BTC,090ee62f5587862d,3987,187.0839
1784899917353,BTC,94a6cccf89dce0d1,3988,11.5722
1784899917353,BTC,2cb2d981a137b6a1,3989,991.9947
1784899917353,BTC,2516f04beac051fa,3990,80.3625
1784899917353,BTC,406e3221a4a3669b,3991,846.6993
1784899917353,BTC,8510c762b5bd1264,3992,361.9527
1784899917353,BTC,b44d2f0cd0ae8e14,3993,11.5722
1784899917353,BTC,bcfda1b1a3c0c2d6,3994,493.7472
1784899917353,BTC,26f9abfbd0ee36f5,3995,11.5722
1784899917353,BTC,3e00817d16334681,3996,3816.8973
1784899917353,BTC,8d7df1075ceb3646,3997,393.4548
1784899917353,BTC,658ee307644f6bbb,3998,429.4572
1784899917353,BTC,4425684137691c65,3999,66314.4921
1784899917353,BTC,4425684137691c65,3999,3079.491
1784899917353,BTC,3b014c9e9c4c9fe0,4000,871.1295
1784899917353,BTC,3b014c9e9c4c9fe0,4000,464.15936
1784899920040,BTC,1f652892178d961f,4001,11.5722
1784899920040,BTC,3c7825e5ddd77c6f,4002,809.4111
1784899920040,BTC,588f53c0ec0a8811,4003,594.0396
1784899920040,BTC,066e5f3983dc2d49,4004,439.7436
1784899920040,BTC,54b2eb38ab98188d,4005,3395.7978
1784899920040,BTC,fbe0fb5c0e2da9fd,4006,15.4296
1784899920040,BTC,17463cc97ee79ff8,4007,257.16
1784899920040,BTC,c0e9891d83e6554e,4008,3721.1052
1784899920040,BTC,7ca20ed4c27fa05a,4009,5888.3211
1784899920040,BTC,0d4ea715a642a965,4010,16013.9961
1784899920040,BTC,aeec7c3fdc54fdf4,4011,241.0875
1784899936062,xyz:HOOD,9e97b6f890116773,4012,44.92682
1784899975109,BTC,017c28c36561de3c,4013,257.156
1784899975109,BTC,fbd83aee92188c7a,4014,1267.13619
1784899975109,BTC,8e29e4a93c70bd0b,4015,119.57754
1784899975109,BTC,5c4e27c8d1450c9a,4016,124.07584
1784899975109,BTC,bd514d09226984a1,4017,59.14496
1784899975109,BTC,0cffeed201dbddda,4018,571.52032
1784899977728,BTC,cbddbf93cbb0e9b1,4019,1443.90848
1784899977728,BTC,8daf556e09cd3e80,4020,88.07456
1784899977728,BTC,27b997ae551fa05f,4021,10.28608
1784899977728,BTC,59c92eda44aa9551,4022,95.78912
1784899977728,BTC,c95cb86693b97724,4023,3049.17984
1784899977728,BTC,0ff3bf1ac7c3aa5f,4024,210.22176
1784899977728,BTC,1548da69f205821b,4025,197.36416
1784899980728,BTC,37349868fe86a943,4026,48.21525
1784899980728,BTC,10fdc9899454e21c,4027,348.43554
1784899980728,BTC,ecbad1b8ead66879,4028,226.93311
1784899981220,xyz:CBRS,35871fe76692a680,4029,6380.8935
1784899981220,xyz:CBRS,35871fe76692a680,4029,3332.8008
1784899981220,xyz:CBRS,35871fe76692a680,4029,1591.4295
1784899984205,xyz:CBRS,9af8ebcf12445f88,4030,18.7425
1784899984205,xyz:CBRS,0346c14eda7ca386,4031,29.155
1784899984205,xyz:CBRS,08ec0179ce2809d4,4032,68.7225
1784900005102,xyz:BIRD,b34c52d64181c0a0,4033,127.6704
1784900005102,xyz:CBRS,88e53a9776d3425f,4034,4.162
1784900008262,BTC,7945a336bd30f90f,4035,2623.51166
1784900008262,BTC,7945a336bd30f90f,4035,468.00208
1784900008262,BTC,c8270d2fea77d599,4036,249.42968
1784900008262,BTC,86c0216683a2e868,4037,1575.64986
1784900024304,BTC,3f550c42923449a4,4038,10727.6892
1784900024304,BTC,8bba182f817826f0,4039,17189.1148
1784900024304,BTC,8bba182f817826f0,4039,1285.6
1784900024304,BTC,8bba182f817826f0,4039,20.5696
1784900024304,BTC,8bba182f817826f0,4039,16620.2368
1784900024304,BTC,8bba182f817826f0,4039,9436.304
1784900024304,BTC,f9574c4ef3104a81,4040,1025.266
1784900024304,BTC,57bb1b42db47a9f0,4041,67.494
1784900024304,BTC,2e1a5b85b387a8d3,4042,275.1184
1784900024304,BTC,ca15d25e4b1f0895,4043,1607.6428
1784900024304,BTC,b0bf0a9b5be78a67,4044,6430.5712
1784900024304,BTC,b0bf0a9b5be78a67,4044,17206.4704
1784900024304,BTC,b0bf0a9b5be78a67,4044,16714.7284
1784900024304,BTC,b0bf0a9b5be78a67,4044,17356.8856
1784900024304,BTC,b0bf0a9b5be78a67,4044,973.842
1784900024304,BTC,b0bf0a9b5be78a67,4044,14977.64979
1784901144452,BTC,b0bf0a9b5be78a67,4045,36671.69156
1784901144452,BTC,b0bf0a9b5be78a67,4045,140.9122
1784901144452,BTC,b0bf0a9b5be78a67,4045,2000.31273
1784901144452,BTC,b0bf0a9b5be78a67,4045,19906.41029
1784900027298,BTC,0b899045e98a7bfd,4046,18476.99855
1784900027298,BTC,872ad00e39d897ef,4047,451.88137
1784900027298,BTC,4847e1e810f1d17e,4048,125.98684
1784900027298,BTC,6cb82a023465386c,4049,90.63339
1784900027298,BTC,6309616cddffe7c4,4050,120.20173
1784900027298,BTC,8c53105168aaafd7,4051,1581.2634
1784900027298,BTC,62908655e24f79c3,4052,11.57022
1784900027298,BTC,40e00567aed2c51e,4053,424.2414
1784900032094,xyz:CBRS,3cafb749ef0051f5,4054,53.794
1784900032094,xyz:BIRD,e24fbd9aa1b94499,4055,227.04892
1784900032094,xyz:CBRS,9532d6816d9d53c0,4056,68.277
1784900032094,xyz:CBRS,9532d6816d9d53c0,4056,78.603
1784900032094,xyz:BIRD,57a7dad34ce84621,4057,158.6368
1784900050131,xyz:CBRS,2caaf4de796580e8,4058,16.5008
1784900050131,xyz:CBRS,e82f4d97610a2075,4059,1099.3658
1784900050131,xyz:CBRS,880dfb033913eebc,4060,1645.9548
1784900070767,BTC,e603488599850dbe,4061,30.21066
1784900070767,BTC,dba7daac13fc589d,4062,1549.0998
1784900073784,BTC,d237a05e262a2ee9,4063,25.06842
1784900073784,BTC,d237a05e262a2ee9,4063,48.2085
1784900073784,BTC,7f5366983b8bb238,4064,11.57004
1784900073784,BTC,bc31ccb21ec913a2,4065,3790.47366
1784900073784,BTC,f0aa0c068a5a0569,4066,11.57004
1784900073784,BTC,b4e27bc77ea9ffb0,4067,2089.035
1784900073784,BTC,b4e27bc77ea9ffb0,4067,964.17
1784900073784,BTC,b4e27bc77ea9ffb0,4067,1901.98602
1784900073784,BTC,b4e27bc77ea9ffb0,4067,1901.98602
1784900073784,BTC,b4e27bc77ea9ffb0,4067,63808.12782
1784901144452,BTC,b4e27bc77ea9ffb0,4068,29121.69645
1784901144452,BTC,b4e27bc77ea9ffb0,4068,128.106
1784901144452,BTC,b4e27bc77ea9ffb0,4068,27083.74768
1784900073784,BTC,57b5a6f7232cfae6,4069,59.13576
1784900073784,BTC,81e5de44a518093d,4070,3050.63388
1784900073784,BTC,f9ab169c70176ae5,4071,928.17432
1784900073784,BTC,fdde2d9cece2e825,4072,320.74722
1784900081679,BTC,5a4b88541b49dcba,4073,2616.67596
1784900081679,BTC,5a4b88541b49dcba,4073,192.828
1784900081679,BTC,5a4b88541b49dcba,4073,4046.1742
1784900081679,BTC,5a4b88541b49dcba,4073,7261.90248
1784900081679,BTC,5a4b88541b49dcba,4073,385.656
1784900081679,BTC,5a4b88541b49dcba,4073,19.2828
1784900081679,BTC,5a4b88541b49dcba,4073,4442.75712
1784900081679,BTC,27cf70cceedcb814,4074,23.78212
1784900081679,BTC,eb068abfa8d6bd6f,4075,11.56968
1784900081679,BTC,555bca30d9235f0b,4076,1159.53904
1784900081679,BTC,555bca30d9235f0b,4076,559.2012
1784900081679,BTC,21986ab917775358,4077,2682.88024
1784900081679,BTC,d5a68d38abdf9b9e,4078,969.28208
1784900081679,BTC,bf91ed865cf2a0fe,4079,453.1458
1784900083087,BTC,2b90bd1767447fb2,4080,84.83772
1784900083087,BTC,c3a4b964aa658708,4081,89.9794
1784900083087,BTC,1a187c0525c04e7d,4082,397.83749
1784900083087,BTC,1ce2337efbd44946,4083,697.34035
1784900083087,BTC,2221ef9b531c0eb7,4084,1032.83497
1784900083087,BTC,2221ef9b531c0eb7,4084,95.12108
1784900083087,BTC,27b0d336da0a654e,4085,5153.24878
1784900083087,BTC,e4d584ec76a0181d,4086,894.65232
1784900083087,BTC,0e6a7d8d78ccf3e6,4087,219.80682
1784900083087,BTC,0e6a7d8d78ccf3e6,4087,1302.77317
1784900083087,BTC,796062ab1674daca,4088,157.46395
1784900085910,BTC,80feadbdeb45c9e3,4089,5501.5976
1784900085910,BTC,80feadbdeb45c9e3,4089,5784.39
1784900085910,BTC,80feadbdeb45c9e3,4089,1000.05676
1784900085910,BTC,80feadbdeb45c9e3,4089,50043.97144
1784900085910,BTC,80feadbdeb45c9e3,4089,9999.92489
1784900085910,BTC,80feadbdeb45c9e3,4089,385.626
1784900085910,BTC,80feadbdeb45c9e3,4089,29975.35169
1784900085910,BTC,80feadbdeb45c9e3,4089,19713.20112
1784901144452,BTC,80feadbdeb45c9e3,4090,39450.73515
1784901144452,BTC,80feadbdeb45c9e3,4090,28860.50127
1784901144452,BTC,80feadbdeb45c9e3,4090,21352.78647
1784901144452,BTC,80feadbdeb45c9e3,4090,5124.72
1784901144452,BTC,80feadbdeb45c9e3,4090,2811.54951
1784900085910,BTC,2e8e8d2617eb842f,4091,642.71
1784900085910,BTC,f9e04bc812734a28,4092,1466.02151
1784900085910,BTC,773cb97e92e9fe16,4093,11.56878
1784900085910,BTC,8d0a87d5595f3106,4094,1293.77523
1784900085910,BTC,0dd66503d65df971,4095,11.56878
1784900085910,BTC,2188bf9c07ebfdff,4096,11.56878
1784900085910,BTC,78a911e1c4700451,4097,196.66926
1784900085910,BTC,331c296f8896292e,4098,429.97299
1784900164217,xyz:COIN,aba80e41985c76ff,4099,38.0061
1784900164217,xyz:COIN,aba80e41985c76ff,4099,118.88685
1784900167109,xyz:CRWV,7951e2be6c7ec288,4100,14.7098
1784900167109,xyz:CRWV,7951e2be6c7ec288,4100,2248.68078
1784900167109,xyz:CRWV,248d4600282fba3a,4101,416.16452
1784900167109,xyz:NBIS,a33008e4ca8571f0,4102,4904.6291
1784900170142,xyz:HOOD,931e12721a792fbd,4103,85.37408
1784900176178,xyz:INTC,eb7b8817dd539030,4104,58.30085
1784900176178,xyz:INTC,d5d886fe0e0ba200,4105,4105.76325
1784900176178,xyz:INTC,657be4f07d5ccbd2,4106,4762.883
1784900176178,xyz:INTC,72126eee52f844b3,4107,80.04015
1784900176178,xyz:INTC,07bc329ebcb38501,4108,10.86965
1784900185138,xyz:INTC,7cc6ce37a71b6dbe,4109,13.8236
1784900185138,xyz:INTC,f265fe70ecf5e827,4110,505.5488
1784900185138,xyz:INTC,f265fe70ecf5e827,4110,999.91204
1784900185138,xyz:INTC,f265fe70ecf5e827,4110,1601.67378
1784900185138,xyz:INTC,f265fe70ecf5e827,4110,2622.9144
1784900185138,xyz:INTC,29fc4109280a4267,4111,1371.652
1784900185138,xyz:NBIS,c3a0073bbeda09e0,4112,94.1805
1784900185138,xyz:NBIS,8869a58e793889d1,4113,10.4645
1784900185138,xyz:NBIS,8869a58e793889d1,4113,219.744
1784900188116,xyz:INTC,f627cd7d145c0e5d,4114,8961.72552
1784900188116,xyz:INTC,f627cd7d145c0e5d,4114,955.2698
1784900188116,xyz:INTC,f627cd7d145c0e5d,4114,273.4408
1784900188116,xyz:INTC,f627cd7d145c0e5d,4114,1596.13935
1784900188116,xyz:INTC,f627cd7d145c0e5d,4114,177.0192
1784900188116,xyz:INTC,f627cd7d145c0e5d,4114,177.0174
1784900188116,xyz:INTC,f627cd7d145c0e5d,4114,177.0156
1784900188116,xyz:INTC,f627cd7d145c0e5d,4114,7770.98484
1784900188116,xyz:INTC,f627cd7d145c0e5d,4114,177.0138
1784900188116,xyz:INTC,f627cd7d145c0e5d,4114,273.3852
1784900188116,xyz:INTC,f627cd7d145c0e5d,4114,177.012
1784900188116,xyz:INTC,f627cd7d145c0e5d,4114,177.0102
1784900188116,xyz:INTC,f627cd7d145c0e5d,4114,18448.3964
1784900191166,xyz:INTC,f627cd7d145c0e5d,4114,1964.7819
1784900191166,xyz:INTC,f627cd7d145c0e5d,4114,8809.51708
1784900191166,xyz:INTC,f627cd7d145c0e5d,4114,56664.75948
1784900191166,xyz:INTC,f627cd7d145c0e5d,4114,7858.40724
1784900191166,xyz:INTC,f627cd7d145c0e5d,4114,32.39643
1784900191166,xyz:INTC,f627cd7d145c0e5d,4114,7757.07732
1784900191166,xyz:INTC,f627cd7d145c0e5d,4114,7857.20664
1784900191166,xyz:INTC,f627cd7d145c0e5d,4114,1000.26059
1784900191166,xyz:INTC,f627cd7d145c0e5d,4114,1035.588
1784900191166,xyz:INTC,f627cd7d145c0e5d,4114,128.5896
1784900191166,xyz:INTC,f627cd7d145c0e5d,4114,2617.9272
1784900191166,xyz:INTC,f627cd7d145c0e5d,4114,16999.98402
1784900191166,xyz:INTC,f627cd7d145c0e5d,4114,7855.84596
1784900191166,xyz:INTC,f627cd7d145c0e5d,4114,1137.4426
1784900191166,xyz:INTC,f627cd7d145c0e5d,4114,2617.3938
1784900191166,xyz:INTC,f627cd7d145c0e5d,4114,7754.39064
1784900191166,xyz:INTC,f627cd7d145c0e5d,4114,11.77572
1784900191166,xyz:INTC,f627cd7d145c0e5d,4114,7853.76492
1784900191166,xyz:INTC,f627cd7d145c0e5d,4114,17103.82013
1784900188116,xyz:INTC,e4ff23f245c50289,4115,13.76746
1784900188116,xyz:HOOD,f4eacdfb9bdbf79d,4116,1010.347566
1784900188116,xyz:HOOD,f4eacdfb9bdbf79d,4116,5796.414582
1784900188116,xyz:HOOD,f4eacdfb9bdbf79d,4116,999.985041
1784900188116,xyz:HOOD,f4eacdfb9bdbf79d,4116,999.999006
1784900188116,xyz:HOOD,f4eacdfb9bdbf79d,4116,663.210428
1784900188116,xyz:INTC,592bc68ada64f6a5,4117,524.14687
1784900188116,xyz:INTC,a675f4bfaa333e82,4118,9.8339
1784900188116,xyz:INTC,5ee97ad8413e664d,4119,477.92754
1784900188116,xyz:INTC,5c880ce20caa230c,4120,4200.05869
1784900188116,xyz:INTC,95975530abd7802e,4121,491.695
1784900188116,xyz:INTC,c797e445dabfb295,4122,833.91472
1784900188116,xyz:INTC,c797e445dabfb295,4122,177.0084
1784900188116,xyz:INTC,c797e445dabfb295,4122,2171.21472
1784900188116,xyz:INTC,4c243662fb301f57,4123,2808.41904
1784900188116,xyz:INTC,4c243662fb301f57,4123,16999.98192
1784900188116,xyz:INTC,4c243662fb301f57,4123,7770.19464
1784900188116,xyz:INTC,4c243662fb301f57,4123,1577.2132
1784900188116,xyz:INTC,4c243662fb301f57,4123,15960.60096
1784900188116,xyz:INTC,21ff8ed60d3dfbf1,4124,220.25472
1784900188116,xyz:INTC,ed4201a0d2d5ab5e,4125,538.83744
1784900188116,xyz:INTC,c8a2c217445f4a04,4126,940.99896
1784900188116,xyz:INTC,70c5dad5ff128c4a,4127,6339.20616
1784900188116,xyz:INTC,70c5dad5ff128c4a,4127,7870.09308
1784900188116,xyz:INTC,70c5dad5ff128c4a,4127,273.3296
1784900188116,xyz:INTC,70c5dad5ff128c4a,4127,2622.1944
1784900188116,xyz:INTC,70c5dad5ff128c4a,4127,9999.144
1784900188116,xyz:INTC,70c5dad5ff128c4a,4127,7768.93032
1784900188116,xyz:INTC,70c5dad5ff128c4a,4127,4455.59048
1784900191166,xyz:INTC,70c5dad5ff128c4a,4127,944.92449
1784900191166,xyz:INTC,70c5dad5ff128c4a,4127,1962.44
1784900191166,xyz:INTC,70c5dad5ff128c4a,4127,45.13612
1784900191166,xyz:INTC,70c5dad5ff128c4a,4127,997.89057
1784900191166,xyz:INTC,70c5dad5ff128c4a,4127,24999.26838
1784900191166,xyz:INTC,70c5dad5ff128c4a,4127,1592.29284
1784900191166,xyz:INTC,70c5dad5ff128c4a,4127,33999.2688
1784900191166,xyz:INTC,70c5dad5ff128c4a,4127,7752.17808
1784900191166,xyz:INTC,70c5dad5ff128c4a,4127,9206.4973
1784900191166,xyz:INTC,70c5dad5ff128c4a,4127,4967.22696
1784900191166,xyz:INTC,70c5dad5ff128c4a,4127,29996.29128
1784900191166,xyz:INTC,70c5dad5ff128c4a,4127,1591.93578
1784900191166,xyz:INTC,70c5dad5ff128c4a,4127,31385.6
1784900191166,xyz:INTC,70c5dad5ff128c4a,4127,7514.8896
1784900188116,xyz:INTC,ae1b7bd8fdc3c21d,4128,259.54896
1784900188116,xyz:COIN,405243702573f3e4,4129,118.90956
1784900189393,BTC,6333db894999bb4b,4130,1925.5292
1784900191166,xyz:INTC,1ad64590040b02a5,4131,1165.70124
1784900191166,xyz:INTC,ca91347c448e5cef,4132,4485.20233
1784900191166,xyz:INTC,ef0156abcff50099,4133,223.72044
1784900191166,xyz:INTC,85f05cca1ac873fa,4134,30.41813
1784900191166,xyz:INTC,e24fbd9aa1b94499,4135,46.11781
1784900191166,xyz:CRWV,29e7b93ce95317a1,4136,5.39364
1784900191166,xyz:NBIS,58eb02e2c1d095c4,4137,512.099
1784900191166,xyz:NBIS,58eb02e2c1d095c4,4137,4478.87
1784900191166,xyz:NBIS,4356a12778ae687a,4138,2825.68
1784900191166,xyz:INTC,f404d4890ac4eede,4139,666.944
1784900193507,BTC,7c53c51f40bd616f,4140,620.82888
1784900193507,BTC,478296090abe4b67,4141,14218.65232
1784900193507,BTC,f05e706d084a3f3c,4142,353.474
1784900193507,BTC,06f669856e35d0c9,4143,1202.45428
1784900193507,BTC,45a01f10f0c3b9e0,4144,3300.1618
1784900193507,BTC,9d4cdf77559b9a39,4145,264.14148
1784900193507,BTC,b5437be4ea9a4a95,4146,11.56788
1784900193507,BTC,509f707d24a38c2c,4147,1040.46654
1784900193507,BTC,31b8b5f064016760,4148,24295.11864
1784900193507,BTC,31b8b5f064016760,4148,9280.0104
1784900193507,BTC,31b8b5f064016760,4148,899.724
1784900193507,BTC,31b8b5f064016760,4148,15011.25228
1784900193507,BTC,31b8b5f064016760,4148,10.28256
1784900193507,BTC,31b8b5f064016760,4148,199.2215
1784900193507,BTC,31b8b5f064016760,4148,29999.54465
1784900193507,BTC,31b8b5f064016760,4148,1325.78695
1784900193507,BTC,31b8b5f064016760,4148,24957.31275
1784900193507,BTC,31b8b5f064016760,4148,10.2824
1784900193507,BTC,31b8b5f064016760,4148,642.64
1784900193507,BTC,31b8b5f064016760,4148,4004.93248
1784900193507,BTC,31b8b5f064016760,4148,1327.0516
1784900193507,BTC,31b8b5f064016760,4148,32132.0
1784900193507,BTC,31b8b5f064016760,4148,141.3808
1784900193507,BTC,31b8b5f064016760,4148,14.78049
1784900193507,BTC,31b8b5f064016760,4148,417.06038
1784900193507,BTC,31b8b5f064016760,4148,4141.6859
1784900193507,BTC,31b8b5f064016760,4148,48.1965
1784900193507,BTC,31b8b5f064016760,4148,17.99308
1784900193507,BTC,31b8b5f064016760,4148,46.9098
1784900193507,BTC,31b8b5f064016760,4148,239.0472
1784900193507,BTC,31b8b5f064016760,4148,104.1012
1784900193507,BTC,31b8b5f064016760,4148,199.8486
1784900193507,BTC,31b8b5f064016760,4148,642.6
1784900193507,BTC,31b8b5f064016760,4148,1285.2
1784900193507,BTC,31b8b5f064016760,4148,33.4152
1784900193507,BTC,31b8b5f064016760,4148,192.78
1784900193507,BTC,31b8b5f064016760,4148,283.3866
1784900193507,BTC,31b8b5f064016760,4148,599.5458
1784900193507,BTC,31b8b5f064016760,4148,201.77326
1784900193507,BTC,31b8b5f064016760,4148,1555.71039
1784900193507,BTC,31b8b5f064016760,4148,17.99224
1784900193507,BTC,31b8b5f064016760,4148,64.258
1784900193507,BTC,31b8b5f064016760,4148,4992.20402
1784900193507,BTC,31b8b5f064016760,4148,1341.70704
1784900193507,BTC,31b8b5f064016760,4148,19.91967
1784900193507,BTC,31b8b5f064016760,4148,10193.08791
1784900193507,BTC,31b8b5f064016760,4148,14255.41545
1784900193507,BTC,31b8b5f064016760,4148,10.28112
1784900193507,BTC,31b8b5f064016760,4148,13718.8695
1784900193507,BTC,31b8b5f064016760,4148,24.41728
1784900193507,BTC,31b8b5f064016760,4148,16.064
1784900193507,BTC,31b8b5f064016760,4148,628.42368
1784900193507,BTC,31b8b5f064016760,4148,222.32576
1784900193507,BTC,31b8b5f064016760,4148,17670.4
1784900193507,BTC,31b8b5f064016760,4148,29885.4656
1784900193507,BTC,31b8b5f064016760,4148,64.255
1784900193507,BTC,31b8b5f064016760,4148,4189.426
1784900193507,BTC,31b8b5f064016760,4148,89.957
1784900193507,BTC,31b8b5f064016760,4148,24571.112
1784900193507,BTC,31b8b5f064016760,4148,50046.29185
1784900193507,BTC,31b8b5f064016760,4148,46741.5723
1784900193507,BTC,31b8b5f064016760,4148,6729.96396
1784900196306,BTC,31b8b5f064016760,4148,12271.99284
1784900196306,BTC,31b8b5f064016760,4148,37100.64146
1784900196306,BTC,31b8b5f064016760,4148,22393.913
1784900196306,BTC,31b8b5f064016760,4148,22393.913
1784900196306,BTC,31b8b5f064016760,4148,22393.913
1784900196306,BTC,31b8b5f064016760,4148,23812.72964
1784900196306,BTC,31b8b5f064016760,4148,23812.72964
1784900196306,BTC,31b8b5f064016760,4148,23812.08706
1784900196306,BTC,31b8b5f064016760,4148,4819.35
1784900196306,BTC,31b8b5f064016760,4148,77109.6
1784900196306,BTC,31b8b5f064016760,4148,37600.5687
1784900196306,BTC,31b8b5f064016760,4148,22598.89602
1784900196306,BTC,31b8b5f064016760,4148,41776.69612
1784900196306,BTC,31b8b5f064016760,4148,37600.5687
1784900196306,BTC,31b8b5f064016760,4148,22598.89602
1784900196306,BTC,31b8b5f064016760,4148,37600.5687
1784900196306,BTC,31b8b5f064016760,4148,41776.69612
1784900196306,BTC,31b8b5f064016760,4148,22598.89602
1784900196306,BTC,31b8b5f064016760,4148,41776.69612
1784900196306,BTC,31b8b5f064016760,4148,37600.5687
1784900196306,BTC,31b8b5f064016760,4148,22598.89602
1784900196306,BTC,31b8b5f064016760,4148,9638.7
1784900196306,BTC,31b8b5f064016760,4148,10393.08892
1784900196306,BTC,31b8b5f064016760,4148,23812.35906
1784900196306,BTC,31b8b5f064016760,4148,44053.31406
1784900196306,BTC,31b8b5f064016760,4148,4819.275
1784900196306,BTC,31b8b5f064016760,4148,15589.39077
1784900196306,BTC,31b8b5f064016760,4148,15823.28625
1784900196306,BTC,31b8b5f064016760,4148,4819.2
1784900196306,BTC,31b8b5f064016760,4148,652.1984
1784900196306,BTC,31b8b5f064016760,4148,6830.4128
1784900196306,BTC,31b8b5f064016760,4148,15979.82464
1784900196306,BTC,31b8b5f064016760,4148,15589.14816
1784900196306,BTC,31b8b5f064016760,4148,15989.46304
1784900196306,BTC,31b8b5f064016760,4148,15823.04
1784900196306,BTC,31b8b5f064016760,4148,22392.8675
1784900196306,BTC,31b8b5f064016760,4148,22392.8675
1784900196306,BTC,31b8b5f064016760,4148,22392.8675
1784900196306,BTC,31b8b5f064016760,4148,4819.125
1784900196306,BTC,31b8b5f064016760,4148,22597.84095
1784900196306,BTC,31b8b5f064016760,4148,41774.7457
1784900196306,BTC,31b8b5f064016760,4148,37598.81325
1784900196306,BTC,31b8b5f064016760,4148,22597.84095
1784900196306,BTC,31b8b5f064016760,4148,37598.81325
1784900196306,BTC,31b8b5f064016760,4148,41774.7457
1784900196306,BTC,31b8b5f064016760,4148,22597.84095
1784900196306,BTC,31b8b5f064016760,4148,10244.8172
1784900196306,BTC,31b8b5f064016760,4148,15979.57595
1784900196306,BTC,31b8b5f064016760,4148,3534.025
1784900196306,BTC,31b8b5f064016760,4148,15588.90555
1784900196306,BTC,31b8b5f064016760,4148,15989.2142
1784900196306,BTC,31b8b5f064016760,4148,15822.79375
1784900196306,BTC,31b8b5f064016760,4148,7879.46802
1784900196306,BTC,31b8b5f064016760,4148,24748.07064
1784900196306,BTC,31b8b5f064016760,4148,6178.0221
1784900196306,BTC,31b8b5f064016760,4148,37098.33198
1784900196306,BTC,31b8b5f064016760,4148,12850.8
1784900196306,BTC,31b8b5f064016760,4148,3212.7
1784900196306,BTC,31b8b5f064016760,4148,3212.7
1784900196306,BTC,31b8b5f064016760,4148,10000.49256
1784900196306,BTC,31b8b5f064016760,4148,23811.24732
1784900196306,BTC,31b8b5f064016760,4148,77104.8
1784900196306,BTC,31b8b5f064016760,4148,42407.64
1784900196306,BTC,31b8b5f064016760,4148,16063.5
1784900196306,BTC,31b8b5f064016760,4148,42820.15068
1784900193507,BTC,27b7e354057ee000,4149,255.08838
1784900193507,BTC,d40795e5f3c9c87c,4150,427.2891
1784900193507,BTC,3f34ced610a59122,4151,41.7651
1784900193507,BTC,2954f16091d0746e,4152,1894.20792
1784900193507,BTC,2954f16091d0746e,4152,199.1874
1784900193507,BTC,2954f16091d0746e,4152,500.53866
1784900193507,BTC,2954f16091d0746e,4152,14033.0736
1784900193507,BTC,2954f16091d0746e,4152,4455.37236
1784900193507,BTC,250fd975bac887c6,4153,316.77222
1784900193507,BTC,11036e49a0c2c9d6,4154,379.0986
1784900193507,BTC,207b670cae4b7480,4155,7748.38986
1784900193507,BTC,d9d0d06b4dd176f2,4156,818.59596
1784900193507,BTC,d9d0d06b4dd176f2,4156,1356.38083
1784900193507,BTC,d9d0d06b4dd176f2,4156,49.47481
1784900193507,BTC,d9d0d06b4dd176f2,4156,19.2759
1784900193507,BTC,d9d0d06b4dd176f2,4156,14754.41639
1784900193507,BTC,b7ad94ff2d4f1bf2,4157,15129.65391
1784900193507,BTC,b7ad94ff2d4f1bf2,4157,20556.46229
1784900193507,BTC,c2788b1ee8c88916,4158,125.29335
1784900193507,BTC,59ed779ab907e641,4159,944.5191
1784900193507,BTC,59ed779ab907e641,4159,10.28048
1784900193507,BTC,59ed779ab907e641,4159,15.42048
1784900193507,BTC,59ed779ab907e641,4159,192.756
1784900193507,BTC,59ed779ab907e641,4159,1484.2212
1784900193507,BTC,59ed779ab907e641,4159,199.82372
1784900193507,BTC,59ed779ab907e641,4159,49.47404
1784900193507,BTC,59ed779ab907e641,4159,1632.0008
1784900193507,BTC,016769307d87e444,4160,3952.14052
1784900193507,BTC,292ff58a7980b02b,4161,11.56536
1784900193507,BTC,ffdb8781a5c4fa08,4162,86.09768
1784900193507,BTC,b6377497ef1631a4,4163,1578.67164
1784900193507,BTC,a7d00ee85f7d5b05,4164,232.59224
1784900193507,BTC,a7d00ee85f7d5b05,4164,212.0316
1784900193507,BTC,8e7d6df88db409b9,4165,248.65524
1784900193507,BTC,8ac7044b39a4914e,4166,6375.72596
1784900193507,BTC,a4efec774566db09,4167,11.56536
1784900196306,BTC,4c0896b428e93320,4168,17.34966
1784900196306,BTC,eb5c0e8f1fcd8383,4169,648.36322
1784900196306,BTC,f8c2e32e5415e4e4,4170,38.5548
1784900196306,BTC,a0b4f59e34956bd8,4171,11.56644
1784900196306,BTC,577542bde643c1c3,4172,57.8322
1784900196306,BTC,2263861da9541218,4173,4116.36748
1784900196306,BTC,34ec76f104023114,4174,12.20902
1784900196306,BTC,feca203b9f3a8978,4175,929.17068
1784900196306,BTC,ea102723a750a5c4,4176,2815.14298
1784900196306,BTC,70fe231d23b627ea,4177,11.56644
1784900196306,BTC,e36133f09032e330,4178,382.97768
1784900196306,BTC,a9c5401bcf82a833,4179,11.56644
1784900196306,BTC,b0a8f1675937c6c8,4180,11.56644
1784900196306,BTC,1ac9327787c288cf,4181,19.91998
1784900196306,BTC,e32817de2c2c09f2,4182,39.83996
1784900196306,BTC,579e53646f9b3261,4183,2031.83796
1784900196306,BTC,eae40c6d8ed8e7aa,4184,11.56644
1784900196306,BTC,0b94ab32147b509c,4185,197.91464
1784900196306,BTC,1f9d4db87b704e2e,4186,11.56644
1784900196306,BTC,25cb83b1c70a35b4,4187,193.41658
1784900196306,BTC,f1e3572e48b47952,4188,51.4032
1784900196306,BTC,45e6e4cdd7d4d906,4189,120.79752
1784900196306,BTC,d1f1d1826f07d3fb,4190,11.56572
1784900196306,BTC,3014a1a5c6e60422,4191,1317.84954
1784900196306,BTC,d78dec58ad3db98a,4192,1576.15062
1784900196306,BTC,7c7e7b438b68f76b,4193,14.13588
1784900196306,BTC,4209d17c51f3443b,4194,5930.6442
1784900196306,BTC,326c3361e5b53b89,4195,2767.41978
1784900196306,BTC,c307fc977f30ebee,4196,916.90458
1784900196306,BTC,8562012f9e81bcc8,4197,111.15942
1784900196306,BTC,b24edbee9e6d19d6,4198,142.00134
1784900196306,BTC,8f99b38daf394a7b,4199,967.66524
1784900196306,BTC,91e43a920014207c,4200,3400.96422
1784900196306,BTC,91e43a920014207c,4200,2583.0108
1784900196306,BTC,3da3b9dc5f37b633,4201,11.56572
1784900196306,BTC,8bb3043b64b5f4b7,4202,1535.6706
1784900196306,BTC,389bd3853c210906,4203,43.69272
1784900196306,BTC,76a11b8368920690,4204,378.45606
1784900196306,BTC,a3affb67d6b79e93,4205,11.56572
1784900196306,BTC,e690e044c610afa9,4206,388.09416
1784900196306,BTC,93156321a6bcc745,4207,172.20072
1784900196306,BTC,af7cd64eeea671bd,4208,11.56572
1784900196306,BTC,f7f0fae1ded86630,4209,262.15632
1784900196306,BTC,6131ca49203ef469,4210,276.93474
1784900196306,BTC,7cbd8fb13b51dbf3,4211,2110.10136
1784900196306,BTC,98a71013edd110a0,4212,452.34816
1784900196306,BTC,ecf3a86ed21d2ca7,4213,42.40764
1784900196306,BTC,094fe6704243af13,4214,3.2127
1784900196306,AVAX,094fe6704243af13,4215,0.123698
1784900196306,DOT,094fe6704243af13,4216,0.07938
1784900196306,BTC,496327b21fe7447d,4217,12.8508
1784900196306,BTC,d7a2a7faaecf963e,4218,2032.35402
1784900196306,BTC,9aa82b47ed86e632,4219,41.7651
1784900196306,BTC,d493ce6fd64e8470,4220,138.1461
1784900196306,BTC,b0599a24f7baab2e,4221,145.85658
1784900196306,BTC,cd28bdf2a26da20a,4222,276.93474
1784900196306,BTC,10a4e415925dec95,4223,499.89612
1784900196306,BTC,6c8d8e9d73c64c5f,4224,1064.68878
1784900196306,BTC,4dffdd91cb86de7e,4225,231.3144
1784900196306,BTC,a76bfa419535728e,4226,11.56572
1784900196306,BTC,72c8a3a33ef3776b,4227,799.9623
1784900196306,BTC,dc7a1148df5c337f,4228,235.16964
1784900196306,BTC,32d5f837a44a8b51,4229,1606.35
1784900196306,BTC,9846f386eb8786d6,4230,521.09994
1784900196306,BTC,b4c01fbd3d5a0d86,4231,11.56572
1784900196306,BTC,86e98198b5ec0f95,4232,11.56572
1784900196306,BTC,c0ae1aee1ff44f2f,4233,11.56572
1784900196306,BTC,a10cbdaaed7a3f18,4234,386.80908
1784900196306,BTC,c106455ce307782c,4235,11.56572
1784900196306,BTC,1b9b4ccd36f41441,4236,189.5493
1784900196306,BTC,5f337eb9f84208b7,4237,210.75312
1784900196306,BTC,65cbbc61ca519421,4238,11.56572
1784900196306,BTC,ec20cd386b874ce6,4239,93.1683
1784900200132,xyz:NBIS,e85086c8769922a1,4240,49087.62
1784900200132,xyz:NBIS,e85086c8769922a1,4240,516.9064
1784900200132,xyz:NBIS,e85086c8769922a1,4240,150.0624
1784900200132,xyz:NBIS,e85086c8769922a1,4240,97.948
1784900200132,xyz:NBIS,e85086c8769922a1,4240,97.948
1784900200132,xyz:NBIS,e85086c8769922a1,4240,9792.716
1784900200132,xyz:NBIS,e85086c8769922a1,4240,18185.1257
1784900200132,xyz:NBIS,e85086c8769922a1,4240,149.9832
1784900200132,xyz:NBIS,e85086c8769922a1,4240,918.6471
1784900200132,xyz:NBIS,e85086c8769922a1,4240,99.984
1784900200132,xyz:NBIS,e85086c8769922a1,4240,99.984
1784900200132,xyz:NBIS,e85086c8769922a1,4240,99.984
1784900200132,xyz:NBIS,e85086c8769922a1,4240,99.984
1784900200132,xyz:NBIS,e85086c8769922a1,4240,99.984
1784900200132,xyz:NBIS,e85086c8769922a1,4240,13710.306
1784900200132,xyz:NBIS,e85086c8769922a1,4240,551.942
1784900200132,xyz:NBIS,e85086c8769922a1,4240,104.135
1784900200132,xyz:NBIS,e85086c8769922a1,4240,651.7912
1784900200132,xyz:NBIS,e85086c8769922a1,4240,19587.2554
1784900200132,xyz:NBIS,e85086c8769922a1,4240,918.2061
1784900200132,xyz:NBIS,e85086c8769922a1,4240,651.666
1784900200132,xyz:NBIS,e85086c8769922a1,4240,4998.6419
1784900200132,xyz:NBIS,e85086c8769922a1,4240,4500.8516
1784900200132,xyz:NBIS,e85086c8769922a1,4240,1498.896
1784900200132,xyz:NBIS,e85086c8769922a1,4240,149.8896
1784900200132,xyz:NBIS,e85086c8769922a1,4240,14998.6485
1784900200132,xyz:NBIS,e85086c8769922a1,4240,2250.3177
1784900200132,xyz:NBIS,e85086c8769922a1,4240,1263.5919
1784900200132,xyz:NBIS,e85086c8769922a1,4240,651.5408
1784900200132,xyz:NBIS,e85086c8769922a1,4240,997.0864
1784900200132,xyz:NBIS,e85086c8769922a1,4240,595.2804
1784900200132,xyz:NBIS,e85086c8769922a1,4240,651.4156
1784900200132,xyz:NBIS,e85086c8769922a1,4240,422.4633
1784900200132,xyz:NBIS,e85086c8769922a1,4240,917.6328
1784900200132,xyz:NBIS,e85086c8769922a1,4240,651.2904
1784900200132,xyz:NBIS,e85086c8769922a1,4240,2760.8235
1784900200132,xyz:NBIS,e85086c8769922a1,4240,33.2832
1784900200132,xyz:NBIS,e85086c8769922a1,4240,27420.64
1784900200132,xyz:NBIS,e85086c8769922a1,4240,1262.4993
1784900200132,xyz:NBIS,e85086c8769922a1,4240,4999.3584
1784900200132,xyz:NBIS,e85086c8769922a1,4240,1684.152
1784900200132,xyz:NBIS,e85086c8769922a1,4240,1261.953
1784900200132,xyz:NBIS,e85086c8769922a1,4240,2945.943
1784900200132,xyz:NBIS,e85086c8769922a1,4240,615.3544
1784900200132,xyz:NBIS,e85086c8769922a1,4240,3072.4664
1784900200132,xyz:NBIS,e85086c8769922a1,4240,33.2608
1784900200132,xyz:NBIS,e85086c8769922a1,4240,9166.9402
1784900200132,xyz:NBIS,e85086c8769922a1,4240,1261.4067
1784900200132,xyz:NBIS,e85086c8769922a1,4240,46938.0447
1784900200132,xyz:NBIS,e85086c8769922a1,4240,103.88
1784900200132,xyz:NBIS,e85086c8769922a1,4240,486.135
1784900200132,xyz:NBIS,e85086c8769922a1,4240,1260.8604
1784900200132,xyz:NBIS,e85086c8769922a1,4240,35790.5101
1784900203204,xyz:NBIS,e85086c8769922a1,4240,456.3522
1784900203204,xyz:NBIS,e85086c8769922a1,4240,8949.4915
1784900203204,xyz:NBIS,e85086c8769922a1,4240,551.942
1784900203204,xyz:NBIS,e85086c8769922a1,4240,651.7912
1784900203204,xyz:NBIS,e85086c8769922a1,4240,13709.8632
1784900203204,xyz:NBIS,e85086c8769922a1,4240,403.9468
1784900203204,xyz:NBIS,e85086c8769922a1,4240,651.666
1784900203204,xyz:NBIS,e85086c8769922a1,4240,986.7258
1784900203204,xyz:NBIS,e85086c8769922a1,4240,19585.974
1784900203204,xyz:NBIS,e85086c8769922a1,4240,81.1746
1784900203204,xyz:NBIS,e85086c8769922a1,4240,651.2904
1784900203204,xyz:NBIS,e85086c8769922a1,4240,2760.8235
1784900203204,xyz:NBIS,e85086c8769922a1,4240,651.1652
1784900203204,xyz:NBIS,e85086c8769922a1,4240,416.04
1784900203204,xyz:NBIS,e85086c8769922a1,4240,20.8
1784900203204,xyz:NBIS,e85086c8769922a1,4240,651.04
1784900203204,xyz:NBIS,e85086c8769922a1,4240,1262.4993
1784900203204,xyz:NBIS,e85086c8769922a1,4240,33.2752
1784900203204,xyz:NBIS,e85086c8769922a1,4240,386.7126
1784900203204,xyz:NBIS,e85086c8769922a1,4240,1261.953
1784900203204,xyz:NBIS,e85086c8769922a1,4240,3072.4664
1784900203204,xyz:NBIS,e85086c8769922a1,4240,1660.6416
1784900203204,xyz:NBIS,e85086c8769922a1,4240,1261.4067
1784900203204,xyz:NBIS,e85086c8769922a1,4240,5084.3766
1784900203204,xyz:NBIS,e85086c8769922a1,4240,2376.8888
1784900203204,xyz:NBIS,e85086c8769922a1,4240,614.9696
1784900203204,xyz:NBIS,e85086c8769922a1,4240,33.2416
1784900203204,xyz:NBIS,e85086c8769922a1,4240,16904.2536
1784900203204,xyz:NBIS,e85086c8769922a1,4240,1260.8604
1784900203204,xyz:NBIS,e85086c8769922a1,4240,4999.339
1784900203204,xyz:NBIS,e85086c8769922a1,4240,97.6049
1784900203204,xyz:NBIS,e85086c8769922a1,4240,490.054
1784900203204,xyz:NBIS,e85086c8769922a1,4240,1260.3141
1784900203204,xyz:NBIS,e85086c8769922a1,4240,103116.5492
1784900203204,xyz:NBIS,e85086c8769922a1,4240,31.1415
1784900203204,xyz:NBIS,e85086c8769922a1,4240,10098.2805
1784900203204,xyz:NBIS,e85086c8769922a1,4240,969.2118
1784900203204,xyz:NBIS,e85086c8769922a1,4240,1259.7678
1784900203204,xyz:NBIS,e85086c8769922a1,4240,2378.1792
1784900203204,xyz:NBIS,e85086c8769922a1,4240,989.6319
1784900203204,xyz:NBIS,e85086c8769922a1,4240,989.6319
1784900203204,xyz:NBIS,e85086c8769922a1,4240,14923.3171
1784900203204,xyz:NBIS,e85086c8769922a1,4240,933.39
1784900203204,xyz:NBIS,e85086c8769922a1,4240,14.5187
1784900203204,xyz:NBIS,e85086c8769922a1,4240,1850.0972
1784900203204,xyz:NBIS,e85086c8769922a1,4240,56825.526
1784900203204,xyz:NBIS,e85086c8769922a1,4240,103002.3174
1784900203204,xyz:NBIS,e85086c8769922a1,4240,14918.9172
1784900203204,xyz:NBIS,e85086c8769922a1,4240,117970.3194
1784900203204,xyz:NBIS,e85086c8769922a1,4240,103.62
1784900203204,xyz:NBIS,e85086c8769922a1,4240,1858.6737
1784900203204,xyz:NBIS,e85086c8769922a1,4240,56767.9881
1784900203204,xyz:NBIS,e85086c8769922a1,4240,4294.2195
1784900203204,xyz:NBIS,e85086c8769922a1,4240,4998.0469
1784900203204,xyz:NBIS,e85086c8769922a1,4240,4998.9112
1784900203204,xyz:NBIS,e85086c8769922a1,4240,403.7475
1784900203204,xyz:NBIS,e85086c8769922a1,4240,1856.79
1784900203204,xyz:NBIS,e85086c8769922a1,4240,9998.1
1784900203204,xyz:NBIS,e85086c8769922a1,4240,2434.2024
1784900203204,xyz:NBIS,e85086c8769922a1,4240,56710.4502
1784900203204,xyz:NBIS,e85086c8769922a1,4240,117793.8705
1784900203204,xyz:NBIS,e85086c8769922a1,4240,12.4122
1784900203204,xyz:NBIS,e85086c8769922a1,4240,55225.4142
1784900203204,xyz:NBIS,e85086c8769922a1,4240,23846.5836
1784900203204,xyz:NBIS,e85086c8769922a1,4240,9998.78
1784900203204,xyz:NBIS,e85086c8769922a1,4240,1854.9063
1784900203204,xyz:NBIS,e85086c8769922a1,4240,233509.6525
1784900203204,xyz:NBIS,e85086c8769922a1,4240,49956.6536
1784900203204,xyz:HOOD,bca68d957d28ad3c,4241,43.46505
1784900212082,xyz:INTC,0147ead7e80b42b9,4242,734.05745
1784900212082,xyz:INTC,058b1ad9a5ac542d,4243,831.0824
1784900212082,xyz:INTC,058b1ad9a5ac542d,4243,1648.39364
1784900215118,xyz:INTC,f481fac499f53424,4244,4508.96304
1784900215118,xyz:INTC,69f3debc48015070,4245,192.80784
1784900215118,xyz:INTC,61e5301105eff349,4246,60.68064
1784900215118,xyz:HOOD,28f949402cea7b61,4247,310.63984
1784900215118,xyz:HOOD,663ed05c4753a666,4248,1698.003672
1784900215118,xyz:INTC,9c48c5752a793249,4249,70.46784
1784900224115,xyz:CBRS,8a42fbcd3730986c,4250,7698.0
1784900224115,xyz:CBRS,8a42fbcd3730986c,4250,3331.5321
1784900224115,xyz:CBRS,8a42fbcd3730986c,4250,882.618
1784900224115,xyz:CBRS,3b936cf138687130,4251,1268.5068
1784900224987,para:CRDO,99ca45abe7e034e9,4252,93.5634
1784900230147,xyz:INTC,6bf04a2630824b3d,4253,248.6152
1784900230147,xyz:INTC,5c35b72b832b4089,4254,649.9232
1784900230147,xyz:INTC,a2855a3fc306dc2d,4255,768.358
1784900239703,BTC,a209a4ce9ec8f500,4256,178.615
1784900239703,BTC,cf10672806c282b4,4257,817.26
1784900239703,BTC,293248ef25ebd38a,4258,542.27
1784900239703,BTC,0bdd399ba8bc11cf,4259,229.3725
1784900239703,BTC,233a1167889950d1,4260,181.185
1784900239703,BTC,d0155fdadcb55753,4261,97.0175
1784900239703,BTC,72f895b2d7f13a4b,4262,280.13
1784900245158,xyz:INTC,f88e0eb716958058,4263,74.14484
1784900245158,xyz:INTC,4a26fdcd4270e61c,4264,236.09278
1784900245158,xyz:INTC,819d02cc234249e2,4265,3780.41125
1784900245158,xyz:INTC,af960c289daa4f37,4266,11.70708
1784900245158,xyz:INTC,201176a1ab3834ef,4267,163.89912
1784900245158,xyz:INTC,44f88f205145cf5f,4268,1207.78042
1784900245158,xyz:INTC,13f7c6ec93f30f29,4269,7603.74846
1784900245158,xyz:INTC,13f7c6ec93f30f29,4269,7269.04658
1784900246562,BTC,314f4c6bb427eaa4,4270,432.97086
1784900246562,BTC,21143effd18e73eb,4271,11.56302
1784900246562,BTC,8a6dc51d910377b6,4272,28.26516
1784900246562,BTC,f47c2ec4523bf066,4273,2154.57606
1784900246562,BTC,62196e85d8e8b947,4274,100.85523
1784900246562,BTC,67b92d5bf048e443,4275,491.42835
1784900246562,BTC,f34558386ed43ebd,4276,1120.97055
1784900246562,BTC,28ab3100367af4e8,4277,11.56302
1784900249580,BTC,98b91ecb672f1de3,4278,341.84192
1784900323621,XRP,836611c0bf3895f6,4279,55.7481
1784900329122,xyz:MU,c6cc9bdd77bb567e,4280,0.95018
1784900329122,xyz:CBRS,bf4b0378b0446e0e,4281,1407.0069
1784900329122,xyz:CBRS,bf4b0378b0446e0e,4281,1231.3863
1784900329122,xyz:CRCL,89ff13e8252e3b87,4282,70.96032
1784900332196,xyz:COIN,6a427dfbe329c7ba,4283,700.91697
1784900353195,xyz:HOOD,663a3dd7c1453241,4284,13275.926772
1784900353195,xyz:HOOD,663a3dd7c1453241,4284,261.97788
1784900353195,xyz:HOOD,663a3dd7c1453241,4284,8245.857475
1784900395150,xyz:HOOD,002a793e7a347c5e,4285,5763.447032
1784900395150,xyz:HOOD,002a793e7a347c5e,4285,13595.904088
1784900395150,xyz:HOOD,002a793e7a347c5e,4285,984.449133
1784900395150,xyz:HOOD,002a793e7a347c5e,4285,999.962541
1784900395150,xyz:HOOD,002a793e7a347c5e,4285,1315.1952
1784900395150,xyz:HOOD,002a793e7a347c5e,4285,10604.694366
1784900395150,xyz:HOOD,002a793e7a347c5e,4285,5762.607858
1784900395150,xyz:HOOD,002a793e7a347c5e,4285,1000.027476
1784900395150,xyz:HOOD,002a793e7a347c5e,4285,1702.778544
1784900395150,xyz:HOOD,002a793e7a347c5e,4285,5078.629299
1784900395150,xyz:HOOD,002a793e7a347c5e,4285,20605.523895
1784900395150,xyz:HOOD,002a793e7a347c5e,4285,9499.200833
1784900398149,xyz:HOOD,002a793e7a347c5e,4285,3989.225892
1784900398149,xyz:HOOD,002a793e7a347c5e,4285,98.950698
1784900398149,xyz:HOOD,002a793e7a347c5e,4285,257.42032
1784900398149,xyz:HOOD,002a793e7a347c5e,4285,1073.33792
1784900398149,xyz:HOOD,002a793e7a347c5e,4285,13595.909714
1784900398149,xyz:HOOD,002a793e7a347c5e,4285,596.48358
1784900398149,xyz:HOOD,002a793e7a347c5e,4285,257.36678
1784900398149,xyz:HOOD,002a793e7a347c5e,4285,55052.01679
1784900398149,xyz:HOOD,002a793e7a347c5e,4285,8482.727115
1784900398149,xyz:HOOD,002a793e7a347c5e,4285,5761.768684
1784900398149,xyz:HOOD,002a793e7a347c5e,4285,999.98046
1784900398149,xyz:HOOD,002a793e7a347c5e,4285,19033.93599
1784900398149,xyz:HOOD,002a793e7a347c5e,4285,5761.169274
1784900398149,xyz:HOOD,002a793e7a347c5e,4285,1887.947659
1784900398149,xyz:HOOD,002a793e7a347c5e,4285,1007.884596
1784900398149,xyz:HOOD,002a793e7a347c5e,4285,156.455684
1784900398149,xyz:HOOD,002a793e7a347c5e,4285,33398.342559
1784900398149,xyz:HOOD,002a793e7a347c5e,4285,542.286657
1784900398149,xyz:HOOD,002a793e7a347c5e,4285,642.037419
1784900398149,xyz:HOOD,002a793e7a347c5e,4285,271.666219
1784900398149,xyz:HOOD,002a793e7a347c5e,4285,999.281506
1784900398149,xyz:HOOD,002a793e7a347c5e,4285,2070.494324
1784900398149,xyz:HOOD,002a793e7a347c5e,4285,5759.790631
1784900398149,xyz:HOOD,002a793e7a347c5e,4285,6005.25
1784900398149,xyz:HOOD,002a793e7a347c5e,4285,27190.907244
1784900398149,xyz:HOOD,002a793e7a347c5e,4285,208.015365
1784900398149,xyz:HOOD,002a793e7a347c5e,4285,2070.257307
1784900398149,xyz:HOOD,002a793e7a347c5e,4285,257.20616
1784900398149,xyz:HOOD,002a793e7a347c5e,4285,9988.57288
1784900398149,xyz:HOOD,002a793e7a347c5e,4285,5759.071339
1784900398149,xyz:HOOD,002a793e7a347c5e,4285,2070.02029
1784900398149,xyz:HOOD,002a793e7a347c5e,4285,635.367296
1784900398149,xyz:HOOD,002a793e7a347c5e,4285,257.15262
1784900398149,xyz:HOOD,002a793e7a347c5e,4285,597.47454
1784900398149,xyz:HOOD,002a793e7a347c5e,4285,635.403825
1784900398149,xyz:HOOD,002a793e7a347c5e,4285,494.94565
1784900398149,xyz:HOOD,002a793e7a347c5e,4285,19863.421174
1784900398149,xyz:HOOD,002a793e7a347c5e,4285,257.09908
1784900398149,xyz:HOOD,002a793e7a347c5e,4285,2461.031212
1784900398149,xyz:HOOD,002a793e7a347c5e,4285,96.888216
1784900398149,xyz:HOOD,002a793e7a347c5e,4285,66931.800768
1784900395150,xyz:HOOD,a9e6a173be87fb72,4286,6265.536701
1784900395150,xyz:HOOD,a9e6a173be87fb72,4286,3200.40073
1784900395150,xyz:HOOD,977ab4c88df362d5,4287,47.010993
1784900395150,xyz:COIN,59f508120f7f9d4d,4288,17.71501
1784900407136,xyz:COIN,17b3eee3171ae3c6,4289,50.56565
1784900407136,xyz:HOOD,edeb8ea4344ba02e,4290,1863.548232
1784900407136,xyz:HOOD,edeb8ea4344ba02e,4290,5905.487679
1784900407465,BTC,9645f42e3e274d51,4291,387.99752
1784900407465,BTC,ba5466ca8dfbf932,4292,2969.08036
1784900407465,BTC,ab2448a90e893c0f,4293,2821.97534
1784900407465,BTC,dd9a2da0b41825e2,4294,266.5877
1784900407465,BTC,0efb85e4e42cae61,4295,460.58646
1784900407465,BTC,8df1ae4fef69c07f,4296,267.87246
1784900407465,BTC,6c794cc6db3005be,4297,573.00296
1784900407465,BTC,2179f575ddd15808,4298,158.02548
1784900407465,BTC,0f883a995fa6ea1a,4299,138.75408
1784900407465,BTC,a2edb73002b0ef23,4300,11.56284
1784900407465,BTC,5b2e4c2698627a38,4301,2249.61476
1784900407465,BTC,b4d3f8cd0bbfaa34,4302,379.64658
1784900407465,BTC,5f08edbdf264da08,4303,206.20398
1784900407465,BTC,7e36182583773ec5,4304,387.99752
1784900407465,BTC,373fcde19d4644f6,4305,247.95868
1784900407465,BTC,719315344963027c,4306,6761.69188
1784900407465,BTC,c7ce44c154d95e13,4307,140.03884
1784900407465,BTC,9a0a4e285ccc5570,4308,909.61008
1784900407465,BTC,5b7ef44e632075ca,4309,2212.9991
1784900407465,BTC,8ed0504631633302,4310,1121.59548
1784900407465,BTC,a8650d333bf3fee8,4311,71.30418
1784900407465,BTC,3a9ea041b2b9de03,4312,984.12616
1784900407465,BTC,f2569c1d6e22b4a3,4313,335.96474
1784900407465,BTC,846f6b5e53424327,4314,11.56284
1784900407465,BTC,80658a164046385a,4315,68.73466
1784900407465,BTC,ea57e5e1a544b635,4316,102.7808
1784900407465,BTC,44577fc9c49473a6,4317,37.90042
1784900407465,BTC,37e5b15eb869a0a2,4318,42389.37144
1784900407465,BTC,b19cdf19dd1a6b3d,4319,88.64844
1784900407465,BTC,734a8fd3c0099385,4320,198.49542
1784900407465,BTC,abe4648ec79a95c5,4321,440.0303
1784900407465,BTC,0adac67d110720c6,4322,11.56284
1784900407465,BTC,a0bc1cff2dfdac19,4323,120.12506
1784900407465,BTC,8c1d5c0d093c75ef,4324,97.64176
1784900407465,BTC,077255180df4ccea,4325,81.58226
1784900407465,BTC,f1993d32beb823fe,4326,197.85304
1784900407465,BTC,a31711f721d43a45,4327,3464.99772
1784900407465,BTC,a01a9cfc59c9a930,4328,11751.69972
1784900407465,BTC,3467bd221341469b,4329,771.49838
1784900407465,BTC,76fbd21d562bf737,4330,460.58646
1784900407465,BTC,fd5f4edbe6ff7f5a,4331,713.68418
1784900407465,BTC,45db6c38b685e6bd,4332,167.0188
1784900407465,BTC,6afb9c0a76e8bb99,4333,172.15784
1784900410097,xyz:CRWV,e8b76c1fbf648d18,4334,18.41904
1784900410428,BTC,939526f218f02503,4335,111.13174
1784900410428,BTC,73e9d336480b90a7,4336,755.43888
1784900410428,BTC,288d906065863f39,4337,1207.03202
1784900410428,BTC,c57e6b88eef372fb,4338,64.238
1784900410428,BTC,475d1856880a8e85,4339,150.31692
1784900410428,BTC,c00ea51b5a20862a,4340,413.69272
1784900410428,BTC,28663f82a1a708a4,4341,80.93988
1784900410428,BTC,1d350db09bd9cdf1,4342,20.55616
1784900410428,BTC,b10c3cd9bc75f1e9,4343,88.64844
1784900410428,BTC,f7f434135ae1c5f0,4344,1524.36774
1784900410428,BTC,e69057a0879acf3b,4345,197.85304
1784900410428,BTC,33790559766540cf,4346,506.19544
1784900410428,BTC,816b92f55ac1a594,4347,912.1796
1784900410428,BTC,917bc06819d35965,4348,266.5877
1784900410428,BTC,7bfdd5d55f3ee97c,4349,681.56518
1784900410428,BTC,33bc5d892b0c5142,4350,12.20522
1784900410428,BTC,ed2b14411a130a28,4351,278.15054
1784900410428,BTC,46be30deb1319363,4352,20.55616
1784900410428,BTC,7aabef115bac5aec,4353,13.48998
1784900410428,BTC,6b6e3ada48edc590,4354,407.9113
1784900410428,BTC,bc5f51edd13920c0,4355,2024.13938
1784900410428,BTC,94eaedc999ae5b57,4356,317.9781
1784900410428,BTC,8c36eeee79b354e4,4357,193.35638
1784900410428,BTC,3d43a02104e8e66d,4358,542.8111
1784900410428,BTC,fd7b8f6f43244eda,4359,11.56284
1784900410428,BTC,2be370846adf0c85,4360,3839.50526
1784900410428,BTC,519e7274bd4fde1b,4361,318.62048
1784900410428,BTC,2f3ebd1a6a0e6bcb,4362,721.39274
1784900410428,BTC,ed16c93613aefba3,4363,1725.43268
1784900410428,BTC,a18f2f2ea3d82ec8,4364,11.56284
1784900410428,BTC,9c308b91a67d455e,4365,576.85724
1784900410428,BTC,0d56a4079821bfca,4366,11.56284
1784900410428,BTC,ae6f2618712d720f,4367,370.65326
1784900410428,BTC,b019aa73fba5cb4a,4368,467.65264
1784900410428,BTC,61bb0b8222d7f21f,4369,11.56284
1784900410428,BTC,4437ee10be3f1d34,4370,119.48268
1784900410428,BTC,1aa5e3fc5d197430,4371,79.01274
1784900410428,BTC,2b580d540eeac1c5,4372,59.74134
1784900410428,BTC,91f0c31fdc9f2def,4373,598.05578
1784900410428,BTC,4b9582a619903647,4374,691.84326
1784900410428,BTC,2e3a5ec56dc6a817,4375,1557.7715
1784900410428,BTC,ff5d89310c0564a9,4376,698.90944
1784900410428,BTC,6f95752bb0be9f37,4377,170.87308
1784900410428,BTC,c76113a9d7dcd904,4378,11.56284
1784900410428,BTC,6876d327a1dd6b0d,4379,1109.39026
1784900410428,BTC,639ed10243e7c05a,4380,798.47834
1784900410428,BTC,6da0c52b3621d0cf,4381,39.82756
1784900410428,BTC,f2375a48c09b219f,4382,55.88706
1784900413504,BTC,8d55cc896af56357,4383,39.82756
1784900413504,BTC,97e28430a1533d82,4384,174.72736
1784900413504,BTC,88b94650bcfe0d2c,4385,110.48936
1784900413504,BTC,559a8c917b032fa4,4386,327.6138
1784900413504,BTC,fd5e1225b372720d,4387,11.56284
1784900417130,BTC,4c785202488f1205,4388,100.86465
1784900417130,BTC,2978308b9adc1057,4389,454.21215
1784900417130,BTC,c112dac4af9cc9b5,4390,397.0341
1784900417130,BTC,150c5d1eb7c6223a,4391,6425.7849
1784900417130,BTC,150c5d1eb7c6223a,4391,7452.42
1784900417130,BTC,150c5d1eb7c6223a,4391,287.17515
1784900417130,BTC,229646b9f5ff73d5,4392,7165.24485
1784900417130,BTC,229646b9f5ff73d5,4392,524.2392
1784900417130,BTC,5bf986a9a7a4b74e,4393,168.3219
1784900417130,BTC,e4f0b67eaca4c9ae,4394,176.67375
1784900417130,BTC,6cc015dbbc059f45,4395,2343.01515
1784900417130,BTC,6cc015dbbc059f45,4395,2684.79855
1784900417130,BTC,b0a004213e85c083,4396,430.4415
1784900417130,BTC,81976b66e3fb30f4,4397,97.00995
1784900417130,BTC,81976b66e3fb30f4,4397,1142.2761
1784900417130,BTC,1aebe509b62cee73,4398,1861.8201
1784900417130,BTC,057e3acf3b7b443b,4399,208.1538
1784900417130,BTC,057e3acf3b7b443b,4399,172.1766
1784900417130,BTC,8bc3b9664f125fcc,4400,1185.32025
1784900417130,BTC,a6674ba47a5a708b,4401,132.98715
1784900417130,BTC,31216437acd5a71e,4402,922.5582
1784900417130,BTC,3a6c7372798be91b,4403,373.9059
1784900417130,BTC,fe5708ea70040190,4404,57.17805
1784900419132,xyz:HIMS,02b1baecad76c422,4405,47.2164
1784900428128,xyz:HIMS,29e7b93ce95317a1,4406,26.12356
1784900434201,xyz:COIN,d12e7fa3231e2f3f,4407,230.73996
1784900441257,BTC,b34793202e34ace2,4408,21.19491
1784900441257,BTC,78c088fcd220f6cf,4409,47.52798
1784900441257,BTC,b83d1ec281e97931,4410,813.75609
1784900441257,BTC,50e996a34ad505c9,4411,1701.37323
1784900441257,BTC,da4bf76afc7ca5b7,4412,393.06924
1784900441257,XRP,5a4b88541b49dcba,4413,4633.048
1784900441257,BTC,99a1aca58d789932,4414,655.75767
1784900441257,BTC,1b2b1f53f0898d05,4415,123.31584
1784900441257,BTC,1d01b98829c718f0,4416,3981.43173
1784900441257,BTC,1d01b98829c718f0,4416,19144.78416
1784900441257,BTC,5abdcf28110f49d7,4417,1768.81158
1784900441257,BTC,6f3ebf7579821638,4418,3588.36249
1784900441257,BTC,5876450447fc57ab,4419,790.63437
1784900441257,BTC,2292fe8bf0ac80ab,4420,22925.82765
1784900441257,BTC,13a047a97b3a51ba,4421,798.34161
1784900441257,BTC,7c6bd42a32f2aaae,4422,1030.20108
1784900441257,BTC,7c6bd42a32f2aaae,4422,247.91236
1784900441257,BTC,7c6bd42a32f2aaae,4422,1857.41592
1784900441257,BTC,7c6bd42a32f2aaae,4422,671.80396
1784900441257,BTC,7c6bd42a32f2aaae,4422,83.4938
1784900441257,BTC,7c6bd42a32f2aaae,4422,339.11328
1784900441257,BTC,7c6bd42a32f2aaae,4422,4321.76754
1784900441257,BTC,765054c30fb64e50,4423,1588.95124
1784900441257,BTC,aae8639c1ab47922,4424,615.92734
1784900441257,XRP,83035b9d3fccee46,4425,2031.3293
1784900441257,XRP,83035b9d3fccee46,4425,5003.4733
1784900441257,XRP,83035b9d3fccee46,4425,767.0754
1784900441257,XRP,83035b9d3fccee46,4425,500.4566
1784900441257,XRP,83035b9d3fccee46,4425,37.1484
1784900441257,XRP,83035b9d3fccee46,4425,87.408
1784900441257,XRP,83035b9d3fccee46,4425,111.4452
1784900441257,XRP,83035b9d3fccee46,4425,2090.1438
1784900441257,XRP,83035b9d3fccee46,4425,1497.9546
1784900441257,XRP,83035b9d3fccee46,4425,5003.0154
1784900441257,XRP,83035b9d3fccee46,4425,500.4108
1784900441257,XRP,83035b9d3fccee46,4425,49.1625
1784900441257,XRP,83035b9d3fccee46,4425,4881.29
1784900441257,BTC,0a060c2ab1a005c4,4426,12.8452
1784900441257,BTC,529c976a6ad5d5e5,4427,12.20294
1784900441257,BTC,8cd9f34e1ec8fb6d,4428,955.68288
1784900441257,BTC,33001d9087b5ad85,4429,1152.8567
1784900441257,BTC,84fd315c883f2948,4430,689.78724
1784900441257,BTC,9bcfa31df65f4261,4431,336.54424
1784900441257,BTC,9bcfa31df65f4261,4431,281.95214
1784900441257,BTC,64ee1a6710f1a740,4432,680.7956
1784900443878,BTC,cdbeaeaf84cc6a83,4433,102.12888
1784900443878,BTC,ef5f2b31c4e12f9d,4434,1034.77752
1784900443878,BTC,062a8a6e431d537a,4435,3593.7804
1784900443878,BTC,f646cd7ed0d5f3f3,4436,396.95376
1784900443878,BTC,4e04ad9781a0fac1,4437,48.174
1784900443878,BTC,5c0ae197619f6686,4438,3227.658
1784900446149,xyz:CRWV,7fb28142bb28fe16,4439,18.3696
1784900446149,xyz:CRWV,7fb28142bb28fe16,4439,440.67456
1784900446887,BTC,8837f7013b5de996,4440,429.00964
1784900446887,BTC,8ad54fb1f6831f1b,4441,386.62246
1784900446887,BTC,a1f02b486519f215,4442,168.26426
1784900446887,BTC,c02e689ad2f63d53,4443,4248.99368
1784900446887,BTC,a4160d042980058b,4444,384.05354
1784900446887,BTC,aa7d6c017a20ef86,4445,17.98244
1784900446887,BTC,9e5a83071d9bcb28,4446,188.17339
1784900446887,BTC,98eba68311094349,4447,4100.63855
1784900446887,BTC,b0e93ad5574d404d,4448,11.56014
1784900446887,BTC,c316b874cf6060c8,4449,1439.23743
1784900446887,BTC,ee8c226a9fece906,4450,19063.31309
1784900446887,BTC,ee8c226a9fece906,4450,31553.40213
1784900446887,BTC,ec6903447c3232c6,4451,0.64223
1784900446887,BTC,e30dcb66091fa43a,4452,2444.96961
1784900446887,BTC,7c7a38eedd32a85c,4453,716.72868
1784900446887,BTC,828450213633c9b6,4454,317.26162
1784900446887,BTC,828450213633c9b6,4454,204.22914
1784900446887,BTC,fcfa549b131b714e,4455,42.38718
1784900446887,BTC,545425ba9ebb0ab0,4456,21837.10446
1784900450801,BTC,545425ba9ebb0ab0,4456,87349.62664
1784900446887,BTC,fc6cfa9d82dd6957,4457,377.63124
1784900446887,BTC,ac3bf99bee5c148c,4458,4111.55646
1784900446887,BTC,70286255cb19b5eb,4459,105.32572
1784900446887,XRP,d92cdcecc4c9b6fd,4460,16.3875
1784900446887,BTC,6ad6f0ce859ab0be,4461,2149.54381
1784900446887,BTC,f1ef934388b2decd,4462,299.27918
1784900446887,BTC,efd7224205a9ac73,4463,627.45871
1784900446887,BTC,5afaac3fe8f0a940,4464,416.80727
1784900446887,BTC,1e0f0eed718b5a27,4465,1782.18825
1784900446887,BTC,40bd155f49044480,4466,93.76558
1784900446887,BTC,6f8e8309b4ec38fa,4467,292.21465
1784900446887,XRP,b2579d8fb3055b24,4468,175.8925
1784900446887,BTC,f44467acd529a772,4469,244.68963
1784900446887,BTC,dc8d9769f6d6d21e,4470,416.80727
1784900449066,xyz:SMH,97c9ff05dd85cabf,4471,76.9176
1784900449066,xyz:SMH,97c9ff05dd85cabf,4471,125.91475
1784900449066,xyz:MU,7fb9d0bdd0453bd5,4472,961.12737
1784900449066,xyz:SNDK,7fb9d0bdd0453bd5,4473,926.28
1784900449066,xyz:SKHX,7fb9d0bdd0453bd5,4474,2275.1326
1784900449066,xyz:HOOD,f5e767b1b76e8c69,4475,0.095849
1784900450801,BTC,cf02461c508c00c7,4476,434.78294
1784900450801,BTC,fa84f9004a33a1ac,4477,341.01882
1784900450801,BTC,367d3013adec0ea6,4478,8894.10478
1784900450801,BTC,63b96b6e40723d40,4479,373.77204
1784900450801,BTC,f147e02d855e4c98,4480,357.71654
1784900450801,BTC,f423b5d146400b19,4481,545.24478
1784900450801,BTC,809dc83e01ab523a,4482,671.76212
1784900450801,BTC,054c67890323a561,4483,444.41624
1784900450801,BTC,23d389ceaeb530f1,4484,384.68978
1784900450801,BTC,bca1e194c869b801,4485,106.60852
1784900450801,BTC,b4bbbfb781aeb19c,4486,3505.23676
1784900450801,BTC,61bcb175cbfe6dd6,4487,67.4331
1784900450801,BTC,367195519c746333,4488,96.97522
1784900450801,BTC,b7b31f9396f37acb,4489,579.92466
1784900455178,xyz:NBIS,d2d890b4dd8ab2a0,4490,2983.4994
1784900455178,xyz:NBIS,d2d890b4dd8ab2a0,4490,1200.0436
1784900455178,xyz:NBIS,d2d890b4dd8ab2a0,4490,3033.036
1784900455178,xyz:NBIS,d2d890b4dd8ab2a0,4490,452.4808
1784900455178,xyz:NBIS,d2d890b4dd8ab2a0,4490,2710.2112
1784900458207,xyz:HOOD,77fcaa37b8d1269a,4491,9.464499
1784900458207,xyz:HOOD,3dc1684c9ab7cbae,4492,5.258055
1784900458207,xyz:HOOD,12bc5d3f341ba85b,4493,12.714933
1784900458207,xyz:HOOD,ffb1b8cf702c467e,4494,0.095601
1784900461124,xyz:CRCL,d12e7fa3231e2f3f,4495,90.7465
1784900461124,xyz:CRCL,d12e7fa3231e2f3f,4495,86.311134
1784900461124,xyz:CRCL,55013c2d436a602c,4496,226.39981
1784900461124,xyz:CRCL,55013c2d436a602c,4496,568.128451
1784900461124,xyz:DRAM,e362e4e842a9704c,4497,110.312
1784900461124,xyz:COIN,786d270e10c91c45,4498,491.12082
1784900464112,xyz:HOOD,611d4c94f048ce3f,4499,30.08061
1784900464112,xyz:DRAM,9174b2985b6089d4,4500,484.9856
1784900464112,xyz:HOOD,e3c5343f11a8656c,4501,74.867296
1784900464112,xyz:COIN,8e660026523a4a52,4502,1560.3
1784900464112,xyz:DRAM,3ad10d90d06c7693,4503,22.0448
1784900464112,xyz:MSTR,8cd71f8ebd597905,4504,474.952576
1784900467082,xyz:ORCL,008953a709697ff3,4505,28.73925
1784900473167,xyz:INTC,03383e4e1f38a442,4506,8751.07206
1784900473167,xyz:INTC,2a629035cb0c523a,4507,945.74628
1784900476120,xyz:HOOD,855cc45e7265236f,4508,11930.5
1784900476120,xyz:HOOD,855cc45e7265236f,4508,6005.082674
1784900485200,xyz:DRAM,af5fc7659ee56b95,4509,2228.5935
1784900485200,xyz:DRAM,70524eed0f6a6ffc,4510,3945.4359
1784900488036,BTC,8fa906f66a150bd6,4511,1484.77128
1784900494091,xyz:INTC,af6e39598ae0ad76,4512,148.73283
1784900494091,xyz:INTC,af6e39598ae0ad76,4512,823.31788
1784900494091,xyz:DRAM,65f455c3cc8f29ba,4513,110.028
1784900497115,xyz:INTC,fd8a30697052b17c,4514,1097.5224
1784900497115,xyz:INTC,fd8a30697052b17c,4514,2921.81418
1784900497115,xyz:INTC,fd8a30697052b17c,4514,709.27468
1784900497115,xyz:INTC,5ffb842bd0b100b9,4515,532.68372
1784900497115,xyz:INTC,29e7b93ce95317a1,4516,75.68184
1784900497115,xyz:INTC,06dba9804bfe7ffc,4517,4741.75836
1784900500141,xyz:DRAM,6d710919fb694eaf,4518,110.0
1784900500141,xyz:DRAM,ab85f2143501bbbe,4519,165.0
1784900500141,xyz:DRAM,ab85f2143501bbbe,4519,16.5
1784900500141,xyz:DRAM,ab85f2143501bbbe,4519,550.0
1784900500141,xyz:DRAM,ab85f2143501bbbe,4519,2750.0
1784900500141,xyz:DRAM,ab85f2143501bbbe,4519,335.5
1784900500141,xyz:DRAM,ab85f2143501bbbe,4519,187.0
1784900500141,xyz:DRAM,ab85f2143501bbbe,4519,16.5
1784900500141,xyz:DRAM,ab85f2143501bbbe,4519,11.0
1784900500141,xyz:DRAM,ab85f2143501bbbe,4519,93.5
1784900500141,xyz:DRAM,7c3f6d48963395bc,4520,38.5
1784900500141,xyz:DRAM,7c3f6d48963395bc,4520,16.5
1784900500141,xyz:DRAM,7c3f6d48963395bc,4520,4999.5
1784900500141,xyz:DRAM,7c3f6d48963395bc,4520,445.5
1784900500141,xyz:DRAM,25c8b6e67e5bff78,4521,957.0
1784900500141,xyz:MU,07c6243653b4b697,4522,192.18416
1784900503156,xyz:DRAM,5a74271fd437159f,4523,197.9532
1784900503156,xyz:SPCX,97330093be392ba2,4524,177.7385
1784900503156,xyz:ORCL,49b345e339aa04f6,4525,92.9214
1784900503156,xyz:ORCL,49b345e339aa04f6,4525,111.9728
1784900512117,xyz:NBIS,dfaaf0a556754178,4526,16.5336
1784900512117,xyz:NBIS,1e1d24d231c6e626,4527,20.667
1784900512117,xyz:NBIS,c947e54e10610df5,4528,520.8084
1784900512117,xyz:INTC,62b0232d72c963aa,4529,19558.89474
1784900512117,xyz:INTC,b4797152683bb143,4530,10857.54249
1784900512117,xyz:INTC,b4797152683bb143,4530,9295.66188
1784900512117,xyz:INTC,b4797152683bb143,4530,1873.8502
1784900512117,xyz:INTC,b4797152683bb143,4530,6413.5504
1784900512117,xyz:DRAM,185ecb684c8d7c43,4531,1872.9425
1784900512117,xyz:MU,0e2dd6e41dc84514,4532,2383.37861
1784900512117,xyz:DRAM,5d3c46813a5d2d42,4533,1109.485
1784900512117,xyz:DRAM,5d3c46813a5d2d42,4533,5705.7724
1784900515139,xyz:DRAM,d5c3f30db860f5cc,4534,49.3938
1784900515139,xyz:DRAM,59f90b2fa90c58a2,4535,883.6002
1784900515139,xyz:DRAM,59f90b2fa90c58a2,4535,21.9492
1784900515139,xyz:DRAM,59f90b2fa90c58a2,4535,175.5584
1784900515139,xyz:DRAM,59f90b2fa90c58a2,4535,170.0629
1784900515139,xyz:DRAM,59f90b2fa90c58a2,4535,3549.2479
1784900515139,xyz:INTC,1bccc2a213b509aa,4536,201.64976
1784900524138,xyz:SPCX,7b5a9c7c495852f3,4537,11.457
1784900527168,xyz:ORCL,dfa615e8ae4b0744,4538,947.07888
1784900527168,xyz:SKHX,28ec7432096e46cb,4539,2304.3834
1784900527168,xyz:SKHX,28ec7432096e46cb,4539,2209.3536
1784900530148,xyz:SPCX,54536e16ad88f596,4540,24414.0282
1784900530148,xyz:SPCX,eab8e602ae83f8d4,4541,123.4764
1784900530148,xyz:SPCX,9764cb76bd7f6682,4542,472.1829
1784900530148,xyz:SPCX,59a9acfc350d0691,4543,12321.3441
1784900530148,xyz:SPCX,59a9acfc350d0691,4543,24999.3978
1784900530148,xyz:SPCX,59a9acfc350d0691,4543,26816.1015
1784900533095,xyz:SPCX,1738ae650a42e74e,4544,3391.0705
1784900542128,xyz:ORCL,8cee098fc418bf0b,4545,664.71328
1784900542128,xyz:ORCL,8cee098fc418bf0b,4545,2695.07313
1784900542128,xyz:NOK,7919c373e48383f6,4546,123.318
1784900542128,xyz:NOK,7919c373e48383f6,4546,199.761852
1784900542128,xyz:NOK,7919c373e48383f6,4546,5230.91547
1784900542128,xyz:NOK,7919c373e48383f6,4546,929.51
1784900542128,xyz:NOK,7919c373e48383f6,4546,7323.981094
1784900542128,xyz:NOK,7919c373e48383f6,4546,19798.597782
1784900542128,xyz:NOK,7919c373e48383f6,4546,10461.94473
1784900542128,xyz:NOK,7919c373e48383f6,4546,74.698032
1784900542128,xyz:NOK,7919c373e48383f6,4546,5613.687176
1784900542128,xyz:DRAM,01aaf92637257a25,4547,21.928
1784900542128,xyz:BOT,99755bb671a17ca5,4548,60.09024
1784900542128,xyz:BOT,99755bb671a17ca5,4548,98.28
1784900542128,xyz:BOT,99755bb671a17ca5,4548,17.38317
1784900542128,xyz:MU,84b02386a4d011a0,4549,480.49091
1784900542128,xyz:EWY,90cc71596a1036a4,4550,6.15014
1784900542128,xyz:DRAM,94f97c40a8b60726,4551,1463.694
1784900542128,xyz:DRAM,94f97c40a8b60726,4551,1485.5949
1784900542128,xyz:DRAM,94f97c40a8b60726,4551,531.7346
1784900542128,xyz:MRVL,4f7d43acf7bafb26,4552,7908.084
1784900542128,xyz:ORCL,52634b452f41513f,4553,388.06299
1784900542128,xyz:SNDK,970b076b6cc05fc1,4554,387.8072
1784900545022,xyz:MU,c1a0d5b3744e20c5,4555,55.66473
1784900545022,xyz:MRVL,d2d890b4dd8ab2a0,4556,7993.6
1784900545022,xyz:SKHX,206187c3c980d111,4557,1250.69
1784900545022,xyz:ORCL,3ea8094efcdc1620,4558,517.60709
1784900548067,xyz:BOT,0f5f16df9e244908,4559,19.00076
1784900548067,xyz:BOT,20ab90a65b96452b,4560,58.75235
1784900548067,xyz:BOT,20ab90a65b96452b,4560,104.75
1784900548067,xyz:BOT,20ab90a65b96452b,4560,241.0
1784900548067,xyz:SKHX,77d132a325448819,4561,565.44
1784900548067,xyz:SKHX,77d132a325448819,4561,5.9515
1784900551136,xyz:BOT,89a15ef8862f86c8,4562,346.0
1784900557119,xyz:SKHX,5e96846941c0a3d5,4563,1710.4752
1784900557119,xyz:SKHX,a079bd2f078e4fe9,4564,245.7168
1784900566047,xyz:NOK,0ec75a028a5484c8,4565,31.206336
1784900590067,xyz:SPCX,21bb17f5df63defc,4566,208.208
1784900590067,xyz:SPCX,b357d1755d5ac672,4567,607.464
1784900590067,xyz:SPCX,7fef9ca9ad54c792,4568,227.656
1784900593111,xyz:SPCX,ea3b38a8463ea12b,4569,496.4526
1784900593111,xyz:ORCL,657be4f07d5ccbd2,4570,603.31828
1784900593111,xyz:ORCL,657be4f07d5ccbd2,4570,2505.4656
1784900605051,xyz:SPCX,9af8ebcf12445f88,4571,20.5542
1784900605051,xyz:SPCX,4f85e5c7aa6365e5,4572,107.3386
1784900605051,xyz:SPCX,a3a814cada9ea6fe,4573,6713.2301
1784900620111,xyz:SPCX,e68bef2259893ea5,4574,109.6128
1784900620111,xyz:SPCX,e68bef2259893ea5,4574,504.6314
1784900620111,xyz:SPCX,e68bef2259893ea5,4574,57.085
1784900620111,xyz:SPCX,e68bef2259893ea5,4574,49.0888
1784900620111,xyz:SPCX,e68bef2259893ea5,4574,7857.6328
1784900674050,xyz:TSLA,13c0f1d07aaf37c1,4575,775.2606
1784900734264,xyz:ORCL,141ae220427cd4ec,4576,71.4555
1784900746126,xyz:BE,85773e3c2345a6e1,4577,488.6594
1784900755025,xyz:ORCL,55013c2d436a602c,4578,233.05
1784900755025,xyz:ORCL,eef196f66e793e87,4579,118.0
1784900755025,xyz:ORCL,4fa58b9644e97cc0,4580,19.47
1784900755025,xyz:ORCL,4fa58b9644e97cc0,4580,182.9
1784900755025,xyz:ORCL,f20c42d416862c47,4581,2021.104
1784900755025,xyz:ORCL,f20c42d416862c47,4581,43.66
1784900755025,xyz:ORCL,f20c42d416862c47,4581,10.974
1784900755025,xyz:ORCL,f20c42d416862c47,4581,19.588
1784900755025,xyz:ORCL,f20c42d416862c47,4581,120.36
1784900755025,xyz:ORCL,f20c42d416862c47,4581,23.6
1784900755025,xyz:ORCL,f20c42d416862c47,4581,3261.2436
1784900767108,xyz:ORCL,8bae0c7d8594cca3,4582,14.25743
1784900767108,xyz:ORCL,58a3b8e458c9be9e,4583,1672.95034
1784900770170,xyz:ORCL,c9ef6ded7c1be030,4584,465.11448
1784900770170,xyz:ORCL,ed69ae80088a413e,4585,11.784
1784900776050,xyz:LITE,be0e0429c6a0b616,4586,431.14405
1784900776050,xyz:LITE,be0e0429c6a0b616,4586,3372.41667
1784900776050,xyz:MRVL,f1c9558df925aea6,4587,12499.0691
1784900776050,xyz:MRVL,f1c9558df925aea6,4587,6074.9108
1784900791136,xyz:NOK,29e7b93ce95317a1,4588,3.62154
1784900830130,xyz:NBIS,0406a8f2411c4e72,4589,3003.357
1784900830130,xyz:NBIS,0406a8f2411c4e72,4589,898.964
1784900830130,xyz:NBIS,0406a8f2411c4e72,4589,1611.2958
1784900845167,xyz:CBRS,c3a0073bbeda09e0,4590,93.6882
1784900887105,xyz:NBIS,99ca45abe7e034e9,4591,187.5788
1784900896167,xyz:LITE,b48204cc4c3465c0,4592,4017.4316
1784900896167,xyz:LITE,b48204cc4c3465c0,4592,999.75627
1784900896167,xyz:LITE,b48204cc4c3465c0,4592,492.39375
1784900896167,xyz:LITE,b48204cc4c3465c0,4592,8035.764
1784900896167,xyz:LITE,b48204cc4c3465c0,4592,5624.2494
1784900896167,xyz:LITE,b48204cc4c3465c0,4592,1009.05651
1784900896167,xyz:LITE,b48204cc4c3465c0,4592,11249.9314
1784900896167,xyz:LITE,b48204cc4c3465c0,4592,6256.8464
1784900896167,xyz:LITE,b48204cc4c3465c0,4592,3876.66558
1784900896167,xyz:LITE,b48204cc4c3465c0,4592,37.79664
1784900896167,xyz:LITE,b48204cc4c3465c0,4592,3876.56672
1784900896167,xyz:LITE,b48204cc4c3465c0,4592,26425.9683
1784900896167,xyz:LITE,b48204cc4c3465c0,4592,3778.464
1784900917197,xyz:SKHX,b1df1af4222db579,4593,300.636
1784900917197,xyz:SKHX,b1df1af4222db579,4593,7505.163
1784900917197,xyz:SKHX,b1df1af4222db579,4593,2385.8
1784900917197,xyz:SKHX,b1df1af4222db579,4593,295.8392
1784900917197,xyz:SKHX,b1df1af4222db579,4593,2327.1528
1784900917197,xyz:SKHX,b1df1af4222db579,4593,300.5856
1784900917197,xyz:SKHX,b1df1af4222db579,4593,9950.3376
1784900917197,xyz:SKHX,b1df1af4222db579,4593,8175.4512
1784900917197,xyz:SKHX,b1df1af4222db579,4593,295.7896
1784900917197,xyz:SKHX,b1df1af4222db579,4593,6949.8629
1784900917197,xyz:SKHX,b1df1af4222db579,4593,564.1471
1784900917197,xyz:SKHX,b1df1af4222db579,4593,11758.8293
1784900917197,xyz:SKHX,b1df1af4222db579,4593,11978.2861
1784900917197,xyz:SKHX,b1df1af4222db579,4593,8014.944
1784900917197,xyz:SKHX,b1df1af4222db579,4593,300.5352
1784900917197,xyz:SKHX,b1df1af4222db579,4593,564.0998
1784900917197,xyz:SKHX,b1df1af4222db579,4593,11757.8434
1784900917197,xyz:SKHX,b1df1af4222db579,4593,35.775
1784900917197,xyz:SKHX,b1df1af4222db579,4593,4789.08
1784900923092,xyz:AMD,32cb0bdf21411ad2,4594,8407.4045
1784900926105,xyz:LITE,c3a0073bbeda09e0,4595,94.4424
1784900926105,xyz:AMD,06725541d8556426,4596,4818.10826
1784900926105,xyz:AMD,06725541d8556426,4596,2039.49
1784900989119,xyz:BIRD,1445d87aa9932eb7,4597,89.04272
1784900989119,xyz:BIRD,1445d87aa9932eb7,4597,270.81498
1784901018785,BTC,bdf322585064b005,4598,565.0216
1784901018785,BTC,bdf322585064b005,4598,2196.52147
1784901018785,BTC,f4c38df06c92e07b,4599,1028.59614
1784901018785,BTC,761310b2c24c5f8e,4600,760.21088
1784901018785,BTC,be0a61dc0f474c1a,4601,163.08578
1784901018785,BTC,e7bf1433ad4d9a72,4602,640.78586
1784901018785,BTC,aabd00ed5e7e1b30,4603,3660.44107
1784901018785,BTC,05824847ac5defae,4604,73.19598
1784901018785,BTC,3b83a1dae481ee45,4605,157.30715
1784901018785,BTC,d86fe545f0caa2f5,4606,11.55726
1784901018785,BTC,8f7f407a04ec4dbb,4607,195.83135
1784901018785,BTC,edab2b840d6b78fc,4608,83775.36739
1784901018785,BTC,59bc6fbb4461a4ca,4609,134.19263
1784901018785,BTC,cb06aa24135dea8f,4610,806.43992
1784901018785,BTC,58534c35c3c7ad3d,4611,1685.43375
1784901018785,BTC,37eff24cfa531a95,4612,1130.0432
1784901018785,BTC,69164baf810573cd,4613,11.55726
1784901018785,BTC,7bc37b7d6a665d3f,4614,2208.07873
1784901018785,BTC,037474d9ae84a4ba,4615,778.83091
1784901018785,BTC,910d21cca6f92a2e,4616,618.95548
1784901018785,BTC,bca62b3f98634bc2,4617,2433.4453
1784901018785,BTC,5f8ba9968a355b49,4618,2405.19422
1784901018785,BTC,7ac30ab2501c4bd2,4619,326.81363
1784901018785,BTC,79aca45828c79aa6,4620,11.55726
1784901018785,BTC,0d3a9d02e1bce4dc,4621,223.44036
1784901018785,BTC,0f3c5265ff70744f,4622,226.65071
1784901018785,BTC,f55add99ac18b1eb,4623,14448.50121
1784901018785,BTC,f55add99ac18b1eb,4623,159.87294
1784901018785,BTC,f55add99ac18b1eb,4623,75.12102
1784901018785,BTC,f55add99ac18b1eb,4623,559.87632
1784901018785,BTC,6c1918447dbf2ce4,4624,1649.45214
1784901018785,BTC,8396dbaf26575036,4625,234.3519
1784901018785,BTC,24219f12b9e565f4,4626,120.70728
1784901024623,XRP,930265d3614d17f8,4627,243.6052
1784901024623,XRP,abde96f4ae08340f,4628,12.0164
1784901024623,XRP,458fc29ac751a40c,4629,39.3264
1784901025084,xyz:CRWV,c75363e240c33422,4630,10082.08075
1784901025084,xyz:CRWV,c75363e240c33422,4630,4999.9626
1784901025084,xyz:CRWV,c75363e240c33422,4630,5710.3398
1784901025084,xyz:CRWV,c75363e240c33422,4630,1980.10055
1784901025084,xyz:DRAM,8484e16604b42790,4631,2287.0452
1784901025084,xyz:SNDK,06725541d8556426,4632,9675.7171
1784901025084,xyz:SNDK,06725541d8556426,4632,15.21
1784901025084,xyz:SNDK,06725541d8556426,4632,1064.7
1784901028173,xyz:SNDK,96bfdb9119f68fe9,4633,30.368
1784901028173,xyz:DRAM,6f87ba2fd182e5f9,4634,1328.967
1784901028173,xyz:DRAM,6f87ba2fd182e5f9,4634,1558.4655
1784901028173,xyz:DRAM,6f87ba2fd182e5f9,4634,1558.437
1784901028173,xyz:DRAM,6f87ba2fd182e5f9,4634,1350.5713
1784901028173,xyz:DRAM,6f87ba2fd182e5f9,4634,1421.498
1784901028173,xyz:DRAM,6f87ba2fd182e5f9,4634,5128.1398
1784901028173,xyz:LITE,bf4b0378b0446e0e,4635,94.2348
1784901029393,BTC,491158f4148576c8,4636,1580.7271
1784901029393,BTC,c8af9b1f34f64b3b,4637,72.55165
1784901029393,BTC,22ac576b38c367ca,4638,178.4899
1784901029393,BTC,1d73afa5417b3430,4639,401.9233
1784901029393,BTC,3caf1c43cb6d4533,4640,68.69935
1784901029393,BTC,02d748a415990c5e,4641,1356.0096
1784901029393,BTC,eda72a7ceae03e06,4642,618.29415
1784901029393,BTC,5c5bb83a60573125,4643,66.7732
1784901029393,BTC,f17df7bb5299e992,4644,9409.24275
1784901029393,BTC,f17df7bb5299e992,4644,32.1025
1784901029393,BTC,f17df7bb5299e992,4644,119.4213
1784901029393,BTC,f17df7bb5299e992,4644,219.5811
1784901029393,BTC,f17df7bb5299e992,4644,194.54115
1784901029393,BTC,f17df7bb5299e992,4644,10.2728
1784901029393,BTC,f17df7bb5299e992,4644,16.051
1784901029393,BTC,f17df7bb5299e992,4644,4806.95348
1784901029393,BTC,7b387d50e7c905c5,4645,1031.75828
1784901029393,BTC,cba145d0a8d092d5,4646,358.90036
1784901029393,BTC,9e8925bda346ec5d,4647,204.16872
1784901029393,BTC,285b9fe13e13735b,4648,11.55672
1784901029393,BTC,16e83b300bddec33,4649,16523.54144
1784901029393,BTC,4002914e796d5f33,4650,2462.2234
1784901029393,BTC,c3b30e207b7c6c75,4651,206.73688
1784901029393,BTC,e253fb1690eb6762,4652,6060.8576
1784901029393,BTC,27e5ae6a2eddddd8,4653,91.16968
1784901029393,BTC,186098258423fce8,4654,789.06716
1784901029393,BTC,2f9e35f5e85ceab0,4655,622.7788
1784901029393,BTC,035952f6f7d6da70,4656,921.3274
1784901029393,BTC,258176ef1b0ba911,4657,4797.96492
1784901029393,BTC,daf013b21c51ac85,4658,53.93136
1784901029393,BTC,41bfaf4c40876d88,4659,2943.7534
1784901029393,BTC,41bfaf4c40876d88,4659,9615.19104
1784901029393,BTC,41bfaf4c40876d88,4659,64.204
1784901029393,BTC,41bfaf4c40876d88,4659,2101.39692
1784901029393,BTC,41bfaf4c40876d88,4659,64.204
1784901029393,BTC,41bfaf4c40876d88,4659,3210.15
1784901029393,BTC,41bfaf4c40876d88,4659,8333.5494
1784901030817,BTC,41bfaf4c40876d88,4659,84633.48909
1784901030817,BTC,41bfaf4c40876d88,4659,11820.48822
1784901030817,BTC,41bfaf4c40876d88,4659,801.59571
1784901030817,BTC,41bfaf4c40876d88,4659,268.90582
1784901030817,BTC,41bfaf4c40876d88,4659,7766.82156
1784901029393,BTC,5a553f0be90c8813,4660,11.55654
1784901029393,BTC,6ebad68a4994ed6e,4661,2558.48955
1784901029393,BTC,dbfc29513e185764,4662,396.13251
1784901029393,BTC,30ac1d5de2483807,4663,5606.84799
1784901029393,BTC,30ac1d5de2483807,4663,5924.01081
1784901029393,BTC,30ac1d5de2483807,4663,192.609
1784901029393,BTC,30ac1d5de2483807,4663,14.76669
1784901029393,BTC,30ac1d5de2483807,4663,9630.45
1784901029393,BTC,30ac1d5de2483807,4663,1488.20236
1784901029393,BTC,30ac1d5de2483807,4663,999.62514
1784901029393,BTC,30ac1d5de2483807,4663,642.0
1784901029393,BTC,30ac1d5de2483807,4663,39.804
1784901029393,BTC,30ac1d5de2483807,4663,50.718
1784901029393,BTC,30ac1d5de2483807,4663,69.978
1784901029393,BTC,30ac1d5de2483807,4663,69.978
1784901029393,BTC,30ac1d5de2483807,4663,29.532
1784901029393,BTC,30ac1d5de2483807,4663,19.902
1784901029393,BTC,30ac1d5de2483807,4663,16.692
1784901029393,BTC,30ac1d5de2483807,4663,16.05
1784901029393,BTC,30ac1d5de2483807,4663,14.766
1784901029393,BTC,30ac1d5de2483807,4663,160.5
1784901029393,BTC,30ac1d5de2483807,4663,642.0
1784901029393,BTC,30ac1d5de2483807,4663,21.828
1784901029393,BTC,30ac1d5de2483807,4663,132.894
1784901029393,BTC,30ac1d5de2483807,4663,44.298
1784901029393,BTC,30ac1d5de2483807,4663,13958.364
1784901029393,BTC,4c303c6324aabf35,4664,47.508
1784901029393,BTC,d9948eee6c6fa691,4665,357.594
1784901029393,BTC,05ba7818f8e74fa7,4666,83.46
1784901029393,BTC,cd54a40dab376afb,4667,521.304
1784901029393,BTC,bcb306f94424e954,4668,72.546
1784901029393,BTC,1052fb807409f3e9,4669,12.84
1784901029393,BTC,f9a462161c34f834,4670,654.198
1784901029393,BTC,d625d44797259296,4671,1435.512
1784901030817,BTC,2036795bf05729a6,4672,2028.1196
1784901030817,BTC,6559e42a697e6261,4673,17.97068
1784901030817,BTC,f647b55222eb12c4,4674,11.55258
1784901030817,BTC,98802f1b25009080,4675,85.36073
1784901030817,BTC,b3da82e58952a781,4676,4096.03142
1784901030817,ENA,d4b8723c91ee9960,4677,23.646975
1784901030817,BTC,901cf71038a45822,4678,11.55258
1784901030817,BTC,89de524b48532e5f,4679,790.06811
1784901030817,BTC,9036bea9868555df,4680,514.08981
1784901030817,BTC,d1122df36d623a99,4681,253.51495
1784901030817,BTC,2fda472bafd6eb3b,4682,526.2842
1784901030817,BTC,07b7fb67d5a55a5a,4683,37200.59122
1784901030817,BTC,07b7fb67d5a55a5a,4683,11820.85658
1784901030817,BTC,07b7fb67d5a55a5a,4683,19.8958
1784901030817,BTC,07b7fb67d5a55a5a,4683,780.4288
1784901030817,BTC,27fda6aac803d2fd,4684,44.926
1784901030817,BTC,35ac41e022777030,4685,2062.7452
1784901030817,BTC,35ac41e022777030,4685,499.9622
1784901030817,BTC,35ac41e022777030,4685,39.7916
1784901030817,BTC,35ac41e022777030,4685,1469.722
1784901030817,BTC,35ac41e022777030,4685,12683.8934
1784901030817,BTC,5c9b78680709190f,4686,815.086
1784901030817,BTC,9cb6af4717fc3fb7,4687,121.942
1784901030817,BTC,dead5db2911b8e9c,4688,66.1054
1784901030817,BTC,0c80bab89cdc1270,4689,483.2754
1784901030817,BTC,94fe3cf89163eecb,4690,38.508
1784901030817,BTC,5dbc5763e25b40c0,4691,11.5524
1784901030817,BTC,3b9d9456b11f9776,4692,1.2836
1784901030817,BTC,e2598cbe83d9fa54,4693,15474.4398
1784901030817,BTC,e2598cbe83d9fa54,4693,28809.7602
1784901030817,ETH,e2598cbe83d9fa54,4694,9143.328
1784901030817,ETH,e2598cbe83d9fa54,4694,4390.04792
1784901030817,BTC,9191fa48c1f10f0e,4695,438.9912
1784901030817,XRP,e7adba119c9b6503,4696,27.2825
1784901030817,XRP,e7adba119c9b6503,4696,1903.2272
1784901030817,BTC,c963a16c8a57d4fd,4697,56337.204
1784901030817,XRP,c720c3743a688050,4698,12.0043
1784901030817,BTC,a79e85b2bc7d0545,4699,78.2996
1784901030817,BTC,fe052cda09e9ed89,4700,21603.6298
1784901232903,BTC,fe052cda09e9ed89,4701,15996.47776
1784901232903,BTC,fe052cda09e9ed89,4701,7898.12896
1784901232903,BTC,fe052cda09e9ed89,4701,1124.55744
1784901232903,BTC,fe052cda09e9ed89,4701,61110.54944
1784901030817,BTC,41bfd29b94d94e55,4702,89.2102
1784901030817,BTC,f124757451be2e21,4703,12.836
1784901030817,BTC,c58dd526c6ee2191,4704,11.5524
1784901030817,BTC,77a340b33e8a41f7,4705,885.684
1784901030817,BTC,ada60a8b0bb42dfe,4706,243.2422
1784901030817,BTC,b4e1a8cfb5cabd16,4707,738.7118
1784901030817,BTC,3a0ace9c0259f8b2,4708,295.228
1784901030817,BTC,9de8d45c09fa2560,4709,3190.3878
1784901030817,BTC,33051bd4ef708d5e,4710,1583.9624
1784901030817,BTC,5b4bf3c6e60987ad,4711,1120.5828
1784901030817,BTC,f24ebfbf1e0cdd2d,4712,102.688
1784901030817,XRP,a93365026df8aee0,4713,137.5038
1784901030817,BTC,45f9f795acfc9335,4714,9627.0
1784901030817,BTC,0fdac3805b4c0bf2,4715,54755.167
1784901030817,BTC,3977618547891801,4716,37.2244
1784901030817,BTC,8ac06f847cc9bcf1,4717,219.4956
1784901030817,BTC,3e8b870129276e2f,4718,19734.0664
1784901030817,BTC,3e8b870129276e2f,4718,19254.0
1784901030817,BTC,3e8b870129276e2f,4718,1170.6432
1784901030817,BTC,e4a80d1e4605119b,4719,317.691
1784901030817,BTC,056b87bde2e6d17b,4720,17.3286
1784901030817,BTC,e162accc93a657aa,4721,992.2228
1784901030817,BTC,575fd8bc4b5ac1fa,4722,2478.6316
1784901030817,XRP,f050a99867b6f804,4723,803.1968
1784901030817,BTC,47b929dde3c80b8f,4724,324.7508
1784901030817,BTC,dba4f9e3d9f3f4d9,4725,65241.5372
1784901030817,BTC,277b5c785e86081f,4726,1468.4384
1784901030817,BTC,3d7df8d89f16b250,4727,592.3814
1784901030817,BTC,fca45d40d1120ba9,4728,6729.273
1784901030817,BTC,7c4227ad60f9baef,4729,14063.1216
1784901030817,BTC,0e8c2ef7ab784e8e,4730,24772.8382
1784901030817,BTC,0e8c2ef7ab784e8e,4730,385.08
1784901030817,BTC,0e8c2ef7ab784e8e,4730,199.5998
1784901030817,BTC,0e8c2ef7ab784e8e,4730,29.52234
1784901030817,BTC,0e8c2ef7ab784e8e,4730,1546.7139
1784901030817,BTC,0e8c2ef7ab784e8e,4730,192.537
1784901030817,BTC,0e8c2ef7ab784e8e,4730,4715.23113
1784901030817,BTC,0e8c2ef7ab784e8e,4730,15379.85556
1784901030817,BTC,fc372160ffd183ff,4731,78.29838
1784901030817,BTC,4079b7e2b29c6dcc,4732,3899.45528
1784901030817,BTC,9afdaaab13a77861,4733,1189.21834
1784901030817,BTC,9b3f1b64375890da,4734,41.07392
1784901030817,XRP,8d2d85ed6107e673,4735,3254.2566
1784901030817,BTC,f523778f5b5d107c,4736,277.89074
1784901030817,BTC,bcff4efbf8cb055e,4737,189.96688
1784901030817,BTC,59a7c591d002ee75,4738,368.38172
1784901030817,BTC,b1ea895253019c23,4739,32820.6292
1784901030817,BTC,f980662fa498c379,4740,2167.29106
1784901030817,BTC,f980662fa498c379,4740,4582.95098
1784901030817,BTC,7727306972dc25f1,4741,18.61162
1784901030817,BTC,dd06ccd047166b24,4742,11.55204
1784901030817,BTC,e56bf1859458baf9,4743,11.55204
1784901030817,BTC,d0ff8aeb84a6491b,4744,116.16218
1784901030817,BTC,81b00799d4921de0,4745,118.7293
1784901030817,XRP,b60476dabe67722d,4746,84.0301
1784901030817,BTC,d5f1e8668f7a299d,4747,589.79582
1784901030817,BTC,180f0f3defa4fcb0,4748,463.36516
1784901030817,BTC,e836885f7f7d73c4,4749,1333.61884
1784901030817,XRP,eaf535dd98de8450,4750,3422.3168
1784901030817,BTC,60bbddd37782e0ac,4751,53.26774
1784901030817,BTC,bad89915ab01c565,4752,1458.12416
1784901030817,BTC,bad89915ab01c565,4752,77.65538
1784901030817,BTC,bad89915ab01c565,4752,16.0445
1784901030817,BTC,bad89915ab01c565,4752,82.14656
1784901030817,BTC,bad89915ab01c565,4752,93.05665
1784901030817,BTC,bad89915ab01c565,4752,318.31792
1784901030817,BTC,bad89915ab01c565,4752,872.8072
1784901030817,BTC,aec6690ff5e4ff91,4753,466.56679
1784901030817,BTC,842a2e4f92c813a2,4754,5646.93423
1784901030817,BTC,c5691f1f24320cd2,4755,140.54763
1784901030817,BTC,b5e918817aefd46e,4756,26.95434
1784901031210,xyz:MU,f9abe9a38bb84fc5,4757,97.04351
1784901031210,xyz:DRAM,bd8b0f5286e29407,4758,16.3896
1784901031210,xyz:HIMS,bd579e2d2c43c70b,4759,15.19056
1784901031210,xyz:LITE,0913fc4ee579c066,4760,831.2935
1784901031210,xyz:MU,c6dfabe2d90cd234,4761,472.96934
1784901031210,xyz:DRAM,8a34d04007f92d24,4762,1251.0728
1784901031210,xyz:DRAM,8a34d04007f92d24,4762,699.2768
1784901031210,xyz:XYZ100,94f09c5d16a0d362,4763,59.3523
1784901034033,BTC,bf11ebde99a7c7c4,4764,898.03209
1784901034033,BTC,1736b65bde55883d,4765,420.45105
1784901034033,BTC,7cf2e6c5bac77ca0,4766,5579.48172
1784901034033,BTC,dcfd3bba8960ff40,4767,395.41656
1784901034033,BTC,ba51b37c53db7802,4768,156.62604
1784901034033,BTC,bd3d58aea484582b,4769,25.03449
1784901034033,BTC,564f30441f13949f,4770,315.17781
1784901034033,BTC,9f9dfd83d41e3c74,4771,56.48808
1784901034170,xyz:TSLA,6fdd53fc98adcda8,4772,768.79775
1784901034170,xyz:XYZ100,e92276efd33db7a1,4773,952.5979
1784901034170,xyz:AMD,85fe8bac98c69681,4774,134.45376
1784901034170,xyz:AMD,f6c3d8bda0cfb262,4775,46.74369
1784901034170,xyz:NBIS,c46eb16dd0178db1,4776,222.728
1784901034170,xyz:AMD,1527ff52fc9de36c,4777,4741.59588
1784901034170,xyz:AMD,9de704d080e4febb,4778,142.33191
1784901034170,xyz:NBIS,fd3242d0cf6811b3,4779,2528.9752
1784901034170,xyz:NBIS,fd3242d0cf6811b3,4779,3047.5416
1784901034170,xyz:NBIS,fd3242d0cf6811b3,4779,495.782
1784901037195,xyz:NOK,e2726a51c03ca4c9,4780,2071.436088
1784901038402,mkts:USTECH,3438fc8ca4cb4f39,4781,302.4384
1784901038402,mkts:USTECH,3438fc8ca4cb4f39,4781,32876.36856
1784901043103,xyz:CBRS,1a382ac5000e34ea,4782,1489.8618
1784901043103,xyz:CBRS,1a382ac5000e34ea,4782,10557.0124
1784901046128,xyz:RKLB,9af8ebcf12445f88,4783,20.0265
1784901046128,xyz:HIMS,b3c329cb5dbcbad6,4784,173.02157
1784901046128,xyz:HIMS,b3c329cb5dbcbad6,4784,1799.3664
1784901046128,xyz:HIMS,b3c329cb5dbcbad6,4784,4999.74864
1784901046128,xyz:HIMS,b3c329cb5dbcbad6,4784,1000.07608
1784901046128,xyz:HIMS,b3c329cb5dbcbad6,4784,4349.84577
1784901046128,xyz:SKHX,20ab2a6e35e77aed,4785,1361.1042
1784901061765,BTC,eafce1c837b140c7,4786,78.93402
1784901061765,BTC,98b4c2424a05568d,4787,2591.34612
1784901061765,BTC,cc75437cbdc1bef5,4788,429.32406
1784901061765,BTC,4f548c1cd656c2e7,4789,323.43696
1784901061765,BTC,6278278be67f1595,4790,518.52592
1784901061765,BTC,52481e1ff022d7fb,4791,11652.07318
1784901061765,BTC,4da8075288912578,4792,2233.2552
1784901061765,BTC,ef5c3f8bf2936e61,4793,212.41594
1784901061765,BTC,b20c769f305b00b3,4794,5.77566
1784901061765,BTC,d8c4c6bfd9086a1c,4795,459.48584
1784901061765,BTC,646c6e67938e9cfb,4796,3214.47566
1784901061765,BTC,8b0a4d4caccf9b61,4797,5291.78804
1784901061765,BTC,3b55e4652369490b,4798,964.53522
1784901061765,BTC,d460018367ac3580,4799,85.35142
1784901061765,BTC,975dff887e915f66,4800,825.91938
1784901061765,BTC,ef7cb6304c42174b,4801,943.3578
1784901061765,BTC,72b4d3a274c829bb,4802,240.6525
1784901061765,BTC,db6b099feb415965,4803,859.9316
1784901061765,BTC,8281760d7423c552,4804,255.41252
1784901061765,BTC,b64caaa93c8bca86,4805,469.75368
1784901064106,xyz:TSLA,a49b8ea5fa2a9014,4806,389.6394
1784901064106,xyz:TSLA,c75363e240c33422,4807,669.67292
1784901064106,xyz:TSLA,c75363e240c33422,4807,99.14588
1784901064106,xyz:TSLA,c75363e240c33422,4807,316.76
1784901064106,xyz:TSLA,c75363e240c33422,4807,9862.00584
1784901064106,xyz:TSLA,c75363e240c33422,4807,57.015
1784901064106,xyz:TSLA,c75363e240c33422,4807,499.51475
1784901064106,xyz:TSLA,c75363e240c33422,4807,3147.44538
1784901064106,xyz:TSLA,c75363e240c33422,4807,1186.1913
1784901064106,xyz:NBIS,65a37282dcc4a60d,4808,6.051
1784901064106,xyz:TSLA,c3e3fddd346ab670,4809,8675.19186
1784901064106,xyz:TSLA,c3e3fddd346ab670,4809,499.48321
1784901064106,xyz:TSLA,c3e3fddd346ab670,4809,316.72
1784901064106,xyz:TSLA,c3e3fddd346ab670,4809,9613.71888
1784901065167,BTC,a69e1fdde0275371,4810,8629.47778
1784901065167,BTC,cda7386c0b0acb0b,4811,428.04058
1784901065167,BTC,61a66be501ed6c55,4812,202.78984
1784901065167,BTC,b90f6b9ac9ce05b9,4813,137.33236
1784901065167,BTC,40ce7248e6dcad94,4814,53.26442
1784901065167,BTC,b14d230995c947dc,4815,37.22092
1784901065167,BTC,afb16ade3b6614f6,4816,218.83334
1784901065167,BTC,b409483278fa729e,4817,272.7395
1784901065167,BTC,ccce91ac98e03f74,4818,157.2263
1784901065167,BTC,c11354adecf67116,4819,293.91692
1784901065167,BTC,f0a040e3b47aa917,4820,343.97264
1784901065167,BTC,22b1e72378de15a8,4821,1120.47804
1784901065167,BTC,dc8015b8180fdea5,4822,2991.79188
1784901065167,BTC,601a2354873e3bd5,4823,11.55132
1784901065167,BTC,225aa89d25c9365f,4824,85.99316
1784901065167,BTC,f63a1907d3d1491a,4825,817.57676
1784901065167,BTC,0396193925ad4fc4,4826,535.8529
1784901065167,BTC,0396193925ad4fc4,4826,1108.28498
1784901065167,BTC,8a72ac940c0a5b3f,4827,18.61046
1784901065167,BTC,57344f85132beedc,4828,91.12708
1784901065167,BTC,fb6c3e984f9d7443,4829,224.609
1784901065167,BTC,0a007a6342f9a1d4,4830,4172.59348
1784901065167,BTC,17d8d169f68fcae1,4831,5027.39116
1784901065167,BTC,dd53e510ca585ffa,4832,11.55132
1784901065167,BTC,19c3774aa0d1b007,4833,7813.1845
1784901065167,BTC,19c3774aa0d1b007,4833,17965.5113
1784901065167,BTC,19c3774aa0d1b007,4833,7562.9059
1784901065167,BTC,63135b6d7a999c97,4834,609.01126
1784901065167,BTC,d21e3cea08edce59,4835,908.0621
1784901065167,BTC,23f9263065c7e301,4836,790.62368
1784901065167,BTC,376cf17f109ae934,4837,391.4614
1784901065167,BTC,d99a0df72743a4a9,4838,3367.20978
1784901065167,BTC,99ba2753899595bb,4839,580.7747
1784901065167,BTC,08b39c7c73d4217e,4840,270.81428
1784901065167,BTC,8ae9fa356c86bcd5,4841,669.97656
1784901065167,BTC,e4a2896ddd796ccb,4842,53.90616
1784901065167,BTC,6561191c2de872cb,4843,11.55132
1784901067114,xyz:KR200,290cec8eba5b8785,4844,9.23472
1784901067114,xyz:KR200,290cec8eba5b8785,4844,120.03992
1784901067114,xyz:KR200,290cec8eba5b8785,4844,110.7744
1784901067114,xyz:SNDK,c46eb16dd0178db1,4845,463.0698
1784901067114,xyz:ARM,ff165ce89a60634a,4846,13.6845
1784901067114,xyz:USAR,b0bd26c46c191156,4847,9.24021
1784901067114,xyz:TSLA,7ff33729f0f38e15,4848,779.74324
1784901067114,xyz:SNDK,d6c6c0a222c06eca,4849,93.8246
1784901068103,BTC,11c0c71081125101,4850,711.63421
1784901068103,BTC,c956ed1bcc3c996b,4851,850.88094
1784901068103,BTC,8d0f0575d6fd8928,4852,789.92039
1784901068103,BTC,308a936d1b821c3a,4853,158.49743
1784901068103,BTC,0c5d7fa04a12bf55,4854,319.56162
1784901068103,BTC,eb9f1b2c74548ef5,4855,2672.63885
1784901068103,BTC,eb9f1b2c74548ef5,4855,3208.45
1784901068103,BTC,eb9f1b2c74548ef5,4855,3208.45
1784901068103,BTC,eb9f1b2c74548ef5,4855,3208.45
1784901068103,BTC,eb9f1b2c74548ef5,4855,3208.45
1784901068103,BTC,eb9f1b2c74548ef5,4855,3208.45
1784901068103,BTC,eb9f1b2c74548ef5,4855,3208.45
1784901068103,BTC,eb9f1b2c74548ef5,4855,5806.01112
1784901068103,BTC,9086a4bcdf325205,4856,394.63935
1784901068103,BTC,fef8440e8a606ba8,4857,28.87605
1784901068103,BTC,7dee825a6b66bc1d,4858,952.90965
1784901068103,BTC,1087f478a283cdb8,4859,436.99089
1784901068103,BTC,84d5acb03b6d1c72,4860,2381.31159
1784901068103,BTC,84d5acb03b6d1c72,4860,4812.675
1784901068103,BTC,84d5acb03b6d1c72,4860,14939.18489
1784901068103,BTC,84d5acb03b6d1c72,4860,2377.46145
1784901070215,xyz:XYZ100,91ac06cf6fb013b0,4861,62.1764
1784901070215,xyz:TSLA,092669e02f37654e,4862,152.93229
1784901070215,xyz:CRCL,da86ae95c4a74427,4863,492.554923
1784901070215,xyz:CRCL,da86ae95c4a74427,4863,742.420042
1784901070215,xyz:CRCL,42587fc029f88d97,4864,178.601904
1784901071129,BTC,c14089a3b30ef887,4865,282.92796
1784901071129,BTC,3bb038855d2f727e,4866,72.49628
1784901071129,BTC,f395cec22d27576c,4867,21.17148
1784901071129,BTC,65e0a21b902eb36a,4868,952.7166
1784901071129,BTC,5add0bf3c3b303bb,4869,433.053
1784901071129,XRP,a93b40b6045e8cef,4870,49.113
1784901071129,XRP,a93b40b6045e8cef,4870,166.9689
1784901071129,BTC,356feb4183a89754,4871,11.54808
1784901071129,BTC,bf43a36ffd10ffdb,4872,503.6246
1784901071129,BTC,647bc843b1bf4188,4873,903.95804
1784901071129,XRP,75ce9afeaeadb43d,4874,557.6543
1784901071129,BTC,fd8f6f993a75569e,4875,407.3906
1784901071129,BTC,759938d44976117e,4876,757.0408
1784901071129,BTC,43edb9f326910031,4877,157.1822
1784901071129,BTC,8ff2b69beef8a419,4878,4934.23796
1784901071129,BTC,a77aa8bd15d9ab2d,4879,15188.933
1784901071129,BTC,7952ed3ae68ea37e,4880,17889.25904
1784901071129,BTC,7952ed3ae68ea37e,4880,6415.6
1784901071129,BTC,7952ed3ae68ea37e,4880,6415.6
1784901071129,BTC,7952ed3ae68ea37e,4880,945.65944
1784901071129,BTC,4274111f816f0149,4881,497.85056
1784901071129,BTC,d785df88c30c4c97,4882,526.72076
1784901071129,BTC,0e512fea15b50ada,4883,53.89104
1784901071129,BTC,6e0cefc1dd08fc2f,4884,135.36916
1784901071129,BTC,3d912ee9a5cda07b,4885,177.07056
1784901071129,BTC,cb84d462af5b0748,4886,97.51712
1784901071129,BTC,85b7add883783f5c,4887,18.60524
1784901071129,BTC,574e6267750f390d,4888,3182.1376
1784901071129,BTC,de9edde7a0b784fe,4889,773.0798
1784901071129,BTC,cfd4e26e71d3ecb2,4890,5849.74408
1784901071129,BTC,1433c1428a8c913d,4891,212.99792
1784901071129,BTC,40080f227bb65155,4892,367.61388
1784901071129,BTC,25ca14f99b60d284,4893,16.039
1784901071129,BTC,a3385be57dd23038,4894,7571.04956
1784901071129,BTC,a3385be57dd23038,4894,2120.3558
1784901071129,BTC,a3385be57dd23038,4894,4695.57764
1784901071129,BTC,a3385be57dd23038,4894,199.52516
1784901071129,BTC,a3385be57dd23038,4894,43.62608
1784901071129,BTC,a3385be57dd23038,4894,410.5984
1784901071129,BTC,a3385be57dd23038,4894,58.38196
1784901071129,BTC,a3385be57dd23038,4894,1209.9633
1784901071129,BTC,a3385be57dd23038,4894,14.75565
1784901071129,BTC,a3385be57dd23038,4894,192.465
1784901071129,BTC,a3385be57dd23038,4894,12009.17445
1784901071129,BTC,fb039860f26623a4,4895,769.86
1784901071129,BTC,b7bbe8c562ef18b5,4896,1240.11615
1784901073173,xyz:RKLB,5b1419eca7df85dd,4897,64.31585
1784901073173,xyz:TSLA,8dbf479732186bae,4898,59.1855
1784901073173,xyz:RKLB,5bb1ba07ce2294e3,4899,178.36045
1784901073173,xyz:DRAM,cf75c57d682b7076,4900,13620.75
1784901073173,xyz:DRAM,cf75c57d682b7076,4900,11817.3627
1784901073173,xyz:DRAM,cf75c57d682b7076,4900,9697.796
1784901073173,xyz:CRCL,251b9b40b1d4c060,4901,1000.00373
1784901073173,xyz:CRCL,251b9b40b1d4c060,4901,1464.873894
1784901073173,xyz:USAR,067b688a1f1f2503,4902,23.15332
1784901074275,SOL,460eaf314be3b1c2,4903,87.556
1784901074275,SOL,f826dd1782743722,4904,481.558
1784901074275,SOL,2d75a1c855b4e122,4905,44.52
1784901074275,SOL,cbd593a94a0d5a12,4906,213.696
1784901074275,SOL,5e33892b1bc090d4,4907,137.27
1784901074275,XRP,dde246c02890ab75,4908,2243.5072
1784901074275,SOL,6316ef4474014613,4909,971.278
1784901074275,XRP,07ffeedc65cc3467,4910,1649.8944
1784901074275,XRP,07ffeedc65cc3467,4910,99.2901
1784901074275,XRP,07ffeedc65cc3467,4910,911.0685
1784901074275,BTC,2caed0dde3357f35,4911,121.25295
1784901074275,SOL,b44d2f0cd0ae8e14,4912,38.584
1784901074275,BTC,1836dabae3055ddb,4913,411.23355
1784901076088,xyz:MRVL,65a37282dcc4a60d,4914,1.9871
1784901076088,xyz:DRAM,719bdd28ad4c5963,4915,403.0558
1784901077213,SOL,4c0896b428e93320,4916,14.098
1784901077213,BTC,ac105867c0d42e95,4917,177.67334
1784901077213,SOL,287b280e81e183d5,4918,224.826
1784901077213,BTC,c32fb8cd1ff6f505,4919,150.7337
1784901077213,BTC,1103f2b96f9ed004,4920,398.32182
1784901077213,BTC,397c2cc5e00b6c87,4921,11945.80608
1784901077213,SOL,df99f7982c338186,4922,1225.784
1784901077213,BTC,b3ce0edbf71c480b,4923,453.48394
1784901077213,BTC,4d07007145fff174,4924,23884.55654
1784901077213,BTC,4c852ab389719c3a,4925,16.67692
1784901077213,BTC,6a17173328cade3f,4926,3408.50588
1784901077213,SOL,a8634d21ab5b5580,4927,497.14
1784901077213,BTC,5d4afa044fbae80d,4928,11.54556
1784901077213,BTC,9e9fe2bdd2057473,4929,28870.95562
1784901077213,BTC,9e9fe2bdd2057473,4929,8759.23152
1784901077213,BTC,65317289367210d4,4930,3450.8396
1784901079094,xyz:KR200,a6281e4439bc8db2,4931,22.76764
1784901079094,xyz:SNDK,257ae626fe50e685,4932,149.4504
1784901079094,xyz:SNDK,91352187df0cd44b,4933,10918.9368
1784901079094,xyz:CRWV,e77db4cd600ad2a0,4934,3966.61536
1784901079094,xyz:CRWV,e77db4cd600ad2a0,4934,13198.7597
1784901079094,xyz:CRWV,e77db4cd600ad2a0,4934,944.27097
1784901079094,xyz:DRAM,69dde6c874c70257,4935,4273.226
1784901079094,xyz:DRAM,69dde6c874c70257,4935,11767.1174
1784901079094,xyz:DRAM,69dde6c874c70257,4935,11766.9012
1784901079094,xyz:DRAM,69dde6c874c70257,4935,13606.25
1784901079094,xyz:DRAM,69dde6c874c70257,4935,13606.0
1784901079094,xyz:DRAM,69dde6c874c70257,4935,2508.9464
1784901082127,xyz:DRAM,69dde6c874c70257,4935,17979.0464
1784901082127,xyz:DRAM,69dde6c874c70257,4935,17995.3712
1784901082127,xyz:DRAM,69dde6c874c70257,4935,10132.2592
1784901082127,xyz:DRAM,69dde6c874c70257,4935,10099.6096
1784901082127,xyz:DRAM,69dde6c874c70257,4935,1610.684
1784901082127,xyz:DRAM,69dde6c874c70257,4935,19774.411
1784901082127,xyz:DRAM,69dde6c874c70257,4935,4304.2265
1784901082127,xyz:DRAM,69dde6c874c70257,4935,3999.429
1784901082127,xyz:DRAM,69dde6c874c70257,4935,3999.429
1784901082127,xyz:DRAM,69dde6c874c70257,4935,1175.2776
1784901082127,xyz:DRAM,69dde6c874c70257,4935,3999.135
1784901082127,xyz:DRAM,69dde6c874c70257,4935,11023.2634
1784901082127,xyz:DRAM,69dde6c874c70257,4935,174.0992
1784901082127,xyz:DRAM,69dde6c874c70257,4935,5930.145
1784901082127,xyz:DRAM,69dde6c874c70257,4935,9999.4552
1784901082127,xyz:DRAM,69dde6c874c70257,4935,4330.5584
1784901082127,xyz:DRAM,69dde6c874c70257,4935,12257.2212
1784901082127,xyz:DRAM,69dde6c874c70257,4935,52705.6264
1784901082127,xyz:DRAM,69dde6c874c70257,4935,4352.16
1784901082127,xyz:DRAM,69dde6c874c70257,4935,174.0832
1784901082127,xyz:DRAM,69dde6c874c70257,4935,190.3965
1784901082127,xyz:DRAM,69dde6c874c70257,4935,261.1104
1784901082127,xyz:DRAM,69dde6c874c70257,4935,174.0704
1784901082127,xyz:DRAM,69dde6c874c70257,4935,10351.7491
1784901082127,xyz:DRAM,69dde6c874c70257,4935,97.9146
1784901082127,xyz:DRAM,69dde6c874c70257,4935,21.7576
1784901082127,xyz:DRAM,69dde6c874c70257,4935,174.0576
1784901082127,xyz:DRAM,69dde6c874c70257,4935,190.3755
1784901082127,xyz:DRAM,69dde6c874c70257,4935,22561.3868
1784901079094,xyz:MU,100b26f88ddb51d7,4936,287.72874
1784901082127,xyz:MU,1ed027e6ce600be7,4937,842.53568
1784901082127,xyz:MRVL,1e58581b2aa96e5f,4938,109.0375
1784901082127,xyz:XYZ100,57e3f1c48239f860,4939,19.7743
1784901082979,BTC,bb4a978829214983,4940,1154.538
1784901082979,BTC,6b00ab7332cfa500,4941,25.01187
1784901082979,BTC,f5e601d95f53f412,4942,6362.63493
1784901082979,BTC,2d3aa520d308cec3,4943,185.9857
1784901082979,BTC,a91a699db82283ab,4944,298.21845
1784901082979,SOL,1baf2ed4fbe3f17a,4945,3689.966
1784901082979,SOL,1baf2ed4fbe3f17a,4945,6655.74
1784901082979,BTC,3f07a8bf4ad7e535,4946,2018.90684
1784901083179,BTC,1fdd4c4b5d11f1c2,4947,280.89816
1784901083179,BTC,8bd77dd229db0809,4948,47.45768
1784901083179,BTC,233dded450ac59b4,4949,328.35584
1784901085084,xyz:CBRS,45386ed9f16e4557,4950,94.0141
1784901085084,xyz:CBRS,92e015512be8e3c3,4951,80.012
1784901085084,xyz:XYZ100,4a521b5a705d18db,4952,743.0013
1784901085084,xyz:XYZ100,4a521b5a705d18db,4952,29881.0827
1784901085084,xyz:XYZ100,4a521b5a705d18db,4952,83922.4206
1784901085084,xyz:XYZ100,4a521b5a705d18db,4952,686.475
1784901085084,xyz:XYZ100,4a521b5a705d18db,4952,45404.6177
1784901088095,xyz:XYZ100,4a521b5a705d18db,4952,248.5824
1784901088095,xyz:XYZ100,4a521b5a705d18db,4952,1129.88
1784901088095,xyz:XYZ100,4a521b5a705d18db,4952,44698.0528
1784901088095,xyz:XYZ100,4a521b5a705d18db,4952,29876.8519
1784901088095,xyz:XYZ100,4a521b5a705d18db,4952,4694.6514
1784901088095,xyz:XYZ100,4a521b5a705d18db,4952,1129.84
1784901088095,xyz:XYZ100,4a521b5a705d18db,4952,112984.0
1784901088095,xyz:XYZ100,4a521b5a705d18db,4952,56.492
1784901088095,xyz:XYZ100,4a521b5a705d18db,4952,42.369
1784901088095,xyz:XYZ100,4a521b5a705d18db,4952,28246.0
1784901088095,xyz:XYZ100,4a521b5a705d18db,4952,4999.542
1784901088095,xyz:XYZ100,4a521b5a705d18db,4952,25.4214
1784901088095,xyz:XYZ100,4a521b5a705d18db,4952,9999.084
1784901088095,xyz:XYZ100,4a521b5a705d18db,4952,29875.7942
1784901088095,xyz:XYZ100,4a521b5a705d18db,4952,26706.593
1784901088095,xyz:XYZ100,4a521b5a705d18db,4952,847.35
1784901088095,xyz:XYZ100,4a521b5a705d18db,4952,1420.7235
1784901088095,xyz:XYZ100,4a521b5a705d18db,4952,34408.059
1784901088095,xyz:XYZ100,4a521b5a705d18db,4952,27126.498
1784901088095,xyz:XYZ100,4a521b5a705d18db,4952,5889.0825
1784901088095,xyz:XYZ100,4a521b5a705d18db,4952,135282.252
1784901088095,xyz:XYZ100,4a521b5a705d18db,4952,50.841
1784901088095,xyz:XYZ100,4a521b5a705d18db,4952,99995.7735
1784901088095,xyz:XYZ100,4a521b5a705d18db,4952,5889.0825
1784901088095,xyz:XYZ100,4a521b5a705d18db,4952,1129.76
1784901088095,xyz:XYZ100,4a521b5a705d18db,4952,35689.1184
1784901085084,xyz:CBRS,a19af88339ad9d99,4953,2.0003
1784901085084,xyz:CBRS,04149cfdb316d9e6,4954,40.006
1784901086197,BTC,28ffbe1085e74848,4955,4602.3276
1784901086197,BTC,3d8b131341cfa4e6,4956,12972.58645
1784901086197,BTC,bbe2e9d0522cf911,4957,407.25725
1784901086197,BTC,684ff289ca262bf3,4958,1992.67445
1784901086197,BTC,996802128fb8f4fa,4959,1176.2359
1784901086197,BTC,cd55d0ac397d15ce,4960,799.76345
1784901086197,BTC,35972e0792617851,4961,11.5443
1784901086197,BTC,0bc6b424f266a2b2,4962,813.87315
1784901086197,BTC,88e896f1a7e07891,4963,7512.7739
1784901086197,BTC,88e896f1a7e07891,4963,19.2405
1784901086197,BTC,88e896f1a7e07891,4963,6413.5
1784901086197,BTC,88e896f1a7e07891,4963,10482.2244
1784901086197,BTC,88e896f1a7e07891,4963,10111.5241
1784901086197,BTC,88e896f1a7e07891,4963,499.61165
1784901086197,BTC,ac8167cad9fd4e9c,4964,2499.9823
1784901086197,BTC,ac8167cad9fd4e9c,4964,7140.14955
1784901086197,BTC,ac8167cad9fd4e9c,4964,9277.7691
1784901086197,BTC,7c5d2a662a564c57,4965,342.4809
1784901086197,BTC,7c5d2a662a564c57,4965,12.827
1784901088095,xyz:MRVL,953ee5ac6f8dd9a1,4966,9144.5352
1784901088095,xyz:SNDK,9346715b599da208,4967,12536.9896
1784901088095,xyz:SNDK,9346715b599da208,4967,9594.2963
1784901088095,xyz:SNDK,9346715b599da208,4967,1200.6068
1784901088095,xyz:SNDK,9346715b599da208,4967,1429.8684
1784901088095,xyz:SNDK,9346715b599da208,4967,9593.6602
1784901088095,xyz:SNDK,9346715b599da208,4967,48.2592
1784901088095,xyz:SNDK,9346715b599da208,4967,1874.5683
1784901088095,xyz:SNDK,9346715b599da208,4967,12925.9251
1784901088095,xyz:SNDK,9346715b599da208,4967,2643.524
1784901088095,xyz:SOFTBANK,48b0ab8f5d7d3244,4968,209.11656
1784901088095,xyz:SOFTBANK,48b0ab8f5d7d3244,4968,152.19454
1784901088095,xyz:MRVL,25ce8def42b40dfe,4969,118.992
1784901089216,ETH,9472343f0f1c0905,4970,351.67792
1784901089216,ETH,9472343f0f1c0905,4970,55.704
1784901089216,ETH,9472343f0f1c0905,4970,144.64472
1784901089216,BTC,a2d6215b12b5d952,4971,203.29527
1784901089216,ETH,1ed57ba1bdc1b647,4972,2307.44536
1784901089216,BTC,d0d19c9154ec7c0e,4973,53.22873
1784901089216,BTC,58b94193d1bcbfc9,4974,1914.95166
1784901089216,BTC,58b94193d1bcbfc9,4974,48.09825
1784901089216,BTC,58b94193d1bcbfc9,4974,128.262
1784901089216,BTC,58b94193d1bcbfc9,4974,148.7816
1784901089216,BTC,58b94193d1bcbfc9,4974,15.3912
1784901089216,BTC,58b94193d1bcbfc9,4974,198.803
1784901089216,BTC,58b94193d1bcbfc9,4974,192.39
1784901089216,BTC,58b94193d1bcbfc9,4974,19239.0
1784901089216,BTC,58b94193d1bcbfc9,4974,6348.87
1784901089216,BTC,58b94193d1bcbfc9,4974,35032.2951
1784901089216,BTC,58b94193d1bcbfc9,4974,49.37933
1784901089216,BTC,58b94193d1bcbfc9,4974,5771.61
1784901089216,BTC,58b94193d1bcbfc9,4974,141.0838
1784901089216,BTC,58b94193d1bcbfc9,4974,14893.31896
1784901089216,ETH,4ebef32be170e6f4,4975,4174.64344
1784901089216,ETH,1b44c2dd03e7caf6,4976,878.45208
1784901089216,BTC,58e7a62ef95c10e7,4977,13998.71941
1784901089216,BTC,58e7a62ef95c10e7,4977,875.36085
1784901089216,BTC,d05d191d81073f93,4978,46.17288
1784901089216,BTC,895bc322a614c7e2,4979,4721.81827
1784901089216,BTC,895bc322a614c7e2,4979,482.24256
1784901089216,BTC,895bc322a614c7e2,4979,1748.12928
1784901089216,ETH,dc61fc61ef0a2bb7,4980,68.14456
1784901091064,xyz:DRAM,81816e52bcf25277,4981,195.8004
1784901091064,xyz:XYZ100,73b679138aa5987a,4982,160.911
1784901091064,xyz:CBRS,d3034e168f858508,4983,38316.9203
1784901091064,xyz:CBRS,d3034e168f858508,4983,49.84
1784901091064,xyz:CBRS,d3034e168f858508,4983,897.12
1784901091064,xyz:CBRS,d3034e168f858508,4983,1533.0015
1784901091064,xyz:CBRS,d3034e168f858508,4983,6366.6002
1784901091064,xyz:AMD,e5e4a9479621c746,4984,32.43344
1784901091064,xyz:SNDK,8d6a940529092c34,4985,150.68
1784901091064,xyz:AMD,050e403beaf7bc48,4986,40.28024
1784901091064,xyz:DRAM,abf707702774d746,4987,6097.0069
1784901091064,xyz:DRAM,abf707702774d746,4987,9996.6982
1784901091064,xyz:DRAM,abf707702774d746,4987,1207.4136
1784901091064,xyz:MU,31df50b2ea4dcc56,4988,2308.1058
1784901091064,xyz:MU,31df50b2ea4dcc56,4988,1338.4455
1784901091064,xyz:XYZ100,c85a9ef46e46fc4c,4989,70.575
1784901091064,xyz:MRVL,fa1d40b57eca407c,4990,45.5469
1784901091064,xyz:AMD,12bc5d3f341ba85b,4991,2.09248
1784901091064,xyz:DRAM,4b9f954058860580,4992,4894.92
1784901092581,BTC,41d406c4c6380154,4993,428.96949
1784901092581,ETH,42f67eb62a4db662,4994,48.63506
1784901092581,BTC,dd92f768bb70e3c3,4995,121.18869
1784901092581,BTC,179c8738f500f402,4996,503.34985
1784901092581,BTC,3022c850cc917772,4997,21.15993
1784901092581,BTC,6f3d4e49535da453,4998,60.27374
1784901092581,SOL,3b22824f36c7f1fc,4999,22.2522
1784901092581,BTC,5d68a77a0a5fee0f,5000,644.41605
1784901092581,BTC,26ee991ead0885d8,5001,2198.06788
1784901092581,SOL,b64d061d55bf39d6,5002,7893.59708
1784901092581,BTC,a2e80696a7ddeea5,5003,39.75502
1784901092581,BTC,9d7a1fa11b47b339,5004,1395.91417
1784901092581,ETH,47762250b501c9e5,5005,256.1694
1784901092581,BTC,398ee6240723898b,5006,462.31241
1784901092581,ETH,31312e8ca2c6341b,5007,529.23113
1784901092581,BTC,ef592b52b6c5d11e,5008,1279.21395
1784901092581,SOL,7739dc5612bd8db1,5009,448.01096
1784901092581,BTC,3bd5d0a51e9d2aaa,5010,45.52591
1784901092581,BTC,f54a5119170c1378,5011,1050.30198
1784901092581,ETH,692ca7a3f4b1ddee,5012,27.28761
1784901092581,BTC,8a66bec0d1acbd34,5013,704.04858
1784901092581,BTC,2fc2a0f5e65d4c1e,5014,28.85445
1784901092581,SOL,8f0a3bad5a662cef,5015,98.65142
1784901092581,ETH,902a88100faa5be3,5016,359.19405
1784901092581,BTC,f57967d0f72196fb,5017,321.24621
1784901092581,BTC,e51835bc203b2307,5018,23.72477
1784901092581,BTC,efa799e579a1b3a3,5019,2394.27814
1784901092581,BTC,b58f1f4f7cd20cc0,5020,155.17282
1784901092581,ETH,ab28a8851c69bf65,5021,829.58047
1784901092581,BTC,6f4dccf3a9b8d2b3,5022,11.54178
1784901092581,BTC,e584f5e5a214b24d,5023,5089.28377
1784901094154,xyz:TSLA,9ec89a7c75638b77,5024,184.13316
1784901094154,xyz:TSLA,e03cce4579a22f25,5025,9666.04176
1784901094154,xyz:TSLA,e03cce4579a22f25,5025,122.75156
1784901094154,xyz:TSLA,e03cce4579a22f25,5025,150.27575
1784901094154,xyz:TSLA,e03cce4579a22f25,5025,1103.74515
1784901094154,xyz:USAR,959120e6621434f6,5026,14.7763
1784901094154,xyz:XYZ100,9d0874cb9c19ba52,5027,694.5318
1784901094154,xyz:TSLA,fc604c4829b5b323,5028,0.6327
1784901094154,xyz:TSLA,fc604c4829b5b323,5028,13.91896
1784901095774,BTC,8a52f8e0e4301b03,5029,11.54412
1784901095774,BTC,9b2259085897f280,5030,2783.4156
1784901095774,BTC,1bea5be5b3e51eb4,5031,365.5638
1784901095774,BTC,32ad59c7aa5eba6c,5032,14063.30352
1784901095774,BTC,32ad59c7aa5eba6c,5032,12425.32116
1784901095774,BTC,32ad59c7aa5eba6c,5032,7439.544
1784901095774,BTC,32ad59c7aa5eba6c,5032,7439.544
1784901095774,BTC,32ad59c7aa5eba6c,5032,7439.544
1784901095774,BTC,32ad59c7aa5eba6c,5032,7439.544
1784901095774,BTC,32ad59c7aa5eba6c,5032,58088.08782
1784901095774,BTC,32ad59c7aa5eba6c,5032,9999.77328
1784901095774,BTC,32ad59c7aa5eba6c,5032,6944.42952
1784901095774,BTC,32ad59c7aa5eba6c,5032,17240.50188
1784901095774,BTC,32ad59c7aa5eba6c,5032,2738.5218
1784901095774,BTC,32ad59c7aa5eba6c,5032,20273.39874
1784901095774,BTC,32ad59c7aa5eba6c,5032,6932.8854
1784901095774,BTC,32ad59c7aa5eba6c,5032,3445.27848
1784901107862,BTC,32ad59c7aa5eba6c,5033,99344.9632
1784901107862,BTC,32ad59c7aa5eba6c,5033,1902.4404
1784901107862,BTC,32ad59c7aa5eba6c,5033,480.9
1784901107862,BTC,32ad59c7aa5eba6c,5033,33.3424
1784901107862,BTC,32ad59c7aa5eba6c,5033,64120.0
1784901107862,BTC,32ad59c7aa5eba6c,5033,399.4676
1784901107862,BTC,32ad59c7aa5eba6c,5033,14.74737
1784901107862,BTC,32ad59c7aa5eba6c,5033,15.38856
1784901107862,BTC,32ad59c7aa5eba6c,5033,32.0595
1784901107862,BTC,32ad59c7aa5eba6c,5033,287.89431
1784901107862,BTC,32ad59c7aa5eba6c,5033,3995.83376
1784901107862,BTC,32ad59c7aa5eba6c,5033,32988.06982
1784901107862,BTC,32ad59c7aa5eba6c,5033,198.7658
1784901107862,BTC,32ad59c7aa5eba6c,5033,39.11198
1784901107862,BTC,32ad59c7aa5eba6c,5033,428.94273
1784901107862,BTC,32ad59c7aa5eba6c,5033,5144.74808
1784901107862,BTC,32ad59c7aa5eba6c,5033,49.37009
1784901107862,BTC,32ad59c7aa5eba6c,5033,10.25872
1784901107862,BTC,32ad59c7aa5eba6c,5033,128.234
1784901107862,BTC,32ad59c7aa5eba6c,5033,32.058
1784901107862,BTC,32ad59c7aa5eba6c,5033,50261.81472
1784901107862,BTC,32ad59c7aa5eba6c,5033,10052.10648
1784901107862,BTC,32ad59c7aa5eba6c,5033,240.435
1784901107862,BTC,32ad59c7aa5eba6c,5033,103.22515
1784901107862,BTC,32ad59c7aa5eba6c,5033,20344.9718
1784901107862,BTC,32ad59c7aa5eba6c,5033,14.74645
1784901107862,BTC,32ad59c7aa5eba6c,5033,15.3876
1784901107862,BTC,32ad59c7aa5eba6c,5033,14.74645
1784901107862,BTC,32ad59c7aa5eba6c,5033,100.0194
1784901107862,BTC,32ad59c7aa5eba6c,5033,436646.2314
1784901097109,xyz:MU,ec81a65e64d8b7b5,5034,1222.87746
1784901097109,xyz:MU,0e88ff9b087fc727,5035,2039.06833
1784901097999,para:COHR,947fce37b56c5566,5036,1908.932
1784901099821,mkts:USTECH,515fbfb182799d3e,5037,29326.33418
1784901100197,xyz:USAR,141ae220427cd4ec,5038,63.96369
1784901107862,ETH,f2099f9252873fef,5039,2805.39913
1784901107862,ETH,f2099f9252873fef,5039,7398.35208
1784901107862,ETH,c43b4e9d78c2d75f,5040,103.52016
1784901107862,BTC,679cfde1d5b8c0a5,5041,11.54178
1784901107862,SOL,5a4b88541b49dcba,5042,4147.51562
1784901107862,BTC,3fa3cf44cbd2f32b,5043,424.48102
1784901107862,BTC,ec683290972228a2,5044,307.13959
1784901107862,BTC,aa5614fd56c303bf,5045,789.97072
1784901107862,BTC,aa5614fd56c303bf,5045,459.0992
1784901107862,BTC,aa5614fd56c303bf,5045,1316.3836
1784901107862,ETH,2e1ff4a417da4705,5046,69.94104
1784901107862,ETH,cbc38006b1219745,5047,11.68776
1784901107862,ETH,2da560c7159ebee6,5048,259.728
1784901107862,ETH,87103a72c80c3e6c,5049,69.75552
1784901107862,ETH,d23f3848fc22f474,5050,1848.89232
1784901107862,BTC,5beb680b4a1629c0,5051,1074.5674
1784901107862,ETH,d8581ca6a8e4d0b1,5052,62.33472
1784901107862,ETH,9ef60b6fecddf914,5053,140.43864
1784901107862,ETH,eab2cb932bafa8a3,5054,503.87232
1784901107862,ETH,63ea7dee29c113f6,5055,740.41032
1784901107862,ETH,63ea7dee29c113f6,5055,1157.27376
1784901107862,ETH,92277115107c2336,5056,49.53384
1784901110881,BTC,69a3b4be08b88999,5057,2456.8868
1784901110881,BTC,20354cc73d3f4f9f,5058,132.0769
1784901110881,BTC,3ec9c163179e4597,5059,39.7513
1784901110881,BTC,743036ce1d4add89,5060,62.19155
1784901110881,BTC,267afa04153d0f01,5061,108.9955
1784901110881,BTC,187845bbf61021b0,5062,891.83965
1784901110881,BTC,f617ab38728f0e94,5063,376.35505
1784901110881,BTC,a66ade7c10321215,5064,43697.57825
1784901321456,BTC,a66ade7c10321215,5065,26007.8273
1784901321456,BTC,a66ade7c10321215,5065,8842.27778
1784901110881,BTC,4b6e693d188d214c,5066,195.55075
1784901110881,BTC,e185794e3f489906,5067,1895.88055
1784901110881,BTC,d88b2e9f68d0110d,5068,396.2307
1784901110881,BTC,b86db9aec3567914,5069,227.60825
1784901110881,BTC,bfe4de827db80913,5070,281.46485
1784901110881,BTC,ed1ab5a34f79b16f,5071,400.71875
1784901127311,xyz:TSLA,69da36432e7511a6,5072,4515.8565
1784901127311,xyz:TSLA,3d71681dba33ebf3,5073,860.103
1784901127311,xyz:TSLA,99a412340212969b,5074,81.77925
1784901127311,xyz:TSLA,056cc897b66840a0,5075,24.31275
1784901127311,xyz:TSLA,fb96c9e1c1b26bf4,5076,1693.683
1784901127311,xyz:TSLA,2dc623c5363e32dc,5077,341.32575
1784901127311,xyz:TSLA,f37aa7d8fde0afa6,5078,1168.59075
1784901127311,xyz:TSLA,76de299a24cbf4cd,5079,486.8865
1784901127311,xyz:TSLA,bf8826f39abf5b5e,5080,525.72375
1784901127311,xyz:TSLA,0fe8147781cdd47a,5081,2902.05825
1784901127311,xyz:TSLA,412dec691cbe0c87,5082,13153.19775
1784901127311,xyz:TSLA,70a3b05fc4338e46,5083,186.60825
1784901127311,xyz:TSLA,8a25d95778cad897,5084,701.28075
1784901127311,xyz:TSLA,9e26cfd648707ea9,5085,18.945
1784901127311,xyz:TSLA,4063d29bdb28d09e,5086,274.071
1784901127311,xyz:TSLA,26a7d32a251a9005,5087,2171.41275
1784901127311,xyz:TSLA,26a7d32a251a9005,5087,2754.02556
1784901127311,xyz:TSLA,e800375797c5726c,5088,914.95656
1784901127311,xyz:TSLA,a29ef3385e40f4e7,5089,1918.63044
1784901127311,xyz:TSLA,a29ef3385e40f4e7,5089,28.09819
1784901127311,xyz:TSLA,a15e954601dc245e,5090,287.61181
1784901127311,xyz:TSLA,a15e954601dc245e,5090,43.2509
1784901130143,xyz:TSLA,e75d4f044d859909,5091,24710.41642
1784901130143,xyz:TSLA,e75d4f044d859909,5091,162.48765
1784901130143,xyz:TSLA,e75d4f044d859909,5091,315.49
1784901130143,xyz:TSLA,e75d4f044d859909,5091,15610.4452
1784901130143,xyz:TSLA,31d8e333aea7dedf,5092,410.76798
1784901130143,xyz:TSLA,8b746a9b6bede146,5093,1286.25273
1784901130143,xyz:TSLA,94d4d767fd1e9ba2,5094,1968.02662
1784901130143,xyz:TSLA,93fec3592c5f9629,5095,623.72373
1784901130143,xyz:TSLA,9dfe7bf0c9afbbb4,5096,133.45227
1784901130143,xyz:TSLA,383074647bee2c29,5097,3899.77189
1784901130143,xyz:TSLA,383074647bee2c29,5097,1822.52796
1784901130143,xyz:TSLA,ebba0f11550bb5a2,5098,3823.6176
1784901130143,xyz:TSLA,ebba0f11550bb5a2,5098,10490.65644
1784901132020,ENA,9b29a46e94773724,5099,500.023503
1784901132020,ENA,9b29a46e94773724,5099,49.939274
1784901132020,ENA,9b29a46e94773724,5099,499.982784
1784901132020,ENA,9b29a46e94773724,5099,353.0826
1784901132020,ENA,9b29a46e94773724,5099,531.21926
1784901133100,xyz:SPCX,2c57ec2c12d2f26f,5100,116.3616
1784901133100,xyz:XYZ100,fef26fada62dd1f8,5101,11.2904
1784901133100,xyz:XYZ100,fef26fada62dd1f8,5101,11.2904
1784901133100,xyz:TSLA,b4c9654c461b091d,5102,740.5592
1784901133100,xyz:TSLA,fc4907ae5a1df3d4,5103,506.8478
1784901133100,xyz:TSLA,fc4907ae5a1df3d4,5103,315.4
1784901133100,xyz:TSLA,fc4907ae5a1df3d4,5103,1937.1868
1784901133100,xyz:SPCX,fc4907ae5a1df3d4,5104,4724.0528
1784901133100,xyz:TSLA,c717a4d69aa72130,5105,467.7382
1784901138424,BTC,44906d0fc5d01808,5106,26.28264
1784901138424,ETH,0546f418b336c5ee,5107,11.67642
1784901138424,ETH,4e535d5d9f7bd6a5,5108,1191.18018
1784901138424,ETH,3238dc6f813d8e16,5109,153.8322
1784901138424,BTC,10583bb60248963d,5110,9123.92232
1784901138424,ETH,0ed2e79a1f0165fd,5111,1189.14144
1784901138424,ETH,0ed2e79a1f0165fd,5111,347.14182
1784901138424,SOL,54c15bae5f78cd0f,5112,1716.43264
1784901138424,BTC,d879cce6988032ae,5113,37.82136
1784901138424,ETH,334fa0664ff5136e,5114,68.01978
1784901138424,ETH,1d89e767f7b6c752,5115,1672.13748
1784901138424,BTC,82aca48161743882,5116,18885.67944
1784901138424,BTC,e169b1a196b0cba2,5117,246.15936
1784901138424,ETH,33b63445b131ed2e,5118,217.21848
1784901138424,ETH,1410ba38c2b7cad1,5119,10402.2075
1784901138424,ETH,2c26bcc19eb45ce4,5120,369.01194
1784901138424,ETH,e141197e9bfa0fa6,5121,5682.89508
1784901138424,BTC,17cdd1768d45a3c1,5122,63.46296
1784901138424,BTC,8e2d17e60bdc3b4a,5123,4647.54
1784901138424,BTC,8e2d17e60bdc3b4a,5123,5150.11536
1784901138424,ETH,f24756583ed0e691,5124,11.67642
1784901138424,ETH,9fa921e99b2a41a7,5125,666.48264
1784901138424,SOL,a7b315f0db7bb7b8,5126,58.59904
1784901138424,ETH,289bdfe53d99b7b3,5127,134.92752
1784901139186,xyz:SKHX,81816e52bcf25277,5128,190.7528
1784901139186,xyz:SPCX,2f5673be39d9aefe,5129,94.6283
1784901139186,xyz:SMSN,95d8ee62a3351032,5130,76.0396
1784901139186,xyz:MU,7cf073b8fe3dc722,5131,17.83093
1784901139186,xyz:INTC,16e82ffc77d8f629,5132,18.38288
1784901139186,xyz:INTC,16e82ffc77d8f629,5132,5631.94737
1784901139186,xyz:SPCX,7f4162cb88d56d7d,5133,21.6619
1784901139186,xyz:INTC,be5e0bac3c02546f,5134,264.04287
1784901139186,xyz:TSLA,6bb5645ec40e8bcf,5135,1656.16584
1784901139186,xyz:TSLA,6bb5645ec40e8bcf,5135,389.05552
1784901139186,xyz:TSLA,6bb5645ec40e8bcf,5135,1000.06816
1784901139186,xyz:TSLA,6bb5645ec40e8bcf,5135,5709.5397
1784901139186,xyz:TSLA,6bb5645ec40e8bcf,5135,3051.8136
1784901139186,xyz:NBIS,1bdce86dad27f7ce,5136,371.1285
1784901139186,xyz:TSLA,cd98c3d4b275dc95,5137,11.66499
1784901139186,xyz:RKLB,f5ea69074693060b,5138,47.01265
1784901139186,xyz:AMD,e10817e2207785bc,5139,37.17276
1784901139186,xyz:DRAM,227fcc9dd1568272,5140,16143.2256
1784901141578,BTC,98ac096de70574b4,5141,203.66946
1784901141578,BTC,1624fac7087ac0c0,5142,45783.99795
1784901144452,BTC,1624fac7087ac0c0,5142,7766.51316
1784901144452,BTC,1624fac7087ac0c0,5142,86051.73588
1784901144452,BTC,1624fac7087ac0c0,5142,7366.785
1784901144452,BTC,1624fac7087ac0c0,5142,7366.785
1784901144452,BTC,1624fac7087ac0c0,5142,7366.785
1784901144452,BTC,1624fac7087ac0c0,5142,7366.785
1784901144452,BTC,1624fac7087ac0c0,5142,7430.844
1784901144452,BTC,1624fac7087ac0c0,5142,7430.844
1784901144452,BTC,1624fac7087ac0c0,5142,7430.844
1784901144452,BTC,1624fac7087ac0c0,5142,19117.12737
1784901144452,BTC,1624fac7087ac0c0,5142,18477.17796
1784901141578,SOL,13ae6811f094d398,5143,42.23871
1784901141578,ETH,20d5083c313960e4,5144,37.791
1784901141578,SOL,c12a1691a98d953d,5145,14.8206
1784901141578,SOL,38784687d8467dd4,5146,14.8206
1784901141578,BTC,91d9d7280c7bf226,5147,449.60994
1784901141578,ETH,a9a8edf70fa5eb22,5148,11.67075
1784901141578,ETH,bb4a483dbc2d5f8b,5149,11.67075
1784901141578,ETH,4cc43c2bcbd2c392,5150,95.77425
1784901141578,ETH,1736b65bde55883d,5151,145.977
1784901141578,BTC,22c8afcef3590860,5152,436.80054
1784901141578,BTC,58cf6f6b082d81f6,5153,23.69739
1784901141578,ETH,a43256b6be9abb61,5154,261.00316
1784901141578,ETH,827ce55f799da40b,5155,79.83844
1784901141578,ETH,9d7192ca83ee6752,5156,46.12476
1784901141578,ETH,ff2dba25f014a953,5157,11.48488
1784901141578,ETH,c23350b72ea8407d,5158,269.33896
1784901141578,BTC,5d7cbc2e41e21b54,5159,6334.88877
1784901141578,BTC,4a2d01e68e3d762c,5160,2839.20351
1784901141578,ETH,cd25e64c5e72fc85,5161,3885.96472
1784901141578,ETH,cd25e64c5e72fc85,5161,1173.86588
1784901141578,ETH,db9b465eb81a3878,5162,652.971
1784901141578,ETH,250728ba2a489b31,5163,894.89444
1784901141578,ETH,3129d8fa48225269,5164,16.85684
1784901141578,ETH,ba3db43d2e48c0b0,5165,11.67012
1784901141578,SOL,f0c3f8c5adbbc660,5166,1039.66509
1784901141578,SOL,72093f15fa5c1410,5167,11.85648
1784901141578,BTC,f4a9e7d2d9ae6e97,5168,418.22691
1784901141578,ETH,051d49c5bd78e801,5169,478.47492
1784901141578,ETH,ab333978663f1c83,5170,50.38528
1784901141578,SOL,18b1d14ccb0d403a,5171,17.78472
1784901141578,SOL,4bb1e6fc774ebde7,5172,51.13107
1784901141578,SOL,5b05efe6d22149e1,5173,477.96435
1784901141578,ETH,77a00837734f6f41,5174,268.78324
1784901141578,ETH,92c1314e71a54b75,5175,354.17888
1784901141578,BTC,7372bd80de08b978,5176,21.13551
1784901141578,BTC,c254e2934cf437e6,5177,2045.02071
1784901141578,SOL,45e823ac7a3d85a2,5178,104.48523
1784901141578,ETH,64d1c0036023b42f,5179,461.43284
1784901141578,BTC,19d16fa214b0b51b,5180,1287.3447
1784901141578,BTC,0e0047f0c2943024,5181,1658.8173
1784901141578,SOL,cd58cec74861d66d,5182,11.85648
1784901141578,SOL,57b5a6f7232cfae6,5183,74.84403
1784901141578,BTC,96862576a04525f1,5184,237.61437
1784901141578,ETH,ae0bc47a220d5796,5185,55.75724
1784901141578,SOL,b4faff187e160b1d,5186,397.19208
1784901141578,BTC,f5a3c6e0e67bd0f8,5187,240.17625
1784901141578,SOL,713a793a00e7aa28,5188,1148.5965
1784901141578,SOL,b4e289391c159d12,5189,301.59921
1784901141578,ETH,7d6eeafc4aa733c0,5190,18.89448
1784901141578,SOL,54d6406f47ef695d,5191,11.85648
1784901141578,SOL,6264e259c77a9a99,5192,94.85184
1784901141578,SOL,25e73fbee8181b59,5193,144.50085
1784901141578,ETH,b9fccabd3b1f9557,5194,65.94544
1784901141578,ETH,b9fccabd3b1f9557,5194,504.779
1784901141578,ETH,0aee648618facfe2,5195,98.1772
1784901141578,ETH,3004e1801320927f,5196,821.5394
1784901141578,SOL,02d23b62780a7c48,5197,675.07833
1784901141578,BTC,4a4e151442b70623,5198,1553.78022
1784901141578,ETH,77b6077dbacf24ca,5199,387.1516
1784901141578,ETH,b4631017fc20b5a3,5200,11.67012
1784901141578,BTC,3ca57395e35aa520,5201,6217.04229
1784901141578,BTC,85004900e6826dfe,5202,697.47183
1784901141578,SOL,c52d82c831d0209a,5203,11.85648
1784901141578,SOL,56a98d75273b401c,5204,2756.6316
1784901141578,BTC,9f3995c58d09d181,5205,109.52037
1784901141578,SOL,846a07eec6f9ffa7,5206,134.86746
1784901141578,ETH,835121cf835ad482,5207,3282.26756
1784901141578,SOL,08dd0dc30716030f,5208,68.91579
1784901141578,BTC,1cb0fb2c2a54d6fb,5209,231.20967
1784901141578,BTC,044b75a00566a201,5210,892.81518
1784901141578,BTC,044b75a00566a201,5210,3054.40143
1784901141578,ETH,35972e0792617851,5211,11.67012
1784901141578,SOL,df47e57232b3000b,5212,34.82841
1784901141578,BTC,de75fd7404d7dc5f,5213,39.7079
1784901141578,BTC,33772df9d2ad2fc8,5214,180.6069
1784901141578,BTC,d19cb54475e4509c,5215,4765.58845
1784901141578,BTC,149faeb66f59345b,5216,12.16855
1784901141578,BTC,9de27277c1776067,5217,646.8545
1784901141578,ETH,fbf8cc30a64deb61,5218,61.31444
1784901141578,SOL,fd8049c81fe8c82b,5219,11.85648
1784901141578,ETH,aeeedd9a03862009,5220,177.08944
1784901141578,BTC,c2cc0ef1cf4f1220,5221,182.52825
1784901141578,BTC,444014907b0b43d8,5222,437.42735
1784901141578,BTC,4827bb63ce60c6ce,5223,411.80935
1784901141578,SOL,4827bb63ce60c6ce,5224,23.71296
1784901141578,ETH,5d5f208d1681327b,5225,435.68448
1784901141578,ETH,6c9675daf9fec356,5226,11.48488
1784901141578,BTC,1d54bce20f77ceda,5227,12.16855
1784901141578,ETH,95268d516b8f7afb,5228,652.41528
1784901142122,xyz:TSLA,74dec477e882e65b,5229,12.6036
1784901142122,xyz:DRAM,02aa94099e5d1b0f,5230,363.6894
1784901142122,xyz:SKHX,c42071b516e97322,5231,1916.6828
1784901142122,xyz:XYZ100,7f9e08f1d5afbd38,5232,8.4624
1784901142122,xyz:TSLA,c1fd0a524145544a,5233,22.68648
1784901142122,xyz:SHAZ,3f71a22e8ef026be,5234,71.35485
1784901142122,xyz:SHAZ,3f71a22e8ef026be,5234,193.91944
1784901142122,xyz:SHAZ,3f71a22e8ef026be,5234,79.326
1784901142122,xyz:SHAZ,3f71a22e8ef026be,5234,79.326
1784901142122,xyz:SHAZ,3f71a22e8ef026be,5234,79.326
1784901142122,xyz:SHAZ,3f71a22e8ef026be,5234,79.326
1784901142122,xyz:SHAZ,3f71a22e8ef026be,5234,79.326
1784901142122,xyz:SHAZ,3f71a22e8ef026be,5234,486.02562
1784901142122,xyz:SHAZ,3f71a22e8ef026be,5234,485.77467
1784901142122,xyz:SHAZ,3f71a22e8ef026be,5234,79.945
1784901142122,xyz:SHAZ,3f71a22e8ef026be,5234,79.945
1784901142122,xyz:SHAZ,3f71a22e8ef026be,5234,79.945
1784901142122,xyz:SHAZ,3f71a22e8ef026be,5234,485.53089
1784901142122,xyz:SHAZ,3f71a22e8ef026be,5234,79.886
1784901142122,xyz:SHAZ,3f71a22e8ef026be,5234,79.886
1784901142122,xyz:SHAZ,3f71a22e8ef026be,5234,4999.84392
1784901142122,xyz:SHAZ,3f71a22e8ef026be,5234,93.93203
1784901142122,xyz:SHAZ,3f71a22e8ef026be,5234,244.57082
1784901142122,xyz:SHAZ,3f71a22e8ef026be,5234,13.506
1784901142122,xyz:SHAZ,3f71a22e8ef026be,5234,168.6575
1784901142122,xyz:SHAZ,3f71a22e8ef026be,5234,999.7572
1784901142122,xyz:SHAZ,3f71a22e8ef026be,5234,4999.77198
1784901142122,xyz:SHAZ,3f71a22e8ef026be,5234,4999.647
1784901142122,xyz:SHAZ,3f71a22e8ef026be,5234,4999.9131
1784901142122,xyz:SHAZ,3f71a22e8ef026be,5234,971.72838
1784901142122,xyz:SHAZ,3f71a22e8ef026be,5234,13.41
1784901142122,xyz:SHAZ,3f71a22e8ef026be,5234,17865.64312
1784901142122,xyz:XYZ100,4c7d8e061dc35385,5235,36.6704
1784901142122,xyz:XYZ100,1b9899641323d5b1,5236,14.104
1784901142122,xyz:MRVL,3bec119b6219a304,5237,1771.392
1784901142122,xyz:MRVL,3bec119b6219a304,5237,4078.3447
1784901142122,xyz:MRVL,3bec119b6219a304,5237,1000.3114
1784901142122,xyz:MRVL,3bec119b6219a304,5237,1180.2093
1784901142122,xyz:TSLA,075b3b29226fdedb,5238,3223.3707
1784901142122,xyz:TSLA,075b3b29226fdedb,5238,315.09
1784901142122,xyz:TSLA,075b3b29226fdedb,5238,2436.12124
1784901142122,xyz:TSLA,075b3b29226fdedb,5238,1103.69021
1784901142122,xyz:TSLA,075b3b29226fdedb,5238,1574.66988
1784901142122,xyz:SNDK,8227da24a958586c,5239,60.172
1784901142122,xyz:TSLA,928078cc1c8a8f26,5240,798.04698
1784901142122,xyz:MSTR,fda6e77c71394d84,5241,737.997078
1784901142122,xyz:KR200,8bbf92a5b82f661a,5242,93.6757
1784901142122,xyz:TSLA,ea13db235f1705b5,5243,816.63552
1784901142122,xyz:TSLA,2ed4bb7fa585e550,5244,300.56724
1784901142122,xyz:XYZ100,b7ebd5a79a2f8ed0,5245,73.3408
1784901142122,xyz:TSLA,7aa3900d30ca6d02,5246,18.9036
1784901144452,BTC,200c1123ca4fb1e3,5247,23.06124
1784901144452,BTC,634ba995cdd4ca1f,5248,3604.59993
1784901144452,BTC,b5e2ffa7dcf5e05f,5249,28.82655
1784901144452,BTC,500428c7eef95892,5250,213.31647
1784901144452,SOL,b995070278e12154,5251,8179.00032
1784901144452,BTC,183b864bb1f46abe,5252,5343.80178
1784901144452,BTC,a0046cc492319a05,5253,1906.39584
1784901144452,BTC,7ec42ea3243999c4,5254,6304.04619
1784901144452,BTC,7de4f4397067bd10,5255,48.04425
1784901144452,BTC,5d1b38aa99eebe9d,5256,717.4608
1784901144452,BTC,e90d4a175d44bc32,5257,816.75225
1784901144452,BTC,6486e63fea85bc91,5258,486.8484
1784901144452,BTC,74d7590bbbb8fb4c,5259,1899.98994
1784901144452,BTC,74d7590bbbb8fb4c,5259,5124.72
1784901144452,BTC,74d7590bbbb8fb4c,5259,96.72909
1784901144452,BTC,22c5e7df8b320b80,5260,354.88686
1784901144452,BTC,47c383f5885d91ba,5261,3324.02151
1784901144452,BTC,77af52c5d9e59087,5262,3133.12569
1784901144452,BTC,77af52c5d9e59087,5262,199.86408
1784901144452,BTC,77af52c5d9e59087,5262,2135.08647
1784901144452,BTC,77af52c5d9e59087,5262,5637.192
1784901144452,BTC,77af52c5d9e59087,5262,5124.72
1784901144452,BTC,77af52c5d9e59087,5262,999.96099
1784901144452,BTC,77af52c5d9e59087,5262,499.6602
1784901144452,BTC,77af52c5d9e59087,5262,3698.12607
1784901144452,BTC,77af52c5d9e59087,5262,2463.06855
1784901144452,BTC,77af52c5d9e59087,5262,369.62043
1784901144452,BTC,77af52c5d9e59087,5262,924.37137
1784901144452,BTC,77af52c5d9e59087,5262,39.71658
1784901144452,BTC,77af52c5d9e59087,5262,41.63835
1784901144452,BTC,77af52c5d9e59087,5262,27270.13118
1784901144452,BTC,a452f990e858b42e,5263,124.9131
1784901144452,BTC,2bed98409f99ce33,5264,221.0001
1784901144452,SOL,da482b6907ea3349,5265,57.80736
1784901144452,BTC,7f474260dba23f26,5266,5227.1328
1784901144452,BTC,c97a83e91dfe8566,5267,2353.49092
1784901144452,BTC,59cc19e5c826523e,5268,23137.10902
1784901144452,BTC,59cc19e5c826523e,5268,6341.742
1784901144452,BTC,59cc19e5c826523e,5268,229.32764
1784901144452,SOL,0a2ba309e854c88e,5269,1432.58496
1784901144452,SOL,0a2ba309e854c88e,5269,1062.7374
1784901144452,BTC,f405f44db2908efc,5270,170.39428
1784901144452,BTC,f405f44db2908efc,5270,89.03784
1784901144452,SOL,8607065afb15a1bc,5271,188.9805
1784901144452,BTC,e7ed1454ca59ec71,5272,7450.99392
1784901144452,BTC,b64870d5fc7c15fe,5273,2876.75496
1784901144452,BTC,a99fe9c336c563b8,5274,17669.20704
1784901144452,BTC,a99fe9c336c563b8,5274,1124.8058
1784901144452,BTC,a99fe9c336c563b8,5274,108.8935
1784901144452,BTC,a99fe9c336c563b8,5274,10407.49392
1784901144452,BTC,a99fe9c336c563b8,5274,112201.6401
1784901147321,BTC,a99fe9c336c563b8,5274,44380.14016
1784901147321,BTC,a99fe9c336c563b8,5274,140.9034
1784901147321,BTC,a99fe9c336c563b8,5274,44459.50599
1784901147321,BTC,a99fe9c336c563b8,5274,140129.07177
1784901147321,BTC,a99fe9c336c563b8,5274,134581.78118
1784901147321,BTC,a99fe9c336c563b8,5274,1999.51612
1784901147321,BTC,a99fe9c336c563b8,5274,5764.05
1784901147321,BTC,a99fe9c336c563b8,5274,737.15795
1784901147321,BTC,a99fe9c336c563b8,5274,860.12435
1784901147321,BTC,a99fe9c336c563b8,5274,2865.3733
1784901147321,BTC,a99fe9c336c563b8,5274,22185.188
1784901147321,BTC,a99fe9c336c563b8,5274,5764.05
1784901147321,BTC,a99fe9c336c563b8,5274,99987.054
1784901147321,BTC,a99fe9c336c563b8,5274,596.24964
1784901147321,BTC,a99fe9c336c563b8,5274,10.24704
1784901147321,BTC,a99fe9c336c563b8,5274,1321.22772
1784901147321,BTC,a99fe9c336c563b8,5274,6621.50916
1784901147321,BTC,a99fe9c336c563b8,5274,7498.27152
1784901147321,BTC,a99fe9c336c563b8,5274,1862.39952
1784901147321,BTC,a99fe9c336c563b8,5274,7395.80112
1784901147321,BTC,a99fe9c336c563b8,5274,36825.3
1784901144452,BTC,25d74d1bb67a7fc5,5275,17.93484
1784901144452,BTC,7e86ebc7ffcf96ff,5276,686.00763
1784901144452,BTC,afb9b189168f012d,5277,20846.04885
1784901144452,BTC,0f52243d25c9497f,5278,1769.78439
1784901144452,BTC,db3c5042219f5b4c,5279,191.51847
1784901144452,BTC,bbacc6e374bc9120,5280,83.2689
1784901144452,BTC,5b05efe6d22149e1,5281,1411.08759
1784901144452,BTC,6e24a37cc9f9b9ab,5282,953.10864
1784901144452,BTC,14e51928755a7aaf,5283,2644.10784
1784901144452,BTC,c57f8e079af1e756,5284,29904.42411
1784901144452,BTC,1a745a8aba138e26,5285,12.17007
1784901144452,BTC,27a732298548b635,5286,1773.59988
1784901144452,BTC,27a732298548b635,5286,3956.49204
1784901144452,BTC,39e82799e98076eb,5287,3438.95188
1784901144452,BTC,39e82799e98076eb,5287,12473.48648
1784901144452,BTC,4f564b2d15416cea,5288,2015.71644
1784901144452,BTC,abad91940f181fd4,5289,12.16988
1784901144452,BTC,f02b759ddaeb3908,5290,1084.40036
1784901144452,BTC,a79425ed494e10fb,5291,395.20084
1784901144452,SOL,b7d701df4df9f1a8,5292,7463.6181
1784901144452,SOL,b7d701df4df9f1a8,5292,1516.27014
1784901144452,SOL,b7d701df4df9f1a8,5292,461.68038
1784901144452,SOL,b7d701df4df9f1a8,5292,1475.39073
1784901144452,SOL,b7d701df4df9f1a8,5292,14278.90707
1784901147321,SOL,b7d701df4df9f1a8,5292,13859.85815
1784901147321,SOL,b7d701df4df9f1a8,5292,11884.9599
1784901147321,SOL,b7d701df4df9f1a8,5292,12327.36675
1784901147321,SOL,b7d701df4df9f1a8,5292,3750.45405
1784901147321,SOL,b7d701df4df9f1a8,5292,4978.3739
1784901147321,SOL,b7d701df4df9f1a8,5292,1999.3529
1784901147321,SOL,b7d701df4df9f1a8,5292,12999.4991
1784901147321,SOL,b7d701df4df9f1a8,5292,19999.4574
1784901147321,SOL,b7d701df4df9f1a8,5292,9077.8625
1784901147321,SOL,b7d701df4df9f1a8,5292,1429.48545
1784901147321,SOL,b7d701df4df9f1a8,5292,741.05
1784901147321,SOL,b7d701df4df9f1a8,5292,5449.60816
1784901147321,SOL,b7d701df4df9f1a8,5292,2285.33652
1784901144452,BTC,85f9bffe1b4ce10a,5293,584.15424
1784901144452,BTC,77dbd5ad83806173,5294,356.76964
1784901144452,BTC,9e7efda027794ebe,5295,370.22056
1784901144452,BTC,905e95bcf31dc800,5296,15.37248
1784901144452,BTC,7d21fcc0bca747cd,5297,1589.77064
1784901144452,BTC,d647550c44060b36,5298,4466.98648
1784901144452,BTC,967f24adbe54fd7a,5299,16.65352
1784901144452,BTC,e632b06779e88504,5300,40.99328
1784901144452,BTC,4d40d9e30da32842,5301,9479.696
1784901144452,SOL,6e6efe0d50575a11,5302,1503.54987
1784901144452,BTC,cf62a750bac82009,5303,4629.03804
1784901144452,BTC,cf62a750bac82009,5303,240.195
1784901144452,SOL,74a0ffab3ecac1ea,5304,11.85648
1784901144452,SOL,b4631017fc20b5a3,5305,11.85648
1784901144452,BTC,0b2e938447732329,5306,5759.55584
1784901144452,BTC,e55f5c9aab6b1a6f,5307,12.16988
1784901144452,SOL,c5c8e5604533efe6,5308,990.01608
1784901144452,SOL,28f9329778c01b2d,5309,63.72858
1784901144452,BTC,be7ce75180f17fa1,5310,1012.0216
1784901144452,ETH,6d3061800706e536,5311,1017.63318
1784901144452,BTC,6c30c4f401f3fe93,5312,1897.86076
1784901144452,SOL,56eaaeb0a6bf044d,5313,85.21845
1784901144452,BTC,5af3f63c3dd6448e,5314,2866.327
1784901144452,SOL,3b034101718d8bd8,5315,97.81596
1784901144452,BTC,b13cd639efd7b437,5316,229.30616
1784901144452,BTC,e1b2570417625537,5317,12.16988
1784901144452,BTC,46ee3a16b86a8d95,5318,1195.21032
1784901144452,BTC,145a943391830c20,5319,4012.21728
1784901144452,BTC,9254496e4c991169,5320,244.03812
1784901144452,BTC,6f9c209ef300a8bf,5321,10352.56313
1784901144452,BTC,8b5d241ddd1454a0,5322,47.39774
1784901144452,BTC,a6d3fb3357b82da0,5323,11.52918
1784901144452,BTC,0305032d054865f4,5324,17452.61648
1784901144452,BTC,c80e6e4f1c71b401,5325,182.54535
1784901144452,BTC,aec7d507d0089376,5326,593.75277
1784901144452,BTC,c93c06bdef83a2db,5327,2162.36176
1784901144452,SOL,fdd96c2462e4d7a3,5328,14.07957
1784901144452,BTC,5e4681ee0461e2af,5329,1996.46967
1784901144452,BTC,ec13ba4ecb659cc9,5330,28.18244
1784901144452,BTC,11bd995650089caa,5331,3749.54554
1784901145122,xyz:MU,746152365dddcb95,5332,10.30634
1784901145122,xyz:CBRS,45bc9e2abeeead0f,5333,4254.3811
1784901145122,xyz:DRAM,bd1e8f741b221522,5334,10.8454
1784901145122,xyz:CBRS,edc71a1d4d1bbd89,5335,141.0841
1784901145122,xyz:XYZ100,3f4de1241dd7c715,5336,14.1035
1784901145122,xyz:SKHY,0ce10047cedb9d99,5337,9.5136
1784901145122,xyz:MU,b6c6e537a3ae7949,5338,84.3246
1784901145923,mkts:USTECH,21458b831eb0fcdf,5339,482.08928
1784901145923,mkts:USTECH,21458b831eb0fcdf,5339,11.65775
1784901145923,mkts:USTECH,21458b831eb0fcdf,5339,29210.1343
1784901147321,ETH,2f273269ccb75b6b,5340,10966.4657
1784901147321,SOL,35557412a0f1f249,5341,28.1599
1784901147321,BTC,814feef23d946375,5342,873.642
1784901147321,BTC,814feef23d946375,5342,6139.1925
1784901147321,BTC,c442401b32573281,5343,472.0485
1784901147321,BTC,c442401b32573281,5343,37.78891
1784901147321,BTC,1867d52e3aeb8d4d,5344,42.27234
1784901147321,SOL,0a0d47c2295b74e2,5345,44.463
1784901147321,SOL,9a5b2c87d8d3b20c,5346,3217.6391
1784901147321,BTC,110c24b91076579f,5347,12.16931
1784901147321,BTC,55f3fea7b31b367f,5348,413.11605
1784901147321,SOL,7cc60412f5895efc,5349,31.1241
1784901147321,BTC,c58680e5b64ca539,5350,628.96118
1784901147321,BTC,5d08c34ae3f6d48a,5351,331.13333
1784901147321,BTC,e3e935832a29567f,5352,2130.26974
1784901147321,BTC,9b26dd80f802d56a,5353,25260.28511
1784901147321,BTC,9b26dd80f802d56a,5353,6340.851
1784901147321,BTC,9b26dd80f802d56a,5353,49.95744
1784901147321,BTC,9b26dd80f802d56a,5353,9607.2
1784901147321,BTC,9b26dd80f802d56a,5353,5654.15744
1784901147321,BTC,53dfbe454aa75a3e,5354,12.16912
1784901147321,BTC,6fc0c791ea76169f,5355,185.08716
1784901147321,BTC,8cbf3c7e3ad4f2f1,5356,21.77496
1784901147321,BTC,5e8f94a1563aed42,5357,439.34184
1784901147321,BTC,6b27cdd155b7f859,5358,1011.8952
1784901147321,SOL,0676e621528d54ae,5359,137.09425
1784901147321,BTC,9e008a9e3ffa20f1,5360,731.38248
1784901147321,BTC,98ce9014478af7da,5361,10.24704
1784901147321,BTC,30af2928fe9aec4d,5362,517.47552
1784901147321,BTC,51f9a47014e5751b,5363,584.72172
1784901147321,BTC,ba3f22b03161bf2c,5364,657.09144
1784901147321,BTC,2fdc89fb05182150,5365,320.22
1784901147321,BTC,d45e16b10e90c847,5366,1104.11856
1784901147321,BTC,d45e16b10e90c847,5366,626.99076
1784901147321,BTC,0a2d99bbb3e60dbb,5367,10.24704
1784901147321,SOL,0ea3ad89e1d2bba5,5368,787.71489
1784901147321,SOL,caa461a8bd644819,5369,11.85648
1784901147321,BTC,fbe6515f9002670b,5370,22407.71472
1784901147321,BTC,972357b9914fd8c7,5371,10.24704
1784901147321,BTC,936cf0173739d0c6,5372,457.27416
1784901147321,BTC,17075ff24a7d840d,5373,11973.0258
1784901147321,SOL,2c8c1c14bceb7b6f,5374,11.85648
1784901147321,BTC,fa333d4fe1bd2d7b,5375,12.16836
1784901147321,ETH,a13a5ad23774e485,5376,186.37156
1784901147321,BTC,962d076113c3d1e0,5377,11787.2982
1784901147321,ETH,962d076113c3d1e0,5378,7307.02492
1784901147321,SUI,962d076113c3d1e0,5379,242.088294
1784901147321,SUI,962d076113c3d1e0,5379,492.39519
1784901147321,SUI,962d076113c3d1e0,5379,430.7258
1784901147321,XRP,962d076113c3d1e0,5380,87.264
1784901147321,XRP,962d076113c3d1e0,5380,4193.0352
1784901147321,ONDO,962d076113c3d1e0,5381,216.89943
1784901147321,ONDO,962d076113c3d1e0,5381,499.86087
1784901147321,ONDO,962d076113c3d1e0,5381,400.49688
1784901147321,ONDO,962d076113c3d1e0,5381,325.11378
1784901147321,RENDER,962d076113c3d1e0,5382,499.938
1784901147321,RENDER,962d076113c3d1e0,5382,299.85489
1784901147321,BTC,cbd2f90bfcfed122,5383,87.09984
1784901147321,BTC,e56a5141a4991a12,5384,1538.97732
1784901147321,BTC,13da2cace150f7db,5385,12.16836
1784901147321,SOL,d6cdab6c015f860d,5386,142.27776
1784901147321,BTC,cd895507b676d705,5387,10.24704
1784901147321,BTC,e0ec02f320d82ba2,5388,10.24704
1784901148130,xyz:SPCX,2b79b9b73f0c03de,5389,500.1088
1784901148130,xyz:DRAM,1f53906e7507ee49,5390,276.4455
1784901148130,xyz:SPCX,e3263f7a746115ba,5391,1536.7808
1784901150337,ETH,f08c955f08dac0ce,5392,76.47108
1784901150337,ETH,14ca1c0690f88d1a,5393,507.3384
1784901150337,BTC,9d38b3e337ac9e31,5394,548.76281
1784901150337,BTC,7aa2f13b26ea81c5,5395,1243.52086
1784901150337,BTC,67c04f56fe5d9b15,5396,364.34777
1784901150337,SOL,3562f77e7ae6d616,5397,554.97155
1784901150337,BTC,b5c03c984a3d5489,5398,197.22164
1784901150337,ETH,d3a5b92cc4383ca2,5399,299.77404
1784901150337,ETH,d3a5b92cc4383ca2,5399,769.89528
1784901150337,BTC,8a2e3b1a1d987dac,5400,3977.72996
1784901150337,BTC,937d4d53303e58af,5401,197.22164
1784901150337,ETH,5bf2f5e49b91339e,5402,9.99864
1784901150337,SOL,642fbfa3676f2406,5403,1292.95775
1784901150337,BTC,723673b7ac4141eb,5404,187.61669
1784901150337,BTC,7113bf55899394e9,5405,361.78645
1784901150337,BTC,ec0159a241c7172f,5406,197.22164
1784901150337,ETH,17a2f503b347d6ba,5407,827.29488
1784901150337,ETH,17a2f503b347d6ba,5407,3538.96308
1784901150337,BTC,c88a66e73ef1d4ee,5408,1013.00206
1784901150337,BTC,a788995f4878539a,5409,11.52594
1784901150337,BTC,0db25613ac555553,5410,2780.95319
1784901150337,BTC,aabe0376ef95c964,5411,98.61082
1784901150337,SOL,635a7f173dcba4f2,5412,220.06215
1784901150337,ETH,e52b7c321359899b,5413,358.46976
1784901150337,BTC,62ddd8267aa6015d,5414,1039.25559
1784901150337,BTC,5b5a0c32d992af12,5415,5716.86624
1784901150337,BTC,b7952c8d8dab0419,5416,29.45518
1784901150337,BTC,ade7e549345e78e0,5417,43.54244
1784901150337,ETH,775fbc58583483b0,5418,231.26484
1784901150337,ETH,f3ebb9a3ef8bad16,5419,698.79384
1784901150337,ETH,4b0524ae87be96cc,5420,264.96396
1784901150337,ETH,36e1be297b739948,5421,36.84684
1784901150337,ETH,38bfc0f44efb2d54,5422,129.24168
1784901150337,BTC,97129a14f7ce0ba5,5423,380.99635
1784901150337,BTC,97129a14f7ce0ba5,5423,28.8144
1784901150337,BTC,97129a14f7ce0ba5,5423,44.8224
1784901150337,BTC,97129a14f7ce0ba5,5423,6766.26144
1784901150337,ETH,85fbe1dfb4df25e2,5424,786.18936
1784901150337,ETH,05a0d18c6cf47e33,5425,179.97552
1784901150337,ETH,047f1ec45d3f11e2,5426,327.54804
1784901150337,SOL,dd76cf8afebb2fe6,5427,634.2532
1784901150337,BTC,3725b467042c387f,5428,721.00032
1784901150337,ETH,cbd2f90bfcfed122,5429,72.95304
1784901150337,BTC,cc74003dc18c5e25,5430,313.11648
1784901151258,xyz:MU,4bf98daee5549327,5431,315.39156
1784901151258,xyz:XYZ100,ab05047788c65790,5432,417.4488
1784901151258,xyz:EWY,01c9599db6028f81,5433,2246.2678
1784901151258,xyz:EWY,01c9599db6028f81,5433,4494.40673
1784901151258,xyz:EWY,01c9599db6028f81,5433,3542.66165
1784901151258,xyz:EWY,01c9599db6028f81,5433,58.37106
1784901151258,xyz:EWY,01c9599db6028f81,5433,332.39808
1784901151258,xyz:EWY,01c9599db6028f81,5433,213.35472
1784901151258,xyz:EWY,01c9599db6028f81,5433,58.36752
1784901151258,xyz:EWY,01c9599db6028f81,5433,10287.85248
1784901151258,xyz:SNDK,7910e87745dd9839,5434,510.068
1784901151258,xyz:SNDK,7910e87745dd9839,5434,40.5
1784901151258,xyz:SNDK,7910e87745dd9839,5434,60.0
1784901151258,xyz:SNDK,7910e87745dd9839,5434,750.0
1784901151258,xyz:SNDK,7910e87745dd9839,5434,1471.5
1784901151258,xyz:XYZ100,e81b687e2a50ad42,5435,733.356
1784901151258,xyz:CRCL,e184d3513b39f17c,5436,1526.45202
1784901151258,xyz:CRCL,e184d3513b39f17c,5436,779.088855
1784901153357,BTC,5b6ef14e13c3ce69,5437,10.24672
1784901154092,xyz:SPCX,f08237e19d4af064,5438,27.336
1784901154092,xyz:USAR,0ec75a028a5484c8,5439,31.21618
1784901154092,xyz:SKHX,1fe4b6e3d1d50814,5440,461.253
1784901154092,xyz:SPCX,7dca0e379f689d84,5441,95.676
1784901154092,xyz:SKHX,097e125d3ce00494,5442,20.1059
1784901157102,xyz:CRWV,f7047f9b1994ba7c,5443,824.51376
1784901157102,xyz:SMSN,5a5b461562e48e64,5444,0.16656
1784901157102,xyz:INTC,af5f97f29ef01988,5445,7617.68604
1784901157102,xyz:INTC,af5f97f29ef01988,5445,7715.856
1784901157102,xyz:INTC,af5f97f29ef01988,5445,999.60578
1784901157102,xyz:INTC,af5f97f29ef01988,5445,808.69532
1784901163082,xyz:SNDK,e362e4e842a9704c,5446,85.4259
1784901163082,xyz:ORCL,8403c688770af314,5447,11898.35976
1784901163082,xyz:ORCL,8403c688770af314,5447,45.04704
1784901163082,xyz:ORCL,8403c688770af314,5447,2864.59289
1784901163082,xyz:ORCL,8403c688770af314,5447,9976.9515
1784901163082,xyz:ORCL,8403c688770af314,5447,10407.3252
1784901166186,xyz:ORCL,c75363e240c33422,5448,590.10264
1784901166186,xyz:ORCL,c75363e240c33422,5448,2863.37194
1784901166186,xyz:ORCL,c75363e240c33422,5448,3517.8
1784901166186,xyz:ORCL,c75363e240c33422,5448,12171.93978
1784901166186,xyz:ORCL,c75363e240c33422,5448,596.099
1784901166186,xyz:ORCL,c75363e240c33422,5448,372.50325
1784901166186,xyz:ORCL,c75363e240c33422,5448,992.78832
1784901166186,xyz:ORCL,c75363e240c33422,5448,14069.59291
1784901166186,xyz:SNDK,84935ced5ef4967f,5449,14.96
1784901166186,xyz:SNDK,84935ced5ef4967f,5449,668.712
1784901166186,xyz:SNDK,83a4748b119ff7a5,5450,523.6
1784901166186,xyz:SNDK,83a4748b119ff7a5,5450,8519.72
1784901166186,xyz:SNDK,b8009626c7d0c5de,5451,34.408
1784901166186,xyz:DRAM,a4e6ac7de0e6ec03,5452,931.2424
1784901166186,xyz:DRAM,a4e6ac7de0e6ec03,5452,10967.9536
1784901166186,xyz:DRAM,a4e6ac7de0e6ec03,5452,173.2032
1784901166186,xyz:DRAM,a4e6ac7de0e6ec03,5452,173.1872
1784901166186,xyz:DRAM,a4e6ac7de0e6ec03,5452,741.4303
1784901166186,xyz:SNDK,64dc4db37314b617,5453,95.744
1784901166186,xyz:INTC,cee386033c81b867,5454,23.12976
1784901166186,xyz:SNDK,2531e1a3af4757d0,5455,558.008
1784901166186,xyz:ORCL,9196f4352da006e4,5456,13.71591
1784901166254,ETH,2d6b41f911a65d84,5457,366.498
1784901166254,ETH,241408ec1b4c91e5,5458,246.5532
1784901166254,ETH,ea03907936bcee1e,5459,2124.948
1784901166254,ETH,b2743827cfad022d,5460,694.125
1784901166254,ETH,038e241bdd37691a,5461,11.8464
1784901166254,ETH,dd434abebb9967bc,5462,36.8349
1784901166254,ETH,b065a204033b7edb,5463,24.2481
1784901166254,ETH,5e401f8b8f52bec1,5464,96.252
1784901166254,ETH,e5c25bf95cca514e,5465,37.9455
1784901166254,ETH,9adac41044433c9b,5466,1062.2889
1784901166254,ETH,1886f616cff15425,5467,488.8491
1784901166254,ETH,325ef357d0bf9c77,5468,515.1333
1784901166254,ETH,6ec18ebea7cca869,5469,11.8464
1784901166254,ETH,4e2a0e556e366e32,5470,37.02
1784901166988,para:IREN,04e3ff2a21df6afe,5471,185.0954
1784901169202,xyz:COIN,4f1fdaab5045dfba,5472,3775.06816
1784901169202,xyz:COIN,4f1fdaab5045dfba,5472,4831.82238
1784901169202,xyz:COIN,4f1fdaab5045dfba,5472,880.17069
1784901172014,xyz:COIN,85082645408977ca,5473,11.84384
1784901172014,xyz:SPCX,1811de7d41e00240,5474,636.888
1784901178208,xyz:SKHX,af2db27da22bd8e3,5475,3.5433
1784901178208,xyz:SPCX,1e084bf5247edc94,5476,3729.94
1784901181053,xyz:SMSN,9f12e00d2ab19396,5477,375.4575
1784901181053,xyz:SPCX,d97da146d5dd094f,5478,32.9353
1784901181053,xyz:CRWV,0a0e43b374311cc6,5479,66.61561
1784901184114,xyz:COIN,0969c84d68edb947,5480,112.7665
1784901184114,xyz:SPCX,a0425aa120c10594,5481,96.492
1784901184114,xyz:SPCX,ff68aacf6a732f8b,5482,31.7856
1784901184114,xyz:COIN,08de530598befbf6,5483,107.01152
1784901184114,xyz:COIN,08de530598befbf6,5483,5.75461
1784901184114,xyz:MSTR,92b253ff005c3b68,5484,938.159565
1784901184114,BTC,e7c3fde6fa31980c,5485,1418.2202
1784901184114,BTC,c8e66ba2dfffaea2,5486,39.69736
1784901184114,ETH,7890e357fa770071,5487,635.21534
1784901184114,ETH,8505c2e2f48283cc,5488,1404.84232
1784901184114,BTC,228992028e21cf45,5489,110.76844
1784901184114,BTC,66998f674b6742d7,5490,12.8056
1784901184114,BTC,71a2edb30e76982b,5491,6922.70736
1784901184114,BTC,7b0b852592551184,5492,193.36456
1784901184114,BTC,046c85a6066459d3,5493,51.2224
1784901184114,ETH,b73e9b6d2e59336a,5494,77.7588
1784901184114,BTC,e6bc30dbf0c1d82b,5495,220.25632
1784901184114,BTC,c5c298cf80e0e993,5496,26.89176
1784901184114,ETH,5e65847aeeb6744b,5497,761.8511
1784901184114,BTC,e8b73ca5dd03f870,5498,284.28432
1784901184114,BTC,076160e45d4d3e73,5499,2038.01124
1784901184114,BTC,9073d55d38a24225,5500,849.01128
1784901184114,ETH,08dd0dc30716030f,5501,638.733
1784901184114,BTC,c89cf64c07ceab51,5502,318.85944
1784901184114,BTC,715984b1e3e5d76e,5503,2677.01068
1784901184114,BTC,715984b1e3e5d76e,5503,50.58212
1784901184114,BTC,715984b1e3e5d76e,5503,5808.62016
1784901184114,BTC,875e80d72ccfa18c,5504,54.4238
1784901184114,BTC,cb8f8f505aa3f547,5505,10.24448
1784901187227,xyz:SPCX,056cc897b66840a0,5506,23.8392
1784901190108,xyz:MRVL,f08dc0038c6af6c8,5507,86.8428
1784901190108,xyz:SPCX,e2827f71606734a8,5508,310.9352
1784901190108,xyz:SPCX,e2827f71606734a8,5508,150.9018
1784901190108,xyz:SPCX,73696041ab08a49d,5509,340.38
1784901190108,xyz:SPCX,73696041ab08a49d,5509,211.0356
1784901190108,xyz:SPCX,73696041ab08a49d,5509,200.8242
1784901190108,xyz:SPCX,73696041ab08a49d,5509,210.9984
1784901190108,xyz:SPCX,73696041ab08a49d,5509,41.9728
1784901193101,xyz:SPCX,176e482a065da867,5510,96.424
1784901193101,xyz:SNDK,9af8ebcf12445f88,5511,19.409
1784901193101,xyz:TSLA,5b3ae06bdc97d2d7,5512,72.04569
1784901193101,xyz:TSLA,2f5673be39d9aefe,5513,95.32683
1784901193101,xyz:SNDK,eaa9831ccf34ae28,5514,92.566
1784901193101,xyz:TSLA,57da1d17c72efc96,5515,739.64811
1784901193101,xyz:TSLA,49becaae7b2639bc,5516,70.78725
1784901193101,xyz:TSLA,0dc16364d24fab53,5517,159.19266
1784901193101,xyz:TSLA,f88e0eb716958058,5518,190.96827
1784901193101,xyz:TSLA,b7090ab0f1fd4129,5519,604.36581
1784901193101,xyz:TSLA,494a6f483d043616,5520,387.59952
1784901193101,xyz:SNDK,aa1ae6a8789ca720,5521,19.409
1784901193101,xyz:SNDK,dfc3b8c2f2e01e1d,5522,1245.162
1784901193101,xyz:SMSN,9e97b6f890116773,5523,88.2291
1784901193101,xyz:TSLA,ab435992e1f057db,5524,2733.9609
1784901193101,xyz:SNDK,ab435992e1f057db,5525,1597.51
1784901199132,XRP,1df3b64f5a440d5f,5526,45.801
1784901202219,xyz:MU,81816e52bcf25277,5527,158.8344
1784901202219,xyz:SNDK,e53d9cda9141b60a,5528,35.76
1784901202219,xyz:AMD,b9569d0547b8ba65,5529,2110.36845
1784901202219,xyz:EWY,dfaaf0a556754178,5530,13.1776
1784901202219,xyz:EWY,cafe2a8582fedc4c,5531,1415.27424
1784901202219,xyz:INTC,c07379a13a18bf4a,5532,16849.875
1784901202219,xyz:INTC,a9ff9c6963979871,5533,41.40255
1784901202219,xyz:XYZ100,5385b90c8ce225ad,5534,14.095
1784901202219,xyz:MU,2625ea1ade63a16e,5535,26.16096
1784901202219,xyz:TSLA,1e8210540ffd517b,5536,3265.6518
1784901202219,xyz:TSLA,f2cb736e22a6dfe6,5537,92.49534
1784901202219,xyz:TSLA,55c7561b49018d72,5538,2049.05493
1784901202219,xyz:SNDK,8e28261b9bd704ee,5539,2495.75
1784901202219,xyz:SNDK,afce65927f4b84fe,5540,426.14
1784901202219,xyz:SNDK,afce65927f4b84fe,5540,150.49
1784901202219,xyz:SNDK,afce65927f4b84fe,5540,47.68
1784901202219,xyz:SNDK,afce65927f4b84fe,5540,11.92
1784901202219,xyz:SNDK,afce65927f4b84fe,5540,256.2628
1784901202219,xyz:SNDK,d54142c5e1dcc625,5541,180.2779
1784901202219,xyz:MRVL,bf4b0378b0446e0e,5542,94.6464
1784901202219,xyz:MU,849f2b286a4140d9,5543,186.864
1784901202219,xyz:TSLA,98767ee7f373a810,5544,1188.59658
1784901202219,xyz:MU,d39fd3ba77f546b9,5545,2187.24312
1784901202219,xyz:TSLA,2e435fe098c6a62f,5546,27.05646
1784901202219,xyz:SNDK,7fd3dcdc6f333aad,5547,3252.4517
1784901202219,xyz:TSLA,8ec7523030743f75,5548,1231.06893
1784901202219,xyz:TSLA,8ec7523030743f75,5548,300.13794
1784901202219,xyz:XYZ100,f83146a0f5d5cb36,5549,439.764
1784901205175,xyz:SNDK,7cd1c6dd32b278a6,5550,64.0055
1784901205175,xyz:SPCX,f003a28907fd9370,5551,1140.2428
1784901205175,xyz:SKHY,f003a28907fd9370,5552,1166.2159
1784901205175,xyz:SNDK,94f97c40a8b60726,5553,2039.245
1784901205175,xyz:SNDK,92715163084ff92b,5554,574.561
1784901205175,xyz:SNDK,10a7a7bc1cd1a63c,5555,952.64
1784901211133,xyz:SHAZ,c3a0073bbeda09e0,5556,89.6686
1784901211133,xyz:SHAZ,c3a0073bbeda09e0,5556,3.371
1784901211133,xyz:SHAZ,da665149eb704abe,5557,140.2336
1784901211133,xyz:SHAZ,da665149eb704abe,5557,997.88104
1784901211133,xyz:SHAZ,da665149eb704abe,5557,999.76594
1784901211133,xyz:SHAZ,da665149eb704abe,5557,297.25826
1784901214142,xyz:SKHX,a585498b909f6533,5558,47.116
1784901215698,mkts:USTECH,91eb3d744acc3672,5559,39.06666
1784901215698,mkts:USTECH,91eb3d744acc3672,5559,803.26536
1784901215698,mkts:USTECH,91eb3d744acc3672,5559,1019.59248
1784901215698,mkts:USTECH,91eb3d744acc3672,5559,2069.3342
1784901215698,mkts:USTECH,91eb3d744acc3672,5559,29242.70717
1784901217098,xyz:SKHX,d912e1f09c6c3a29,5560,2619.2048
1784901217098,xyz:DRAM,5a863954d0d251d2,5561,16.2006
1784901217098,xyz:MU,7ee34cf44c8c6495,5562,30.81474
1784901217098,xyz:CBRS,b3c329cb5dbcbad6,5563,81.2538
1784901217098,xyz:CBRS,b3c329cb5dbcbad6,5563,5987.7908
1784901217098,xyz:CBRS,b3c329cb5dbcbad6,5563,7439.7815
1784901217098,xyz:CBRS,b3c329cb5dbcbad6,5563,4882.9185
1784901223217,xyz:SKHX,cd62895403a56e53,5564,119.1295
1784901227096,BTC,a19bfba90251c37d,5565,11579.4638
1784901227096,XRP,aab50b15d0705443,5566,11.9933
1784901227096,BTC,493253ca1fa7a9ea,5567,3253.26268
1784901227096,BTC,c8da50c6ee4f5ad4,5568,6039.12096
1784901227096,BTC,e778a269997764e2,5569,4026.08064
1784901230150,BTC,b129772451a23da9,5570,278.96588
1784901230150,BTC,6de395d664bd79d4,5571,1805.60026
1784901230150,BTC,3a7837355b4c9905,5572,765.87651
1784901230150,BTC,6d3b83158ee5edbc,5573,10.23728
1784901230150,SOL,56493728338c270c,5574,171.76584
1784901230150,BTC,4a9222a365368697,5575,77.41943
1784901230150,ETH,db5e2412b8950515,5576,67.31088
1784901230150,BTC,278e9e7eb29667ab,5577,199.62696
1784901230150,ETH,8af30ce2eafb979d,5578,1220.472
1784901230150,XRP,42f91b703cedf92c,5579,11.99
1784901230150,BTC,650844daa959da03,5580,215.62271
1784901230150,BTC,de3348637e5ac1f4,5581,476.03352
1784901230150,ETH,ba64efe98440796e,5582,316.39812
1784901230150,SOL,0ca4df99041f7afb,5583,953.59656
1784901230150,SOL,0ca4df99041f7afb,5583,145.85092
1784901230150,SOL,0ca4df99041f7afb,5583,436.06615
1784901230150,SOL,0ca4df99041f7afb,5583,102.16692
1784901230150,SOL,0ca4df99041f7afb,5583,3949.7139
1784901230150,ETH,cea6032b929ec8d3,5584,11.83488
1784901230150,SOL,0c069f46acc3f4c8,5585,596.71404
1784901230150,BTC,791268c60c29d77e,5586,143.32192
1784901230150,BTC,5e401f8b8f52bec1,5587,143.32192
1784901230150,BTC,ebb2e565a9b5df6f,5588,916.23656
1784901230150,ETH,b168ed0e9caa9444,5589,1164.996
1784901230150,ETH,b168ed0e9caa9444,5589,714.67715
1784901230150,BTC,81b316721c07426b,5590,76.13977
1784901230150,ETH,c3f37708c1f0c342,5591,590.78745
1784901230150,ETH,c3f37708c1f0c342,5591,129.99173
1784901230150,ETH,c3f37708c1f0c342,5591,41.05002
1784901230150,ETH,c3f37708c1f0c342,5591,1984.45412
1784901230150,ETH,c3f37708c1f0c342,5591,110.76109
1784901230150,ETH,c3f37708c1f0c342,5591,4018.0943
1784901230150,ETH,c3f37708c1f0c342,5591,14.9769
1784901230150,ETH,c3f37708c1f0c342,5591,665.64
1784901230150,ETH,c3f37708c1f0c342,5591,10.3544
1784901230150,ETH,c3f37708c1f0c342,5591,10.3544
1784901230150,ETH,c3f37708c1f0c342,5591,4422.2533
1784901230150,BTC,5985f1757bd7f6d0,5592,506.74536
1784901230150,BTC,908160d0ed5050c2,5593,20479.03881
1784901230150,ETH,6992a70fadea519f,5594,529.9234
1784901230150,ETH,c9af6e48813867bc,5595,1306.8732
1784901230150,BTC,1eecf6123c8055e6,5596,103.01263
1784901230150,ETH,b35f91c87e06ccff,5597,10174.8621
1784901230150,ETH,8eda8e13eb3726ce,5598,56.3945
1784901230150,BTC,d5acad94f1202ff7,5599,1286.0583
1784901230150,BTC,84b971665693fe25,5600,215.62271
1784901230150,ETH,c590fcf473399c35,5601,734.053
1784901230150,ETH,d0db50255c72fad2,5602,181.3869
1784901230150,BTC,8d3005833dffb1d0,5603,33235.32952
1784901230150,ETH,51c5107f9a06b409,5604,134.977
1784901230150,BTC,381066dcf7489aa8,5605,1996.2696
1784901230150,BTC,376c0362a67fa1e9,5606,11.51694
1784901230150,BTC,271e5cba1739c9dd,5607,1430.02005
1784901230150,BTC,30bf0d5b9f9f2f5a,5608,1408.26583
1784901230150,BTC,8e407a2404d5ca63,5609,17240.85918
1784901230150,BTC,1150934a853358a7,5610,71.02113
1784901230150,BTC,140a7fb9c0c39e4f,5611,10.23728
1784901230150,ETH,29a8cc9b300256c6,5612,285.4856
1784901230150,ETH,044b75a00566a201,5613,2446.7817
1784901230150,BTC,98d44a57dd0a98d3,5614,97.89399
1784901230150,ETH,67240edf52305d04,5615,213.3746
1784901230150,ETH,5581db189c8faf67,5616,459.1067
1784901230150,ETH,5581db189c8faf67,5616,748.845
1784901230150,ETH,5581db189c8faf67,5616,608.321
1784901230150,ETH,5581db189c8faf67,5616,378.8601
1784901230150,ETH,7cfe4123e935c16c,5617,1306.1336
1784901230150,ETH,a0ffedf63940f58c,5618,1008.4446
1784901230150,BTC,4e188442192e5311,5619,398.61409
1784901230150,BTC,cf67625607a8c3fe,5620,49.26691
1784901230150,BTC,e94187b00e1b2f01,5621,10.23728
1784901230150,BTC,d4c8e1a4a8978dc1,5622,4541.51334
1784901230150,BTC,cb50c18eb850beb6,5623,324.39381
1784901230150,BTC,846da6052e39223b,5624,10834.24139
1784901230150,BTC,c14190d610063611,5625,23.03388
1784901230150,BTC,98c9cbc2697664a8,5626,1922.04932
1784901232903,BTC,9a637cb68e255974,5627,2203.6976
1784901232903,SOL,cd637d4f0375d027,5628,50.35604
1784901232903,ETH,668ea59236efb5e0,5629,85.9506
1784901232903,BTC,b605a1e7252f8cc8,5630,2009.87456
1784901232903,BTC,b605a1e7252f8cc8,5630,12034.93952
1784901232903,SOL,47e226fd4d4a78cc,5631,11.84848
1784901232903,ETH,c9df5d828173f010,5632,554.70484
1784901232903,BTC,7d545703da6ebb61,5633,363.33824
1784901232903,BTC,4bda03f3d499ca3d,5634,5766.7152
1784901232903,BTC,bfbdb8e33e0f8dca,5635,168.87552
1784901232903,SOL,f8f4ddaf12eb0417,5636,176.24614
1784901232903,BTC,7d9e0e9ef62d379e,5637,751.624
1784901232903,SOL,77255d9b95252fd4,5638,11.84848
1784901232903,BTC,550c97897e72b9aa,5639,12.15392
1784901232903,SOL,550c97897e72b9aa,5640,11.84848
1784901232903,BTC,57fc83bf2d6e7098,5641,48.61568
1784901232903,ETH,38784687d8467dd4,5642,85.0264
1784901232903,BTC,a1e8fa3ac65573c0,5643,1020.92928
1784901232903,ETH,7669f51764ee33a5,5644,50.27648
1784901232903,SOL,32820cdfad08d5d0,5645,326.57373
1784901232903,SOL,32820cdfad08d5d0,5645,177.7272
1784901232903,BTC,b7b4acdbe6a8119a,5646,1693.23296
1784901232903,ETH,491d0657e2f38eda,5647,1060.42708
1784901232903,BTC,88f5ff59a0108806,5648,5073.30208
1784901232903,BTC,5fc31f966ef83b14,5649,301.28928
1784901232903,BTC,f4e058a7e7cdcd23,5650,12.15392
1784901232903,SOL,4517bc3ae3c75e42,5651,1054.51472
1784901232903,SOL,626992ed55089a1f,5652,380.63242
1784901232903,BTC,1319b0203b93f7b1,5653,320.47968
1784901232903,BTC,1efb3c7d0f525f21,5654,1210.27456
1784901232903,BTC,92864207342fefa1,5655,12.15392
1784901232903,BTC,41cb31c8d0b252fc,5656,12.15392
1784901232903,BTC,fe1006ef9280c89b,5657,232.20384
1784901232903,SOL,184a37333f3f50b3,5658,266.5872
1784901232903,BTC,8fec83244b4c9a56,5659,2509.46464
1784901232903,BTC,cabdffd97a7b379a,5660,1574.25248
1784901232903,SOL,69695739a2aef433,5661,336.9366
1784901232903,SOL,46f5de6a6f9b0b0c,5662,48.1338
1784901232903,SOL,46f5de6a6f9b0b0c,5662,1278.13752
1784901232903,BTC,78519f4949beb325,5663,156.08192
1784901232903,BTC,b1165a8269320c9e,5664,101.06944
1784901232903,SOL,c6dd4cae8ecfc18f,5665,302.87268
1784901232903,SOL,071d1c23ef14ddcf,5666,196.97832
1784901232903,SOL,335ed98ec7a19d65,5667,131.07204
1784901232903,BTC,77e408f909352452,5668,1289.59488
1784901232903,BTC,679e1bc0a4edc9e3,5669,79.32032
1784901232903,BTC,c09264ad1be542f1,5670,394.68256
1784901232903,ETH,78ef2edd8d141230,5671,3627.66984
1784901232903,BTC,459881f615a92283,5672,1668.28544
1784901232903,BTC,f2c515b58cce4aaa,5673,33.90304
1784901232903,BTC,a38afb71dea6674c,5674,1988.76512
1784901232903,BTC,6f7ea9437a9c8a6d,5675,919.85984
1784901232903,BTC,fda26e41b19388ab,5676,163.75808
1784901232903,BTC,8bcb818f307eb423,5677,1951.66368
1784901232903,SOL,e3daa8a2cf611c86,5678,2100.85524
1784901232903,SOL,e3daa8a2cf611c86,5678,2776.9125
1784901232903,SOL,e3daa8a2cf611c86,5678,2776.9125
1784901232903,SOL,e3daa8a2cf611c86,5678,2776.9125
1784901232903,SOL,e3daa8a2cf611c86,5678,2776.9125
1784901232903,SOL,e3daa8a2cf611c86,5678,2776.9125
1784901232903,SOL,e3daa8a2cf611c86,5678,4010.60216
1784901232903,SOL,e3daa8a2cf611c86,5678,2776.9125
1784901232903,SOL,e3daa8a2cf611c86,5678,2776.9125
1784901232903,SOL,e3daa8a2cf611c86,5678,2776.9125
1784901232903,SOL,e3daa8a2cf611c86,5678,2776.9125
1784901232903,SOL,e3daa8a2cf611c86,5678,2776.9125
1784901232903,SOL,e3daa8a2cf611c86,5678,2776.9125
1784901232903,SOL,e3daa8a2cf611c86,5678,2776.9125
1784901232903,SOL,e3daa8a2cf611c86,5678,4010.60216
1784901232903,SOL,e3daa8a2cf611c86,5678,8835.76532
1784901232903,SOL,e3daa8a2cf611c86,5678,2776.9125
1784901232903,SOL,e3daa8a2cf611c86,5678,2776.9125
1784901232903,SOL,e3daa8a2cf611c86,5678,2776.9125
1784901232903,SOL,e3daa8a2cf611c86,5678,2776.875
1784901232903,SOL,e3daa8a2cf611c86,5678,2776.875
1784901232903,SOL,e3daa8a2cf611c86,5678,2776.875
1784901232903,SOL,e3daa8a2cf611c86,5678,2776.875
1784901232903,SOL,e3daa8a2cf611c86,5678,2776.875
1784901232903,SOL,e3daa8a2cf611c86,5678,1169.2495
1784901232903,ETH,5b2e4c2698627a38,5679,302.39824
1784901232903,SOL,7e4e5cb68f9e8fad,5680,433.933
1784901232903,SOL,711434f11c329506,5681,19.9935
1784901232903,BTC,2e2d120efc1e5a0a,5682,400.43968
1784901232903,BTC,999b65e33d4b8a84,5683,12.15392
1784901232903,SOL,0e6089977c448bad,5684,794.5565
1784901232903,BTC,ed982732ca92334b,5685,1220.50944
1784901232903,BTC,ed982732ca92334b,5685,283.37824
1784901232903,BTC,ed982732ca92334b,5685,38.3808
1784901232903,BTC,fddacfdf07b14405,5686,71.00448
1784901232903,BTC,1147ecd50f27777d,5687,243.0784
1784901232903,SOL,eef4c38ebc6f3dcc,5688,975.2385
1784901232903,SOL,f03ca5fc48d54c1d,5689,617.577
1784901232903,SOL,f03ca5fc48d54c1d,5689,521.312
1784901232903,BTC,346c29a887ef43bb,5690,31.34432
1784901232903,BTC,346c29a887ef43bb,5690,5291.43296
1784901232903,ETH,0478484ebccf58c7,5691,45.10096
1784901232903,BTC,1359b4a8bb9b58f3,5692,1020.92928
1784901232903,BTC,7b72b61525875418,5693,148.40576
1784901232903,SOL,367d3013adec0ea6,5694,2255.563
1784901232903,SOL,367d3013adec0ea6,5694,2776.875
1784901232903,SOL,367d3013adec0ea6,5694,2748.736
1784901232903,BTC,a17f907d7863de0b,5695,5911.28288
1784901232903,SOL,ab163e92105cd2fe,5696,17.0315
1784901232903,BTC,5fdb36e115a61c26,5697,269.94496
1784901232903,ETH,e3f5af5aad481906,5698,159.51692
1784901232903,BTC,31940d39b33876fb,5699,181.02944
1784901232903,SOL,f5d81b983efce570,5700,11.1075
1784901232903,SOL,f5d81b983efce570,5700,91.0815
1784901232903,ETH,e674d0dbe8a00968,5701,14219.00184
1784901232903,SOL,31b8b5f064016760,5702,2685.7935
1784901232903,SOL,31b8b5f064016760,5702,2776.875
1784901232903,SOL,31b8b5f064016760,5702,2776.875
1784901232903,SOL,31b8b5f064016760,5702,2776.875
1784901232903,SOL,31b8b5f064016760,5702,2776.875
1784901232903,SOL,31b8b5f064016760,5702,2776.875
1784901232903,SOL,31b8b5f064016760,5702,2776.875
1784901232903,SOL,31b8b5f064016760,5702,4010.548
1784901232903,SOL,31b8b5f064016760,5702,5584.03509
1784901232903,SOL,31b8b5f064016760,5702,2776.8375
1784901232903,SOL,31b8b5f064016760,5702,2776.8375
1784901232903,SOL,31b8b5f064016760,5702,2776.8375
1784901232903,SOL,31b8b5f064016760,5702,2776.8375
1784901232903,SOL,31b8b5f064016760,5702,5584.03509
1784901232903,SOL,31b8b5f064016760,5702,2776.8375
1784901232903,SOL,31b8b5f064016760,5702,4010.49384
1784901232903,SOL,31b8b5f064016760,5702,2776.8375
1784901232903,SOL,31b8b5f064016760,5702,2776.8375
1784901232903,SOL,31b8b5f064016760,5702,2776.8375
1784901232903,SOL,31b8b5f064016760,5702,2776.8375
1784901232903,SOL,31b8b5f064016760,5702,5584.03509
1784901232903,SOL,31b8b5f064016760,5702,2776.8375
1784901232903,SOL,31b8b5f064016760,5702,2776.8375
1784901232903,SOL,31b8b5f064016760,5702,5584.03509
1784901232903,SOL,31b8b5f064016760,5702,2776.8375
1784901232903,SOL,31b8b5f064016760,5702,5584.03509
1784901232903,SOL,31b8b5f064016760,5702,2776.8375
1784901232903,SOL,31b8b5f064016760,5702,2776.8375
1784901232903,SOL,31b8b5f064016760,5702,5584.03509
1784901232903,SOL,31b8b5f064016760,5702,4010.49384
1784901232903,SOL,31b8b5f064016760,5702,2776.8375
1784901232903,SOL,31b8b5f064016760,5702,5583.95968
1784901232903,SOL,31b8b5f064016760,5702,2776.8
1784901232903,SOL,31b8b5f064016760,5702,2776.8
1784901232903,SOL,31b8b5f064016760,5702,2776.8
1784901232903,SOL,31b8b5f064016760,5702,5583.95968
1784901232903,SOL,31b8b5f064016760,5702,2776.8
1784901232903,SOL,31b8b5f064016760,5702,2776.8
1784901232903,SOL,31b8b5f064016760,5702,4010.43968
1784901232903,SOL,31b8b5f064016760,5702,5583.95968
1784901232903,SOL,31b8b5f064016760,5702,1021.12192
1784901232903,SOL,31b8b5f064016760,5702,1021.12192
1784901232903,SOL,31b8b5f064016760,5702,2776.8
1784901232903,SOL,31b8b5f064016760,5702,2776.8
1784901232903,SOL,31b8b5f064016760,5702,2776.8
1784901232903,SOL,31b8b5f064016760,5702,2776.8
1784901232903,SOL,31b8b5f064016760,5702,1538.71744
1784901235950,SOL,31b8b5f064016760,5702,9424.49382
1784901235950,SOL,31b8b5f064016760,5702,18203.95117
1784901235950,SOL,31b8b5f064016760,5702,4009.44598
1784901235950,SOL,31b8b5f064016760,5702,499.88475
1784901235950,SOL,31b8b5f064016760,5702,326.59137
1784901235950,SOL,31b8b5f064016760,5702,5004.03149
1784901235950,SOL,31b8b5f064016760,5702,5456.89188
1784901235950,SOL,31b8b5f064016760,5702,5003.62607
1784901235950,SOL,31b8b5f064016760,5702,11.10705
1784901235950,SOL,31b8b5f064016760,5702,5665.33597
1784901235950,SOL,31b8b5f064016760,5702,19999.08414
1784901235950,SOL,31b8b5f064016760,5702,1471.99472
1784901235950,SOL,31b8b5f064016760,5702,9643.23008
1784901235950,SOL,31b8b5f064016760,5702,740.42
1784901235950,SOL,31b8b5f064016760,5702,4517.24141
1784901235950,SOL,31b8b5f064016760,5702,2887.599
1784901235950,SOL,31b8b5f064016760,5702,1056.56507
1784901235950,SOL,31b8b5f064016760,5702,1056.5508
1784901235950,SOL,31b8b5f064016760,5702,30027.99723
1784901235950,SOL,31b8b5f064016760,5702,5003.48804
1784901235950,SOL,31b8b5f064016760,5702,1056.52226
1784901235950,SOL,31b8b5f064016760,5702,15971.47736
1784901235950,SOL,31b8b5f064016760,5702,140.6722
1784901235950,SOL,31b8b5f064016760,5702,1056.49372
1784901235950,SOL,31b8b5f064016760,5702,109.56884
1784901235950,SOL,31b8b5f064016760,5702,74.77232
1784901235950,SOL,31b8b5f064016760,5702,999.432
1784901235950,SOL,31b8b5f064016760,5702,499.716
1784901235950,SOL,31b8b5f064016760,5702,1292.58126
1784901235950,SOL,31b8b5f064016760,5702,30026.9736
1784901235950,SOL,31b8b5f064016760,5702,423.44588
1784901235950,SOL,31b8b5f064016760,5702,499.69575
1784901235950,SOL,31b8b5f064016760,5702,490.07198
1784901235950,SOL,31b8b5f064016760,5702,155428.44852
1784901235950,SOL,31b8b5f064016760,5702,299.8134
1784901235950,SOL,31b8b5f064016760,5702,5003.55252
1784901235950,SOL,31b8b5f064016760,5702,3999.67881
1784901235950,SOL,31b8b5f064016760,5702,67.36457
1784901235950,SOL,31b8b5f064016760,5702,7572.9621
1784901235950,SOL,31b8b5f064016760,5702,15971.84976
1784901235950,SOL,31b8b5f064016760,5702,5914.6774
1784901235950,SOL,31b8b5f064016760,5702,4513.30425
1784901235950,SOL,31b8b5f064016760,5702,60054.26175
1784901235950,SOL,31b8b5f064016760,5702,12036.465
1784901235950,SOL,31b8b5f064016760,5702,20127.86584
1784901235950,SOL,31b8b5f064016760,5702,37533.8692
1784901235950,SOL,31b8b5f064016760,5702,3458.35456
1784901235950,SOL,31b8b5f064016760,5702,666.207
1784901235950,SOL,31b8b5f064016760,5702,95505.95506
1784901235950,SOL,31b8b5f064016760,5702,11248.53508
1784901235950,SOL,31b8b5f064016760,5702,67.36002
1784901235950,SOL,31b8b5f064016760,5702,1205.07816
1784901232903,BTC,d6649b8ba26b3091,5703,174.63264
1784901232903,ETH,8d0a87d5595f3106,5704,173.93444
1784901232903,BTC,ee19d9a8ad35c4ec,5705,202.77856
1784901232903,BTC,0c23c5d6390de716,5706,3951.30336
1784901232903,BTC,36271a381a5428a8,5707,2663.62752
1784901232903,BTC,503f8815b438c8fd,5708,351.824
1784901232903,SOL,81bd88a60389cf4b,5709,189.56288
1784901232903,BTC,478bbb7326a8bd9c,5710,4869.24416
1784901232903,BTC,1d5932c6ab400811,5711,1745.04704
1784901232903,BTC,1d5932c6ab400811,5711,18147.08192
1784901232903,BTC,1d5932c6ab400811,5711,19.1904
1784901232903,BTC,1d5932c6ab400811,5711,499.59008
1784901232903,BTC,1d5932c6ab400811,5711,999.81984
1784901232903,BTC,1d5932c6ab400811,5711,16874.7584
1784901232903,ETH,7b387d50e7c905c5,5712,443.80084
1784901232903,SOL,ffc310caf3a330cd,5713,418.3712
1784901232903,ETH,1b74cb70abe37020,5714,14952.44696
1784901232903,BTC,35d084eb201c5afd,5715,731.79392
1784901232903,SOL,6bbb3c2417ec86d6,5716,11.84768
1784901232903,SOL,2d6dec6787ca9700,5717,11.84768
1784901232903,SOL,f9529cb809cb0c38,5718,131.06496
1784901232903,ETH,465e84a7de4785fd,5719,176.89188
1784901232903,BTC,c46647944dce4063,5720,10.87456
1784901232903,BTC,b3abc9d195035d13,5721,79.32032
1784901232903,BTC,d29ddb78b680563d,5722,645.43712
1784901232903,ETH,1b94b5510cc2cffd,5723,468.19972
1784901232903,BTC,59e0cb01d53994de,5724,339.67008
1784901232903,BTC,238bc43c4eb426ec,5725,243.71808
1784901232903,SOL,0f150642a7d9f358,5726,144.3936
1784901232903,ETH,a3c2119daa9be162,5727,11.82976
1784901232903,ETH,d4107498bcfb91e8,5728,28.28052
1784901232903,ETH,cbbd50794f674472,5729,115.70984
1784901232903,BTC,dfdde01ae3b9952f,5730,153.5232
1784901232903,BTC,52c922fd42628e27,5731,8743.78592
1784901232903,ETH,9cdeae2d6807b72a,5732,11.82976
1784901232903,BTC,b12addce29e92666,5733,1685.5568
1784901232903,BTC,f25f77c3bb65eb15,5734,55.01248
1784901232903,BTC,2e0ead30effb3566,5735,1208.9952
1784901232903,ETH,7ab2d91d074abc8d,5736,15048.00924
1784901232903,ETH,7ab2d91d074abc8d,5736,1124.93624
1784901232903,ETH,7ab2d91d074abc8d,5736,62969.07312
1784901232903,BTC,826b2a0cac3a8cb7,5737,1086.81632
1784901232903,SOL,286ae76a7024796a,5738,330.99456
1784901232903,SOL,286ae76a7024796a,5738,294.71104
1784901232903,BTC,033b716c65abf800,5739,314.72256
1784901232903,BTC,9c9714898a78468d,5740,625.60704
1784901232903,SOL,56d76f94cf48a21d,5741,65.16224
1784901232903,BTC,5f806d73df8812d7,5742,11.51424
1784901232903,BTC,5024d5fd76285c4e,5743,160.55968
1784901232903,BTC,2b2e8ed689f9036f,5744,64915.36608
1784901232903,BTC,2b2e8ed689f9036f,5744,100092.64864
1784901232903,BTC,2b2e8ed689f9036f,5744,120111.43424
1784901232903,BTC,2b2e8ed689f9036f,5744,10000.11744
1784901232903,BTC,2b2e8ed689f9036f,5744,33340.24007
1784901232903,BTC,2b2e8ed689f9036f,5744,49.89426
1784901232903,BTC,2b2e8ed689f9036f,5744,55296.91282
1784901235950,BTC,2b2e8ed689f9036f,5744,87208.07732
1784901235950,BTC,2b2e8ed689f9036f,5744,101874.75656
1784901235950,BTC,2b2e8ed689f9036f,5744,6333.426
1784901235950,BTC,2b2e8ed689f9036f,5744,1251.33144
1784901235950,BTC,2b2e8ed689f9036f,5744,199.59888
1784901235950,BTC,2b2e8ed689f9036f,5744,5117.92
1784901235950,BTC,2b2e8ed689f9036f,5744,5117.92
1784901235950,BTC,2b2e8ed689f9036f,5744,9962.03128
1784901235950,BTC,2b2e8ed689f9036f,5744,5117.92
1784901235950,BTC,2b2e8ed689f9036f,5744,2035.65268
1784901235950,BTC,2b2e8ed689f9036f,5744,383.844
1784901235950,BTC,2b2e8ed689f9036f,5744,134430.48542
1784901235950,BTC,2b2e8ed689f9036f,5744,4802.52818
1784901235950,BTC,2b2e8ed689f9036f,5744,1124.66292
1784901235950,BTC,2b2e8ed689f9036f,5744,29999.96756
1784901235950,BTC,2b2e8ed689f9036f,5744,19.1922
1784901235950,BTC,2b2e8ed689f9036f,5744,5629.712
1784901235950,BTC,2b2e8ed689f9036f,5744,43839.46298
1784901235950,BTC,2b2e8ed689f9036f,5744,58328.66221
1784901235950,BTC,2b2e8ed689f9036f,5744,140.7406
1784901235950,BTC,2b2e8ed689f9036f,5744,5629.624
1784901235950,BTC,2b2e8ed689f9036f,5744,399.83125
1784901235950,BTC,2b2e8ed689f9036f,5744,6333.228
1784901235950,BTC,2b2e8ed689f9036f,5744,46720.03104
1784901235950,BTC,2b2e8ed689f9036f,5744,50046.57504
1784901235950,BTC,2b2e8ed689f9036f,5744,3698.16351
1784901235950,BTC,2b2e8ed689f9036f,5744,6333.129
1784901235950,BTC,2b2e8ed689f9036f,5744,29996.64161
1784901235950,BTC,2b2e8ed689f9036f,5744,6160.4073
1784901235950,BTC,2b2e8ed689f9036f,5744,7936.24226
1784901235950,BTC,2b2e8ed689f9036f,5744,28820.4041
1784901235950,BTC,2b2e8ed689f9036f,5744,99985.7497
1784901235950,BTC,2b2e8ed689f9036f,5744,134422.0801
1784901235950,BTC,2b2e8ed689f9036f,5744,7908.6111
1784901235950,BTC,2b2e8ed689f9036f,5744,10580.4726
1784901235950,BTC,2b2e8ed689f9036f,5744,2000.31063
1784901235950,BTC,2b2e8ed689f9036f,5744,65211.27798
1784901235950,BTC,2b2e8ed689f9036f,5744,140129.21202
1784901235950,BTC,2b2e8ed689f9036f,5744,153523.2
1784901235950,BTC,2b2e8ed689f9036f,5744,6204.896
1784901235950,BTC,2b2e8ed689f9036f,5744,29995.23488
1784901235950,BTC,2b2e8ed689f9036f,5744,127.936
1784901235950,BTC,2b2e8ed689f9036f,5744,75069.00672
1784901235950,BTC,2b2e8ed689f9036f,5744,55876.45384
1784901235950,BTC,2b2e8ed689f9036f,5744,5757.03
1784901235950,BTC,2b2e8ed689f9036f,5744,10.23472
1784901235950,BTC,2b2e8ed689f9036f,5744,49.89426
1784901235950,BTC,2b2e8ed689f9036f,5744,5629.096
1784901235950,BTC,2b2e8ed689f9036f,5744,4802.00269
1784901235950,BTC,2b2e8ed689f9036f,5744,4908.11118
1784901235950,BTC,2b2e8ed689f9036f,5744,127.932
1784901235950,BTC,2b2e8ed689f9036f,5744,30.06402
1784901235950,BTC,2b2e8ed689f9036f,5744,37956.14508
1784901232903,ETH,828450213633c9b6,5745,689.08352
1784901232903,ETH,3d7df8d89f16b250,5746,146.9478
1784901232903,BTC,f753a7b518c975fe,5747,184.86463
1784901232903,ETH,abc38903a3e2c1d6,5748,491.48956
1784901232903,ETH,9580f9c657901499,5749,44.3616
1784901232903,BTC,d7f346a972fced8c,5750,692.12294
1784901232903,SOL,a17d5f522ef350d2,5751,106.62912
1784901232903,BTC,632d92d1e4168651,5752,197.65803
1784901232903,BTC,39fb0d25d8ed5a21,5753,2018.79852
1784901232903,ETH,c14be6ef1a77f2a4,5754,58.2246
1784901232903,ETH,65d3b9ae0faea14d,5755,679.47184
1784901232903,ETH,e98b114a6444f041,5756,293.8956
1784901232903,SOL,fdd23249e24adf95,5757,800.45888
1784901232903,BTC,fed24ae74043f364,5758,190.62166
1784901232903,BTC,c4e99d05b762b92b,5759,149.68278
1784901232903,BTC,e0fd7a83fc6f7d35,5760,1546.72206
1784901232903,BTC,d0908481a4ecdcc8,5761,558.43191
1784901232903,BTC,2716a46a2bfc7440,5762,49.25459
1784901232903,BTC,16e90dc307fa2f0b,5763,586.57739
1784901232903,BTC,bab46049a587c1aa,5764,10.23472
1784901232903,BTC,7589df77563cd669,5765,7867.941
1784901232903,ETH,95618c4e68709522,5766,199.6272
1784901232903,SOL,ce23f6be8a5aadd5,5767,1509.83872
1784901232903,SOL,ce23f6be8a5aadd5,5767,2216.25664
1784901232903,BTC,064b727f1524df47,5768,12.15373
1784901232903,BTC,08d610000c3a4646,5769,364.6119
1784901232903,BTC,2077b2d53ffbe504,5770,406.83012
1784901232903,BTC,ccdf8dcd619d488c,5771,3953.80027
1784901232903,BTC,97ee128b1b7b3443,5772,11.51406
1784901232903,SOL,10fb4ac0865c5839,5773,92.56
1784901232903,SOL,2590069d09cd9062,5774,37.76448
1784901232903,BTC,40cc9ff0c51acbcd,5775,1578.06589
1784901232903,BTC,211ca226ba84f1de,5776,877.62724
1784901232903,BTC,8dce3c89480b0669,5777,1633.71718
1784901232903,SOL,3d912ee9a5cda07b,5778,68.12416
1784901232903,BTC,f4852291824afc4d,5779,95.9505
1784901232903,BTC,a58e3a3b4157d04b,5780,42.85789
1784901232903,BTC,cc85947ca0db7d3e,5781,1391.92192
1784901232903,ETH,fd8049c81fe8c82b,5782,11.82976
1784901232903,BTC,2e92f3c9aa764c1c,5783,921.76447
1784901232903,BTC,c84054a6cfe82a7a,5784,3765.09762
1784901232903,BTC,396557523ceaa5a0,5785,2307.92936
1784901232903,BTC,73e0ae97a76a1a02,5786,6226.54778
1784901232903,SOL,cefaf8606fcc47fc,5787,362.09472
1784901232903,SOL,cefaf8606fcc47fc,5787,5058.21888
1784901232903,BTC,2bbd968e238be10b,5788,3198.35
1784901232903,ETH,0a7b260145c8f145,5789,75.04504
1784901232903,BTC,03290a1cfcbf6d94,5790,1790.43633
1784901232903,BTC,1bf2d2d649382403,5791,273.13909
1784901232903,ETH,170d68b166b553f7,5792,36968.0
1784901235950,ETH,170d68b166b553f7,5792,3627.37947
1784901235950,ETH,170d68b166b553f7,5792,76877.44196
1784901235950,ETH,170d68b166b553f7,5792,2061.00686
1784901235950,ETH,170d68b166b553f7,5792,511.09124
1784901235950,ETH,170d68b166b553f7,5792,1379.79842
1784901235950,ETH,170d68b166b553f7,5792,486.3133
1784901235950,ETH,170d68b166b553f7,5792,29999.61349
1784901235950,ETH,170d68b166b553f7,5792,499.99664
1784901235950,ETH,170d68b166b553f7,5792,20.15519
1784901235950,ETH,170d68b166b553f7,5792,20000.05051
1784901235950,ETH,170d68b166b553f7,5792,168.259
1784901235950,ETH,170d68b166b553f7,5792,9818.5598
1784901235950,ETH,170d68b166b553f7,5792,2477.66
1784901232903,BTC,0ba861db5a0b504a,5793,581.46003
1784901232903,BTC,8a85ae48f4e56a9a,5794,118.97862
1784901232903,BTC,c97b4807ed3ecbb4,5795,2350.14758
1784901232903,ETH,38631016ca2e8162,5796,453.22768
1784901232903,BTC,3e35f12630987e5d,5797,12.15373
1784901232903,SOL,eb47c5f76aaffc1e,5798,525.7408
1784901232903,SOL,eb47c5f76aaffc1e,5798,955.2192
1784901232903,ETH,7a3d314471f7e03d,5799,101.29232
1784901232903,BTC,ca38df322f949834,5800,69.08436
1784901232903,ETH,1e63fd7eeb1cf26c,5801,39.92544
1784901232903,ETH,38028491210783a9,5802,15.89624
1784901232903,BTC,0998fad674cff2af,5803,80.59842
1784901232903,SOL,6009344a07303540,5804,328.03264
1784901232903,BTC,4a466d24549bc475,5805,908.3314
1784901232903,BTC,73aabb713733b883,5806,769.52301
1784901232903,BTC,9b0b1d6dc8057d0d,5807,385.72101
1784901232903,BTC,37470921282489eb,5808,1078.48362
1784901232903,BTC,a7e73b9bcdb69fa1,5809,908.97107
1784901232903,BTC,a98971e02b6ee6fd,5810,10188.02409
1784901232903,BTC,17060ac349e757be,5811,862.27516
1784901232903,BTC,de87a5ed036e9994,5812,5942.5343
1784901235076,xyz:CL,b7a4e6c0a7863402,5813,10.081568
1784901235076,xyz:CL,b7a4e6c0a7863402,5813,166.24847
1784901235950,ETH,d70eb5af3349283d,5814,11.83424
1784901235950,ETH,0f56f185e5682596,5815,118.89713
1784901235950,kPEPE,4b21f954643ad67d,5816,763.303112
1784901235950,kPEPE,4b21f954643ad67d,5816,350.346282
1784901235950,kPEPE,4b21f954643ad67d,5816,362.225006
1784901235950,kPEPE,4b21f954643ad67d,5816,8.303152
1784901235950,ETH,05fa4573fd036bbc,5817,50.48043
1784901235950,ETH,06e80db6cc8dece1,5818,248.88886
1784901235950,ETH,617ee4a3e584c716,5819,39.9384
1784901238966,LINK,a6c85a7d520f78fd,5820,63.94465
1784901241933,ETH,b8b1de08f025722d,5821,33.2838
1784901241933,ETH,d39a29de8b6240fa,5822,11.83424
1784901241933,ETH,2f5ba9cf22ea4897,5823,1314.89501
1784901241933,ETH,9057fe0ef5bb752a,5824,111.50073
1784901241933,ETH,3c4703413d4025f5,5825,158.83769
1784901241933,ETH,a55e7b378c5521a6,5826,1877.39123
1784901244991,ENA,a5341d0c3fc622b1,5827,499.962427
1784901244991,ENA,a5341d0c3fc622b1,5827,499.98412
1784901244991,ENA,a5341d0c3fc622b1,5827,351.105726
1784901244991,ENA,a5341d0c3fc622b1,5827,542.342679
1784901247067,xyz:SNDK,a342688cab3bd1b2,5828,60.9137
1784901247067,xyz:SNDK,ae25275b88b12a1c,5829,5844.7438
1784901247067,xyz:SNDK,ae25275b88b12a1c,5829,3823.9344
1784901247067,xyz:SNDK,ae25275b88b12a1c,5829,1412.4252
1784901247067,xyz:SNDK,ae25275b88b12a1c,5829,8936.4484
1784901247067,xyz:SKHX,28545bf72e447489,5830,2603.5212
1784901247067,xyz:SNDK,cf9ec94a591c4e8e,5831,429.2228
1784901247067,xyz:SNDK,4b9f954058860580,5832,1066.3736
1784901247067,xyz:SNDK,4b9f954058860580,5832,953.4342
1784901248017,kPEPE,b2dd78b4170a6085,5833,337.526085
1784901250093,xyz:MRVL,99ca45abe7e034e9,5834,47.2896
1784901250093,xyz:INTC,f8d49ae1e46e6cec,5835,213.52626
1784901250093,xyz:MRVL,29e7b93ce95317a1,5836,7.8816
1784901250093,xyz:INTC,bd95ee6a25f81e01,5837,786.77694
1784901250093,xyz:INTC,bd95ee6a25f81e01,5837,399.1387
1784901251035,SOL,07a103b06c6f50d0,5838,222.09
1784901251035,SOL,c246c5561c6986b0,5839,11.8448
1784901251035,SOL,0f1c2020c808653f,5840,66.627
1784901251035,SOL,63e3da302cebbfda,5841,309.4454
1784901251035,SOL,6f02d78600d3e665,5842,11.8448
1784901251035,SOL,ea43009df785c9a5,5843,1239.2622
1784901251035,SOL,1ce363eaf87aba21,5844,43.6777
1784901251035,SOL,1ce363eaf87aba21,5844,546.3414
1784901251035,SUI,065567601856c730,5845,18.70544
1784901253101,xyz:NVDA,7707c02e48aca55e,5846,43.64232
1784901253101,xyz:SNDK,56cbe91a68110c0c,5847,1900.4661
1784901253101,xyz:XYZ100,61e2013f8b6340c9,5848,31.0079
1784901253101,xyz:SNDK,af69b4215a5f1a89,5849,1255.5855
1784901254227,SUI,46d6f69f2a20020f,5850,183.079665
1784901259133,xyz:XYZ100,711a13114ad19878,5851,33.8208
1784901259133,xyz:XYZ100,711a13114ad19878,5851,98.644
1784901259133,xyz:SHAZ,5b250b6ff42e9766,5852,58.89397
1784901262141,SOL,4f4a16fbac4289b2,5853,632.64015
1784901262141,SOL,263cf0e7af9c41e4,5854,1104.71549
1784901262141,SOL,f313c30a3f987244,5855,143.54642
1784901262141,SOL,96186bfc749ddf38,5856,580.84505
1784901262141,SOL,463aaef39d8130aa,5857,430.63926
1784901262141,SOL,1b9c54fb5ca55172,5858,15983.22793
1784901262141,SOL,1b9c54fb5ca55172,5858,162.7824
1784901262141,SOL,4b645d982b3e5b4a,5859,234.55464
1784901262141,SOL,ce4f80f94758b580,5860,5076.59112
1784901262141,SOL,ce4f80f94758b580,5860,12.5783
1784901262141,SOL,ce4f80f94758b580,5860,12134.77188
1784901262141,SOL,8869a58e793889d1,5861,348.48348
1784901262141,SOL,72abab20116f7bcd,5862,34.03448
1784901262141,SOL,f867fe72e92032ec,5863,41.43328
1784901262141,SOL,1873818041c133da,5864,11.83808
1784901262141,SOL,f89cb15ba5fead5e,5865,1349.54112
1784901264745,SOL,71d261006ea08523,5866,11.84448
1784901266012,para:IREN,4568d31822f369a4,5867,9.47275
1784901271179,xyz:KIOXIA,35ec287a52290baa,5868,84.10257
1784901271179,xyz:RKLB,46a0c5eb6a636cd8,5869,321.50766
1784901277213,xyz:HIMS,9af8ebcf12445f88,5870,15.00288
1784901277213,xyz:HIMS,9af8ebcf12445f88,5870,5.30876
1784901277213,xyz:HIMS,1a382ac5000e34ea,5871,1991.09728
1784901277213,xyz:HIMS,1a382ac5000e34ea,5871,4999.89108
1784901277213,xyz:HIMS,1a382ac5000e34ea,5871,1992.08439
1784901277213,xyz:HIMS,1a382ac5000e34ea,5871,32.77155
1784901277213,xyz:HIMS,1a382ac5000e34ea,5871,1991.94281
1784901277213,xyz:HIMS,1a382ac5000e34ea,5871,10428.10902
1784901277213,xyz:HIMS,f828b625b177dd5e,5872,890.30718
1784901277213,xyz:HIMS,c5847b53327ffc4e,5873,322.9821
1784901277213,xyz:HIMS,089644a002b37e1d,5874,186.92394
1784901283160,xyz:KR200,b7f3f765082a2447,5875,86.96952
1784901283160,xyz:KR200,b7f3f765082a2447,5875,199.46851
1784901283160,xyz:ORCL,1176f4ff7591b146,5876,11.82407
1784901283160,xyz:ORCL,94b4605636be21b1,5877,9974.01279
1784901283160,xyz:ORCL,94b4605636be21b1,5877,1087.74565
1784901283160,xyz:ORCL,94b4605636be21b1,5877,49955.12984
1784901283160,xyz:ORCL,94b4605636be21b1,5877,1043.9076
1784901283160,xyz:ORCL,94b4605636be21b1,5877,8164.36838
1784901292075,xyz:ORCL,94b4605636be21b1,5878,1182.92328
1784901292075,xyz:ORCL,94b4605636be21b1,5878,920.28552
1784901292075,xyz:ORCL,94b4605636be21b1,5878,1043.9076
1784901292075,xyz:ORCL,94b4605636be21b1,5878,49950.86163
1784901292075,xyz:ORCL,94b4605636be21b1,5878,1824.10776
1784901292075,xyz:ORCL,94b4605636be21b1,5878,55710.53054
1784901292075,xyz:ORCL,94b4605636be21b1,5878,1743.68302
1784901292075,xyz:ORCL,94b4605636be21b1,5878,3814.05796
1784901292075,xyz:ORCL,94b4605636be21b1,5878,1799.96483
1784901292075,xyz:ORCL,94b4605636be21b1,5878,1140.516
1784901292075,xyz:ORCL,94b4605636be21b1,5878,1743.534
1784901292075,xyz:ORCL,94b4605636be21b1,5878,3813.40604
1784901292075,xyz:ORCL,94b4605636be21b1,5878,1441.42756
1784901292075,xyz:ORCL,94b4605636be21b1,5878,1743.23596
1784901292075,xyz:ORCL,94b4605636be21b1,5878,3813.08008
1784901292075,xyz:ORCL,94b4605636be21b1,5878,3099.705
1784901292075,xyz:ORCL,94b4605636be21b1,5878,8404.39472
1784901292075,xyz:ORCL,94b4605636be21b1,5878,27380.79936
1784901292075,xyz:ORCL,94b4605636be21b1,5878,24956.51622
1784901292075,xyz:ORCL,94b4605636be21b1,5878,2642.9766
1784901292075,xyz:ORCL,94b4605636be21b1,5878,9982.86344
1784901292075,xyz:ORCL,94b4605636be21b1,5878,51245.21756
1784901292075,xyz:ORCL,94b4605636be21b1,5878,9413.12556
1784901292075,xyz:ORCL,94b4605636be21b1,5878,1144.19817
1784901292075,xyz:ORCL,94b4605636be21b1,5878,10774.9202
1784901285036,SUI,1f50ae7127e683f9,5879,11.361938
1784901287905,ETH,abb91d55b8058b9e,5880,153.63528
1784901287905,SOL,0c35c443655c382b,5881,34.78282
1784901287905,SOL,7669f51764ee33a5,5882,161.33308
1784901287905,ETH,c109ff46c654ecb0,5883,64.89288
1784901287905,SOL,324dfcf05d59e5f8,5884,1673.27566
1784901287905,SOL,324dfcf05d59e5f8,5884,20.72112
1784901287905,SOL,324dfcf05d59e5f8,5884,153.18414
1784901287905,SOL,324dfcf05d59e5f8,5884,285.64772
1784901287905,ETH,e64ef21f95d3ed53,5885,34.94232
1784901287905,ETH,5b639d042ad98d2b,5886,73.952
1784901287905,SOL,12b23402a4bb617e,5887,93.98254
1784901287905,SUI,13a047a97b3a51ba,5888,10.924544
1784901287905,SUI,13a047a97b3a51ba,5888,138.847044
1784901287905,ETH,39cdcbf24d4a0071,5889,60.45576
1784901287905,ETH,c85299ae19430951,5890,220.56184
1784901287905,ETH,0ba236aff8fc9e3b,5891,788.5132
1784901287905,ETH,1c834efc9f7625fa,5892,24.9588
1784901287905,SOL,dbe9f4c2a757463e,5893,3942.08654
1784901287905,ETH,0a522cead9f38a21,5894,54.90936
1784901289069,xyz:RKLB,929e203eba8bd1b3,5895,948.816
1784901291069,ETH,67bf937e09e4ca8a,5896,324.61416
1784901291069,ETH,67bf937e09e4ca8a,5896,5.73066
1784901291069,ETH,6a2878e75cc6d307,5897,178.02018
1784901291069,ETH,663afdb51358fbf6,5898,469.35954
1784901291069,ETH,265e11a0b4fbb0ac,5899,200.75796
1784901291069,ETH,292e162c030cee1b,5900,116.64666
1784901291069,ETH,4bdd8acba7e97221,5901,360.29214
1784901291069,ETH,3e36334d40b79fe9,5902,366.57738
1784901291069,ETH,7b2572faef39be5b,5903,252.70362
1784901291069,ETH,c5d5005aa128770e,5904,51.20622
1784901291069,ETH,97e28430a1533d82,5905,107.03394
1784901291069,ETH,4765bc900969eb83,5906,144.00594
1784901291069,ETH,3c029e7a17fdc79b,5907,239.3937
1784901291069,ETH,cc6b0c9a785305c7,5908,388.94544
1784901291069,ETH,83ccc9f065063c46,5909,43.4421
1784901291069,ETH,f088b0049c33d586,5910,724.28148
1784901291069,ETH,38ed02f85de7acf2,5911,510.95304
1784901291069,ETH,38ed02f85de7acf2,5911,1597.37526
1784901291069,ETH,f423020bc1114356,5912,23.29236
1784901291069,ETH,1093811caa641936,5913,11.83104
1784901291069,ETH,028f0dbeaa1d06b0,5914,1460.394
1784901291069,ETH,b75149b8991d986c,5915,672.8904
1784901291069,ETH,d23aa1f88e78cac5,5916,12.9402
1784901291069,ETH,19deed6eb0362c7c,5917,380.62674
1784901291069,ETH,19deed6eb0362c7c,5917,88.91766
1784901291069,ETH,a79b864bbb6d5cfc,5918,30.31704
1784901291069,ETH,984b46c102ad48d7,5919,323.13528
1784901291069,ETH,2ac9b441584e0069,5920,485.44236
1784901291069,ETH,f759e946540ace90,5921,52.6851
1784901291069,ETH,d14fe56152a6a71e,5922,1225.43694
1784901291069,ETH,aea972c2a402b324,5923,50.28192
1784901291069,ETH,6612fb54040ea1e6,5924,69.50736
1784901291069,ETH,e0f47117681a883b,5925,26.25012
1784901291069,ETH,d93e762e836825e3,5926,1807.37622
1784901291069,ETH,d93e762e836825e3,5926,4159.35
1784901291069,ETH,d93e762e836825e3,5926,1513.44882
1784901291069,ETH,74a6af7a1ff6ff26,5927,603.75276
1784901291069,ETH,c9da649fec9edc3d,5928,273.03822
1784901291069,ETH,3698333912173975,5929,374.89608
1784901291069,ETH,8e59e401fbae7cd9,5930,111.28572
1784901291069,ETH,bec0aa16d48c817e,5931,53.23968
1784901291069,ETH,67507bf010661f4b,5932,134.76294
1784901291069,ETH,77f25230f1f4e6d2,5933,29.39274
1784901291069,ETH,72d2149e3dd40133,5934,1065.53304
1784901291069,ETH,72d2149e3dd40133,5934,402.0705
1784901291069,ETH,5da4055b81e16917,5935,202.23684
1784901291069,ETH,5d734f29af89ecf2,5936,490.61844
1784901291069,ETH,7e39cb567282988f,5937,464.73804
1784901291069,ETH,90bf27082a2394de,5938,921.89682
1784901291069,ETH,8449a97184ba0351,5939,110.36142
1784901291069,ETH,46cab8d71bb31edb,5940,178.02018
1784901291069,ETH,f430f9f0a8a024de,5941,261.39204
1784901291069,ETH,01da0e245ace376c,5942,1128.01572
1784901291069,ETH,01da0e245ace376c,5942,855.9018
1784901291069,ETH,01da0e245ace376c,5942,349.75512
1784901291069,ETH,01da0e245ace376c,5942,61.74324
1784901291069,ETH,01da0e245ace376c,5942,61.74324
1784901291069,ETH,01da0e245ace376c,5942,349.75512
1784901291069,ETH,01da0e245ace376c,5942,346.4089
1784901291069,ETH,01da0e245ace376c,5942,345.48465
1784901291069,ETH,01da0e245ace376c,5942,74.6794
1784901291069,ETH,4fd8938b2ad3cda5,5943,148.43455
1784901291069,ETH,6c321de56cf0f9b1,5944,117.37975
1784901291069,ETH,3caf1c43cb6d4533,5945,262.67185
1784901291069,ETH,36b0089e86539fbf,5946,345.2998
1784901291069,ETH,5ade80ee853db431,5947,1.8485
1784901291069,ETH,5ade80ee853db431,5947,15.1577
1784901291069,ETH,f7e767100abce1e0,5948,540.68625
1784901291069,ETH,e2ba4c5c08cfd8c1,5949,417.3913
1784901291069,ETH,a65650d344072505,5950,245.1111
1784901291069,ETH,675f349608dd2e9c,5951,870.6435
1784901291069,ETH,c112dac4af9cc9b5,5952,97.9705
1784901291069,ETH,bab293c2461f10b6,5953,67.47025
1784901291069,ETH,b0a8f1675937c6c8,5954,46.2125
1784901291069,ETH,84e39c497c4f7f13,5955,184.85
1784901291069,ETH,5a31be72fbd087ac,5956,1673.6319
1784901291069,ETH,5a31be72fbd087ac,5956,1378.6113
1784901291069,ETH,157569b7a33dba1d,5957,11.8304
1784901291069,ETH,97f590f5826fe58c,5958,150.4679
1784901291069,ETH,4e3fa68642a2740a,5959,1665.68335
1784901291069,ETH,016ceffe9f2591ab,5960,123.1101
1784901291069,ETH,17d2fd51dacd8d99,5961,114.42215
1784901291069,ETH,969b0ab432977cba,5962,10.16675
1784901291069,ETH,f190e453509b28a7,5963,427.55805
1784901291069,ETH,2b0e768c16a91f66,5964,277.275
1784901291069,ETH,2b0e768c16a91f66,5964,970.0928
1784901291069,ETH,7e8576ec2286e171,5965,211.65325
1784901291069,ETH,a3ccdb3f5dc38759,5966,79.30065
1784901291069,ETH,3245bccfb7d315e3,5967,53.42165
1784901291069,ETH,1aed8f4cdd9cc14c,5968,2467.0081
1784901291069,ETH,1d80d46a72b7eebb,5969,241.4141
1784901291069,ETH,8ceb343907422661,5970,136.23445
1784901291069,ETH,8ceb343907422661,5970,582.83205
1784901291069,ETH,bd9441a7696c07b9,5971,242.33835
1784901291069,ETH,20f3ea534ee68bab,5972,3333.9546
1784901291069,ETH,20f3ea534ee68bab,5972,4159.125
1784901291069,ETH,20f3ea534ee68bab,5972,4159.125
1784901291069,ETH,20f3ea534ee68bab,5972,1841.4757
1784901291069,ETH,cadaa775e039acaf,5973,11.8304
1784901291069,ETH,b355218c7e098bf1,5974,1058.0814
1784901291069,ETH,1d4fc3e9c1958365,5975,1247.7375
1784901291069,ETH,1d4fc3e9c1958365,5975,4159.125
1784901291069,ETH,1d4fc3e9c1958365,5975,4159.125
1784901291069,ETH,1d4fc3e9c1958365,5975,4159.125
1784901291069,ETH,1d4fc3e9c1958365,5975,4159.125
1784901291069,ETH,1d4fc3e9c1958365,5975,4159.125
1784901291069,ETH,1d4fc3e9c1958365,5975,2869.05685
1784901291069,ETH,98bdd573f106ffc5,5976,447.7067
1784901291069,ETH,fbe0fb5c0e2da9fd,5977,11.8304
1784901291069,ETH,25ee2c5039619410,5978,124.77375
1784901291069,ETH,6e4717f4dad772aa,5979,43.2549
1784901291069,ETH,f9a9b91eaa67ed7f,5980,662.5024
1784901291069,ETH,f9a9b91eaa67ed7f,5980,4159.125
1784901291069,ETH,f9a9b91eaa67ed7f,5980,280.04775
1784901291069,ETH,515b88a40ba5d569,5981,323.67235
1784901291069,ETH,3e9cb1703f101673,5982,172.46505
1784901291069,ETH,d7973940c62b2aa6,5983,1293.02575
1784901291069,ETH,99112187d2a7f887,5984,24.0305
1784901291069,ETH,d888da4ad1e2e6d2,5985,959.18665
1784901291069,ETH,012db3a264e57235,5986,686.5329
1784901291069,ETH,c217799d047720b2,5987,420.16405
1784901291069,ETH,c217799d047720b2,5987,634.59005
1784901291069,ETH,36bc28a553d1e180,5988,184.4803
1784901291069,ETH,d4a58336065ff428,5989,376.90915
1784901291069,ETH,78776d461accf1c9,5990,1481.94245
1784901291069,ETH,1291d3c7f2d6772c,5991,1426.6723
1784901291069,ETH,1dae11e9dd694f95,5992,11.8304
1784901291069,ETH,b07fb437a25ace40,5993,42.70035
1784901291069,ETH,b07fb437a25ace40,5993,456.39465
1784901291069,ETH,3511fd9aea165e4d,5994,1490.07585
1784901291069,ETH,4669054a36bb6f83,5995,704.83305
1784901291069,ETH,63ef2bb6abb098c0,5996,61.18535
1784901291069,ETH,aae12bd2b5f8e410,5997,158.78615
1784901291069,ETH,57cfbd8e93e912b6,5998,90.2068
1784901291069,ETH,2e57f3199620beee,5999,65.4369
1784901291069,ETH,dda7ed6bcc63f817,6000,220.89575
1784901291069,ETH,ca16a57ff598017e,6001,11.8304
1784901291069,ETH,a81a0d05f1a8871d,6002,157.67705
1784901291069,ETH,f8ab36d4c62791d8,6003,285.4084
1784901291069,ETH,503cf094b602efb9,6004,287.9963
1784901291069,ETH,d919e036ce4bdcbd,6005,168.39835
1784901291069,ETH,d919e036ce4bdcbd,6005,30.86995
1784901291069,ETH,e53e901f51b4f085,6006,4128.25505
1784901291069,ETH,e53e901f51b4f085,6006,1989.3557
1784901291069,ETH,f24ebfbf1e0cdd2d,6007,108.50695
1784901291069,ETH,9049ce5fb60f0c39,6008,375.2455
1784901291069,ETH,ec68d0ac7cd13570,6009,212.9472
1784901291069,ETH,1cbe6554ad5b752d,6010,1022.40535
1784901291069,ETH,2ae61d32d741443a,6011,206.2926
1784901291069,ETH,a8a9f933d6ce1aca,6012,195.941
1784901291069,ETH,d227dfc6e5157dd4,6013,48.4307
1784901291069,ETH,d227dfc6e5157dd4,6013,70.42785
1784901291069,ETH,550c09262aca5cfb,6014,126.99195
1784901291069,ETH,c7aeec709453797c,6015,638.65675
1784901291069,ETH,18f60d01dee167dd,6016,109.8009
1784901291069,ETH,b771e064840cf306,6017,114.607
1784901291069,ETH,e54effd836482118,6018,14.23345
1784901291069,ETH,ae4018ca71fbb5b7,6019,301.49035
1784901291069,ETH,dd37307407caf750,6020,257.12635
1784901291069,ETH,b4c3edf6083d4fc2,6021,115.16155
1784901291069,ETH,b4c2ba42b05fd6f1,6022,479.8706
1784901291069,SOL,70f00dd1d328f9c9,6023,11.84112
1784901291069,ETH,52b97d747ac4e694,6024,1930.75825
1784901291069,ETH,52b97d747ac4e694,6024,36.97
1784901291069,ETH,41b0ca4e36955f6a,6025,314.245
1784901291069,ETH,9cdf8747bf621eb5,6026,1225.9252
1784901291069,ETH,8906c7421af867e1,6027,76.5279
1784901291069,ETH,84b7816d4e177d59,6028,296.8691
1784901291069,ETH,a9c6a6d81c3e91de,6029,11.8304
1784901291069,ETH,94206f6e9656ce2e,6030,14.0486
1784901291069,ETH,4e04ad9781a0fac1,6031,50.6489
1784901291069,ETH,a968ca8fe7a0bb07,6032,189.2864
1784901291069,ETH,98cb84f1598a3738,6033,358.42415
1784901291069,ETH,f1d172eef7cd8aa0,6034,1254.7618
1784901291069,ETH,a523c44f7903647b,6035,110.72515
1784901291069,ETH,ec2adc08e301382a,6036,218.8624
1784901291069,ETH,ec2adc08e301382a,6036,82.62795
1784901291069,ETH,3fe666f6ac0a4adf,6037,197.60465
1784901291069,ETH,50390dfc0813f4fc,6038,676.551
1784901291069,ETH,e8b91b4e2b7ccfbc,6039,864.7283
1784901291069,ETH,c38601522917ac90,6040,34.0124
1784901291069,ETH,26f1f5dc01f8d1dc,6041,156.7528
1784901291069,ETH,4c8a9bfb44410c98,6042,11.8304
1784901291069,ETH,d21e3cea08edce59,6043,570.4471
1784901291069,ETH,b5e8cb030baecda7,6044,490.03735
1784901291069,ETH,2b3e786131bb54a2,6045,469.70385
1784901291069,ETH,074eacdb8a92118e,6046,604.8292
1784901291069,ETH,074eacdb8a92118e,6046,61.7399
1784901291069,ETH,074eacdb8a92118e,6046,61.7399
1784901291069,ETH,074eacdb8a92118e,6046,85.7704
1784901291069,ETH,50933a83d385fd14,6047,263.9658
1784901291069,ETH,50933a83d385fd14,6047,349.7362
1784901291069,ETH,50933a83d385fd14,6047,61.7399
1784901291069,ETH,50933a83d385fd14,6047,61.7399
1784901291069,ETH,50933a83d385fd14,6047,61.7399
1784901291069,ETH,50933a83d385fd14,6047,349.7362
1784901291069,ETH,50933a83d385fd14,6047,61.7399
1784901291069,ETH,50933a83d385fd14,6047,349.7362
1784901291069,ETH,50933a83d385fd14,6047,349.7362
1784901291069,ETH,50933a83d385fd14,6047,61.7399
1784901291069,ETH,50933a83d385fd14,6047,19172.45715
1784901291069,ETH,50933a83d385fd14,6047,349.7362
1784901291069,ETH,50933a83d385fd14,6047,61.7399
1784901291069,ETH,50933a83d385fd14,6047,19172.2723
1784901291069,ETH,50933a83d385fd14,6047,349.7362
1784901291069,ETH,50933a83d385fd14,6047,61.7399
1784901291069,ETH,50933a83d385fd14,6047,10401.32465
1784901291069,ETH,239ac6827e6f2116,6048,232.5413
1784901291069,ETH,d7e065f4984baf02,6049,588.1927
1784901291069,ETH,39fb0d25d8ed5a21,6050,123.29495
1784901291069,ETH,2bea43eef3cb39bc,6051,60.44595
1784901291069,ETH,d6810d9d98a531bc,6052,30.3154
1784901291069,ETH,564b088b826f25c5,6053,976.7474
1784901291069,ETH,0b27e55538fd17ca,6054,572.85015
1784901291069,ETH,fe09906dc32a4f6c,6055,275.0568
1784901291069,ETH,ec71457e81957a75,6056,322.0087
1784901291069,ETH,19034fd5097d6d65,6057,63.03385
1784901291069,ETH,abe4648ec79a95c5,6058,741.2485
1784901291069,ETH,2a426651d204b933,6059,677.84495
1784901291069,ETH,8b9acbd8ab129ab0,6060,4107.367
1784901291069,ETH,8b9acbd8ab129ab0,6060,61.7399
1784901291069,ETH,8b9acbd8ab129ab0,6060,349.7362
1784901291069,ETH,8b9acbd8ab129ab0,6060,1526.22388
1784901291069,ETH,0efdb655e5cfab8f,6061,174.85864
1784901291069,ETH,d079302abb7a8b9b,6062,127.72444
1784901291069,ETH,6bda49a3eb469fc9,6063,468.5694
1784901291069,ETH,7589df77563cd669,6064,4877.74276
1784901291069,ETH,5802f172a5cfae94,6065,121.25504
1784901291069,ETH,61bb0b8222d7f21f,6066,11.82976
1784901291069,ETH,8cd9f34e1ec8fb6d,6067,343.06304
1784901291069,ETH,fa84230072c37f84,6068,39.00124
1784901291069,ETH,e15c485401c56632,6069,459.69708
1784901291069,ETH,86473b5e352d7145,6070,65.06368
1784901291069,ETH,e7043b1f096f2aa3,6071,144.1752
1784901291069,ETH,418c08767510a979,6072,770.41312
1784901291069,ETH,367195519c746333,6073,245.09784
1784901291069,SOL,91282c053d0afd63,6074,1377.27027
1784901291069,ETH,0d9bbb674d15dabc,6075,430.86204
1784901291069,ETH,7e1637b9af56361e,6076,2003.11108
1784901291069,ETH,576ae0253cafffeb,6077,282.25068
1784901291069,ETH,409f186ebbecca71,6078,48.9826
1784901291069,ETH,4137dfb65c862b9b,6079,43.80708
1784901291069,ETH,ff12ea66e8832525,6080,365.42868
1784901291069,ETH,adcb53b59a6659f9,6081,61.18204
1784901291069,ETH,6a07decf9ca30fc0,6082,169.1286
1784901291069,ETH,25f84fdfe56ffa5f,6083,994.80888
1784901291069,ETH,e0c31571cef1f855,6084,105.72848
1784901291069,ETH,858238130cffa95f,6085,27.54116
1784901291069,ETH,da45c20c09c6d05c,6086,1507.18536
1784901291069,ETH,741a2cb425d5730c,6087,4096.60892
1784901291069,ETH,969095c3d6fc1e9b,6088,23.28984
1784901291069,ETH,31515004ce5f0d31,6089,241.03136
1784901291069,ETH,05ba7818f8e74fa7,6090,100.92264
1784901291069,ETH,8a123e793e12ac62,6091,249.90368
1784901291069,ETH,105978223874cf90,6092,11.82976
1784901291069,ETH,afe9223d4b243f88,6093,63.95464
1784901291069,ETH,554f51dcd719fa83,6094,94.2684
1784901291069,ETH,ed73fce3ec1f31f9,6095,550.63836
1784901291069,ETH,fa1e30d7e6de0257,6096,559.32584
1784901291069,ETH,57d2f7b4ee6a266b,6097,109.9798
1784901291069,ETH,96e0148550314a72,6098,854.70016
1784901291069,ETH,120b82e7805143dd,6099,484.46564
1784901291069,ETH,bcb306f94424e954,6100,73.56632
1784901291069,ETH,7db2b12dc94e6de8,6101,276.52064
1784901291069,ETH,dabbaca6ffe9c7c1,6102,61.18204
1784901291069,ETH,4305e0b8bf1719cd,6103,575.7766
1784901291069,ETH,a88322ceb397bd94,6104,464.8726
1784901291069,ETH,b702e51d9de04f49,6105,394.44856
1784901291069,ETH,633f97fb0cd2dc52,6106,620.50788
1784901291069,ETH,a81fbb47938b87fe,6107,511.63712
1784901291069,ETH,4be69b345628dab8,6108,182.62192
1784901291069,ETH,037cf94b75d838e2,6109,132.34544
1784901291069,ETH,74e7b35a97d02308,6110,11.82976
1784901291069,ETH,fffa73fa782da95e,6111,11.82976
1784901291069,ETH,d489b04d54a98e5d,6112,337.51784
1784901291069,ETH,b0225d4ccbf58531,6113,1229.00116
1784901291069,ETH,b9d4b0e3e1439ca2,6114,350.2718
1784901291069,ETH,b9d4b0e3e1439ca2,6114,720.32148
1784901291069,ETH,1d6178bb85624fd7,6115,366.9074
1784901291069,ETH,abd2329eecf13b1b,6116,436.77692
1784901291069,ETH,e56a5141a4991a12,6117,507.20096
1784901291069,ETH,08dcaafa86448c83,6118,112.01304
1784901291069,ETH,7a9c3b130a7619e1,6119,768.0102
1784901291069,ETH,63b1cebcc31cc9d9,6120,11.82976
1784901291069,ETH,f34558386ed43ebd,6121,504.79804
1784901291069,ETH,1bb48cda5b2233e0,6122,1253.03036
1784901291069,ETH,73089e5fd1454aef,6123,198.14848
1784901291069,ETH,854b92364e1db047,6124,2053.38756
1784901291069,ETH,551d88324305c651,6125,436.77692
1784901291069,ETH,293dd06e0e3489e0,6126,1459.86632
1784901291069,ETH,5badcc9efa138404,6127,2343.95604
1784901291069,ETH,e2c3463bc100d806,6128,582.06116
1784901291069,SUI,dc802d2146c8718b,6129,181.819926
1784901291069,ETH,07717500662d83bc,6130,2666.13216
1784901291069,ETH,7fada929245cdf8b,6131,240.84652
1784901291069,ETH,7fada929245cdf8b,6131,1020.13196
1784901292075,xyz:RKLB,51a36b06d1c41fb0,6132,256.7409
1784901292075,xyz:SMSN,e96306ef264981c8,6133,166.61
1784901298202,xyz:PURRDAT,06f478281a171607,6134,140.1796
1784901298202,xyz:PURRDAT,06f478281a171607,6134,38.2086
1784901298202,xyz:PURRDAT,06f478281a171607,6134,101.8896
1784901298202,xyz:PURRDAT,06f478281a171607,6134,12.736
1784901298202,xyz:PURRDAT,06f478281a171607,6134,343.818
1784901301128,xyz:ORCL,a195ba3b5578bf62,6135,145.75708
1784901301128,xyz:ORCL,a195ba3b5578bf62,6135,517.57644
1784901301128,xyz:ORCL,e202346ef710d348,6136,142.19904
1784901304138,xyz:ORCL,aa2619f3b88e6ce9,6137,875.85
1784901304138,xyz:AMD,e125ee0ce91e6b68,6138,654.54727
1784901304138,xyz:AMD,e125ee0ce91e6b68,6138,55.02142
1784901304138,xyz:ORCL,6f067aeba080c13a,6139,588.33764
1784901304138,xyz:ORCL,6f067aeba080c13a,6139,4937.22484
1784901304138,xyz:HIMS,61fdec8e6a42a170,6140,224.31756
1784901304138,xyz:HIMS,61fdec8e6a42a170,6140,4800.95814
1784901306003,BTC,0bad6c0e4905eb37,6141,22.38635
1784901306003,BTC,d69a0c344e333029,6142,24.94479
1784901306003,BTC,03f11f94f46e7650,6143,189.96417
1784901306003,BTC,32fb0cedcadf50de,6144,2425.40112
1784901306003,BTC,dfde208f684e1e44,6145,806.54821
1784901306003,BTC,98d8055207a3c454,6146,127.922
1784901306003,BTC,048f916cada8c087,6147,112.57136
1784901306003,BTC,30c095dc7a13cf35,6148,17686.49572
1784901306003,BTC,d13210b9e4cd2807,6149,50.52919
1784901306003,BTC,4b66cd3b3d507d32,6150,3876.67621
1784901306003,BTC,4bad878b39e292f3,6151,81.87008
1784901306003,BTC,1d5c75aa54288806,6152,841.08715
1784901306003,BTC,3470f41bf63d948e,6153,1051.51884
1784901306003,BTC,951249ea2b6cc078,6154,44683.79421
1784901306003,BTC,951249ea2b6cc078,6154,198.276
1784901306003,BTC,951249ea2b6cc078,6154,89.544
1784901306003,BTC,951249ea2b6cc078,6154,318.5208
1784901306003,BTC,951249ea2b6cc078,6154,15.98975
1784901306003,BTC,951249ea2b6cc078,6154,26.22319
1784901306003,BTC,951249ea2b6cc078,6154,47.32966
1784901306003,BTC,951249ea2b6cc078,6154,14.71057
1784901306003,BTC,951249ea2b6cc078,6154,326.82538
1784901306003,BTC,951249ea2b6cc078,6154,5447.30286
1784901306003,BTC,20fb154550ccaf55,6155,3120.51082
1784901306003,BTC,5748b08816823fb6,6156,53.72472
1784901307135,xyz:SNDK,7dbe4c610db03dcf,6157,24395.1558
1784901307135,xyz:SNDK,7dbe4c610db03dcf,6157,5280.8442
1784901307135,xyz:SNDK,9bbe72eab7f06836,6158,329.4036
1784901307135,xyz:XYZ100,640c856df5723113,6159,95.7916
1784901307135,xyz:SMH,d5063a97caadf914,6160,135.3528
1784901307135,xyz:SNDK,69edba9f8c321ff1,6161,448.1076
1784901307135,xyz:COIN,dbcb4e81de48aa26,6162,24.22368
1784901307135,xyz:INTC,acca45202e8558b7,6163,2840.7416
1784901307135,xyz:INTC,f4c6e09516fb73ae,6164,95.971
1784901307135,xyz:SNDK,daca7fc65db1b912,6165,390.2394
1784901307135,xyz:SNDK,289afd04a13286a5,6166,45.9978
1784901307135,xyz:HIMS,92d57795805d345c,6167,2000.78598
1784901307135,xyz:CRCL,ca1179c426cba5a7,6168,203.595706
1784901307135,xyz:SNDK,cf3dca85ef3e5cc2,6169,694.4184
1784901312312,BTC,6fcc43588e671b32,6170,2920.45949
1784901312312,BTC,dcd8d74adb2c3c7d,6171,395.19246
1784901312312,ETH,b34793202e34ace2,6172,13.3056
1784901312312,ETH,5e2e76a4e8d534ec,6173,132.3168
1784901312312,BTC,2386227263534c2f,6174,33198.08505
1784901312312,ETH,2386227263534c2f,6175,1408.7304
1784901312312,ETH,2386227263534c2f,6175,12.1968
1784901312312,ETH,2386227263534c2f,6175,1069.068
1784901312312,ETH,2386227263534c2f,6175,11816.2968
1784901312312,HYPE,2386227263534c2f,6176,1015.98
1784901312312,HYPE,2386227263534c2f,6176,472.57584
1784901312312,HYPE,2386227263534c2f,6176,974.70987
1784901312312,HYPE,2386227263534c2f,6176,499.82772
1784901312312,HYPE,2386227263534c2f,6176,931.15408
1784901312312,HYPE,2386227263534c2f,6176,1361.853
1784901312312,HYPE,2386227263534c2f,6176,350.60992
1784901312312,HYPE,2386227263534c2f,6176,11.6096
1784901312312,HYPE,2386227263534c2f,6176,46.4384
1784901312312,HYPE,2386227263534c2f,6176,58.048
1784901312312,HYPE,2386227263534c2f,6176,81.2658
1784901312312,HYPE,2386227263534c2f,6176,17.4141
1784901312312,HYPE,2386227263534c2f,6176,5234.67846
1784901312312,HYPE,2386227263534c2f,6176,2453.06622
1784901312312,HYPE,2386227263534c2f,6176,104.4828
1784901312312,HYPE,2386227263534c2f,6176,55.14275
1784901312312,HYPE,2386227263534c2f,6176,623.98375
1784901312312,HYPE,2386227263534c2f,6176,3528.49476
1784901312312,HYPE,2386227263534c2f,6176,3130.31292
1784901312312,BTC,dd476f5b05108198,6177,143.88075
1784901312312,ETH,2651609ffa49b7a7,6178,407.2992
1784901312312,BTC,f05d73cbeff5d314,6179,238.52231
1784901312312,BTC,7ca5817c961c376c,6180,14.70781
1784901312312,ETH,3bb038855d2f727e,6181,21.8064
1784901312312,BTC,8505c2e2f48283cc,6182,14891.33789
1784901312312,ETH,b75d715336a89f5d,6183,1225.5936
1784901312312,ETH,68d1a3e0544681b3,6184,11.8272
1784901312312,ETH,0de862d1709dd18b,6185,615.0144
1784901312312,ETH,86ff1d88be469b78,6186,285.3312
1784901312312,ETH,ee9f92bdf47b540b,6187,754.5384
1784901312312,ETH,a9bb49343ed8ae1c,6188,236.1744
1784901312312,ETH,eae1f408b620f5bd,6189,192.5616
1784901312312,BTC,cbf89919aa04d0b4,6190,15224.90314
1784901312312,BTC,cbf89919aa04d0b4,6190,221.89262
1784901312312,BTC,cbf89919aa04d0b4,6190,74.81682
1784901312312,BTC,cbf89919aa04d0b4,6190,319.08555
1784901312312,BTC,cbf89919aa04d0b4,6190,639.45
1784901312312,BTC,cbf89919aa04d0b4,6190,8131.2462
1784901312312,ETH,1a76a16753e5a332,6191,1223.9304
1784901312312,ETH,57929c15711bbb5e,6192,522.7992
1784901312312,BTC,c98b93ace81521d3,6193,63.945
1784901312312,ETH,eef2ef9a9792e070,6194,42.8736
1784901312312,ETH,b2f33a8cdfffd042,6195,191.268
1784901312312,ETH,449a32adb7795326,6196,11.8272
1784901312312,ETH,8f1ab8d062d76fbf,6197,169.092
1784901312312,BTC,8764e6cdd4d252ec,6198,101.0331
1784901312312,BTC,5a5a4b5cd213582e,6199,22853.943
1784901312312,ETH,3aff2bc4303fd5a0,6200,281.4504
1784901312312,BTC,e97b3d8974289c99,6201,176.4882
1784901312312,ETH,2c59ce8f521ef977,6202,136.3824
1784901312312,ETH,465df33ac4dee42e,6203,50.2656
1784901312312,BTC,3a1ec118dfeeffd7,6204,5906.59965
1784901312312,BTC,3a1ec118dfeeffd7,6204,72.8973
1784901312312,BTC,3a1ec118dfeeffd7,6204,163.6992
1784901312312,BTC,3a1ec118dfeeffd7,6204,191.832
1784901312312,BTC,3a1ec118dfeeffd7,6204,199.50528
1784901312312,BTC,3a1ec118dfeeffd7,6204,24.93777
1784901312312,BTC,3a1ec118dfeeffd7,6204,14.70689
1784901312312,BTC,3a1ec118dfeeffd7,6204,31.9715
1784901312312,BTC,3a1ec118dfeeffd7,6204,70.97562
1784901312312,BTC,3a1ec118dfeeffd7,6204,582.51162
1784901312312,BTC,3a1ec118dfeeffd7,6204,43.48056
1784901312312,BTC,3a1ec118dfeeffd7,6204,97.19184
1784901312312,BTC,3a1ec118dfeeffd7,6204,1998.1875
1784901312312,ETH,8e38c7905c0eca60,6205,388.4496
1784901312312,ETH,ca61931133814ee4,6206,287.364
1784901312312,ETH,4520c92b10031a8c,6207,510.972
1784901312312,BTC,a40c2e871c301648,6208,19.1826
1784901312312,ETH,2d99c6e4962a04fc,6209,24.5784
1784901312312,BTC,4eaa37ba18617148,6210,207.17208
1784901312312,ETH,a879444d4aa7a63e,6211,261.492
1784901312312,ETH,a97c8e13a03f3f95,6212,305.6592
1784901312312,ETH,a97c8e13a03f3f95,6212,33.0792
1784901312312,BTC,4a12ccd1b5b204f3,6213,402.822
1784901312312,BTC,6d13c4b1707ac9cd,6214,3906.0946
1784901312312,ETH,a18f2f2ea3d82ec8,6215,11.8272
1784901312312,ETH,e5bbafcf7350562f,6216,9.7944
1784901312312,ETH,e5bbafcf7350562f,6216,2724.3216
1784901312312,ETH,43bcaf70bb9f2b2b,6217,875.5824
1784901312312,ETH,009d193548cf2300,6218,870.5928
1784901312312,ETH,34191645b7aeaa33,6219,2353.9824
1784901312312,BTC,f3ffdfc56d686069,6220,937.9998
1784901312312,ETH,c3bce8e6b7c4fbf7,6221,1945.02
1784901312312,ETH,233a1167889950d1,6222,87.4104
1784901312312,ETH,d785bce6b68d93e6,6223,16.4472
1784901312312,BTC,174ff0233878a2bc,6224,3498.1574
1784901312312,BTC,174ff0233878a2bc,6224,1246.1906
1784901312312,ETH,d2b1d0503958f803,6225,173.8968
1784901312312,ETH,1777c0f3fbdc319e,6226,224.7168
1784901312312,ETH,8b06f27f8dad55f0,6227,255.5784
1784901312312,ETH,7e64b96a0403ad0f,6228,141.9264
1784901312312,ETH,67b92d5bf048e443,6229,818.1096
1784901312312,BTC,c65a72e38928e6c4,6230,170.7198
1784901312312,BTC,8449ecbecc6b1d9c,6231,3198.2788
1784901312312,BTC,8dc6a380016fcdf1,6232,789.0196
1784901312312,BTC,6f89807f175c9f3e,6233,639.4
1784901313185,xyz:ORCL,900f2629e9feb233,6234,550.128
1784901313185,xyz:MU,284d3700d43a8ba5,6235,16.80822
1784901313185,xyz:CBRS,a5e0bd3c70acee10,6236,1348.5186
1784901313185,xyz:ORCL,2af6ccb588b02100,6237,46.6032
1784901315301,ETH,88f548b6c4a1456a,6238,2451.8925
1784901315301,ETH,829da7eab9fe4a00,6239,122.4561
1784901315301,BTC,2c96d2e135629a10,6240,94.60308
1784901315301,ETH,7cfaa3aa4ace4022,6241,752.6525
1784901315301,BTC,6220b5b04764526b,6242,79.26204
1784901315301,ETH,bc6e7bd7c59adfef,6243,2454.1089
1784901315301,BTC,47ae1ff2de908106,6244,4323.61644
1784901315301,ETH,5cc3bdd4f2e0a1a1,6245,63.3521
1784901315301,ETH,599b42ca8c53fef1,6246,35.8318
1784901315301,ETH,9049f22303b6c416,6247,215.5449
1784901315301,ETH,550c97897e72b9aa,6248,11.8208
1784901315301,ETH,cbddbf93cbb0e9b1,6249,405.2318
1784901315301,BTC,055df9bafcbf7a93,6250,30.68208
1784901315301,BTC,814fe7d1be149c4e,6251,16.61946
1784901315301,BTC,198af65d9c882b4b,6252,3228.0105
1784901315301,ETH,a7929a8be57f6627,6253,82633.1177
1784901315301,BTC,9c019a86b3339c1c,6254,92.68545
1784901315301,ETH,4f07dc9ab133315b,6255,21.4252
1784901315301,BTC,d2d2a9e5f29a4667,6256,15864.55299
1784901315301,BTC,dadc69c3963cfc90,6257,374.57706
1784901315301,ETH,8074c1f8decf454e,6258,14302.7986
1784901315301,BTC,670cac7864f15e22,6259,307.46001
1784901315301,ETH,66572bf6874a5019,6260,980.0182
1784901315301,ETH,a1f02b486519f215,6261,102.1391
1784901315301,ETH,41cb31c8d0b252fc,6262,24.5651
1784901315301,ETH,4d395c5f5c39d28c,6263,178.4202
1784901315301,ETH,dce7cbfe0560bac1,6264,436.8155
1784901315301,BTC,4bfa1f8cecd64976,6265,2524.8795
1784901315301,ETH,5f4a31501eceda57,6266,4899.5369
1784901315301,ETH,13ea355960aa4502,6267,701.4906
1784901315301,BTC,89ecade184491f50,6268,421.8786
1784901315301,BTC,2c1250eb1b4c991f,6269,3865.94208
1784901315301,ETH,deef11d6f5269d31,6270,157.7338
1784901315301,SOL,88cca02fe57fdca4,6271,56.18224
1784901315301,BTC,45a894c12c6f14f4,6272,910.23504
1784901315301,ETH,c82f7916df773d4c,6273,1183.7423
1784901315301,ETH,04872633f4c426ec,6274,3706.5596
1784901315301,ETH,5891125ac81cee41,6275,98.8145
1784901315301,ETH,b96c9055ba66f3a8,6276,32.3225
1784901315301,ETH,f7f434135ae1c5f0,6277,2892.5867
1784901315301,ETH,5f217f8d4eeadbfa,6278,47.0985
1784901315301,BTC,9ec4c50a361df00d,6279,77837.88012
1784901315301,BTC,9ec4c50a361df00d,6279,402.696
1784901315301,BTC,9ec4c50a361df00d,6279,479.4
1784901315301,BTC,9ec4c50a361df00d,6279,191.76
1784901315301,BTC,9ec4c50a361df00d,6279,25734.8312
1784901318563,BTC,9ec4c50a361df00d,6279,23168.70018
1784901318563,BTC,9ec4c50a361df00d,6279,2887.44708
1784901318563,BTC,9ec4c50a361df00d,6279,140.6262
1784901318563,BTC,9ec4c50a361df00d,6279,199.4304
1784901318563,BTC,9ec4c50a361df00d,6279,7690.2152
1784901318563,BTC,9ec4c50a361df00d,6279,2845.7184
1784901318563,BTC,9ec4c50a361df00d,6279,383.52
1784901318563,BTC,9ec4c50a361df00d,6279,78.62037
1784901318563,BTC,9ec4c50a361df00d,6279,168.74616
1784901318563,BTC,9ec4c50a361df00d,6279,74.78523
1784901318563,BTC,9ec4c50a361df00d,6279,48.57844
1784901318563,BTC,9ec4c50a361df00d,6279,10.22704
1784901318563,BTC,9ec4c50a361df00d,6279,140128.98451
1784901318563,BTC,9ec4c50a361df00d,6279,50044.74186
1784901318563,BTC,9ec4c50a361df00d,6279,29603.6217
1784901318563,BTC,9ec4c50a361df00d,6279,25.5668
1784901318563,BTC,9ec4c50a361df00d,6279,1000.30105
1784901318563,BTC,9ec4c50a361df00d,6279,5000.22691
1784901318563,BTC,9ec4c50a361df00d,6279,120110.26972
1784901318563,BTC,9ec4c50a361df00d,6279,597.6146
1784901318563,BTC,9ec4c50a361df00d,6279,14.06152
1784901318563,BTC,9ec4c50a361df00d,6279,34351.6542
1784901315301,ETH,b73dc0e85f94b264,6280,1293.6388
1784901315301,BTC,4371a9a02359a43e,6281,222.4416
1784901315301,ETH,ae1bd0a6b3840902,6282,11.8208
1784901315301,ETH,d68a2e40f44ed63b,6283,62.2439
1784901315301,ETH,dcc3d44a9c4205ba,6284,312.3277
1784901315301,ETH,c6359aa597ccc0f9,6285,107.3107
1784901315301,ETH,746f18a16d1edd76,6286,158.1032
1784901315301,ETH,98eba68311094349,6287,1730.4543
1784901315301,ETH,d330d07fbe38b0fe,6288,17.5465
1784901315301,BTC,38f760cd49eea1cd,6289,196.2344
1784901315301,ETH,b0e93ad5574d404d,6290,11.8208
1784901315301,ETH,6ca1392fc1604e97,6291,371.8011
1784901315301,ETH,ada814b6bc55097d,6292,950.6509
1784901315301,ETH,623640c28100b74f,6293,11.8208
1784901315301,ETH,c37181cd9069a036,6294,132.2452
1784901315301,ETH,e6e2cdd470170072,6295,251.3767
1784901315301,BTC,71c075f4b816df38,6296,116.9736
1784901315301,ETH,2937a81468222f2b,6297,1771.8271
1784901315301,ETH,c729f4dab5119e56,6298,232.3526
1784901315301,ETH,60e52c4e7ec44154,6299,189.5022
1784901315301,ETH,dbb678f161bcd134,6300,216.8378
1784901315301,ETH,dbb678f161bcd134,6300,184.7
1784901315301,ETH,dbb678f161bcd134,6300,320.0851
1784901315301,BTC,0de625d97eaccc0c,6301,23619.7184
1784901315301,BTC,f0c2bd469066d0da,6302,404.6136
1784901315301,ETH,12de1c6183eb0a79,6303,38.2329
1784901315301,ETH,e4d3ae893ccc5411,6304,59.2887
1784901315301,ETH,e4d3ae893ccc5411,6304,77.574
1784901315301,ETH,01b3ad238dd83d0f,6305,121.902
1784901315301,ETH,01b3ad238dd83d0f,6305,59.6581
1784901315301,BTC,622f93b9095adaf4,6306,864.1984
1784901315301,ETH,d86fe545f0caa2f5,6307,11.8208
1784901315301,ETH,424be5a7311691b5,6308,777.2176
1784901315301,ETH,424be5a7311691b5,6308,1952.0943
1784901315301,ETH,424be5a7311691b5,6308,57.4417
1784901315301,ETH,424be5a7311691b5,6308,1268.7043
1784901315301,BTC,3919e9f0b4184701,6309,141.9024
1784901315301,ETH,4aa02c5d6b75b9b7,6310,373.8328
1784901315301,BTC,cf8e68dd9144b697,6311,514.556
1784901315301,BTC,41bff7243eabb053,6312,36.4344
1784901315301,LINK,d44284a326600d39,6313,587.21507
1784901315301,ETH,6f02d78600d3e665,6314,19.7629
1784901315301,ETH,6f02d78600d3e665,6314,253.039
1784901315301,ETH,860551d89abc7c48,6315,28.0744
1784901315301,ETH,ba88f2a5192412a1,6316,327.1037
1784901315301,ETH,cd58cec74861d66d,6317,11.8208
1784901315301,ETH,9ed70228b1e5ee63,6318,925.5317
1784901315301,BTC,074ce4c08ffdd421,6319,4776.1024
1784901315301,BTC,4296b3397c8fe521,6320,15.3408
1784901315301,ETH,a2996991ffa91cee,6321,350.93
1784901315301,ETH,0f150642a7d9f358,6322,147.0212
1784901315301,ETH,f8000394152e7d49,6323,618.9297
1784901315301,BTC,c68e4377fccfa93d,6324,942.1808
1784901315301,BTC,ac46f43f4f83e65a,6325,201.348
1784901315301,BTC,403087a2999fdb76,6326,4289.6712
1784901315301,BTC,69dd507b08d931de,6327,122.7264
1784901315301,ETH,88b94650bcfe0d2c,6328,76.6505
1784901315301,ETH,828adad7eee915c8,6329,902.4442
1784901315301,ETH,79eafe07ac3362a0,6330,515.4977
1784901315301,ETH,8ac29e7137c4a548,6331,347.236
1784901315301,ETH,dc1bbad0054559b6,6332,342.0644
1784901315301,SOL,25c8b6e67e5bff78,6333,765.1134
1784901315301,ETH,7a4070c0973ed6cb,6334,66.3073
1784901315301,ETH,3b85b97acee89479,6335,18.8394
1784901315301,BTC,09510801c539bb45,6336,13690.3856
1784901315301,ETH,a7407bdef8cff5e0,6337,166.9688
1784901315301,ETH,bf2e3a115ee8fb94,6338,212.0356
1784901315301,BTC,3d38a0f3c5f59871,6339,1936.1368
1784901315301,ETH,4b66cd3b3d507d32,6340,2298.5915
1784901315301,ETH,381066dcf7489aa8,6341,508.4791
1784901315301,ETH,a74b63977d71853e,6342,248.7909
1784901315301,ETH,68aeb1aaba937aa0,6343,480.0353
1784901315301,ETH,0bdd399ba8bc11cf,6344,222.0094
1784901315301,ETH,77cddbd75e9bc59c,6345,662.3342
1784901315301,ETH,258176ef1b0ba911,6346,3017.6286
1784901315301,ETH,5e76fbef434f39e8,6347,116.361
1784901315301,ETH,d5ec3477376bdb7a,6348,178.2355
1784901315301,BTC,09edea235dd360e2,6349,211.5752
1784901315301,BTC,988d7f9f6c780115,6350,5770.6976
1784901315301,ETH,f87dd62d422ac5a1,6351,367.3683
1784901315301,ETH,f6a0bed2d4cef3e5,6352,43.9586
1784901315301,ETH,8c53105168aaafd7,6353,979.8335
1784901315301,ETH,077f607a9705c207,6354,948.6192
1784901315301,ETH,f08f9215df8f3b59,6355,127.8124
1784901315301,ETH,3b8c599bb0a188a5,6356,2503.4238
1784901315301,ETH,38182f85eb2ebc76,6357,63.9062
1784901315301,ETH,34fd444d147ebcd2,6358,19.9476
1784901315301,ETH,ae99c32bcf275a5f,6359,103.8014
1784901315301,ETH,8d0103388fe76f48,6360,182.1142
1784901315301,ETH,48d68f869ffb4104,6361,42.481
1784901315301,ETH,547fe7b0b2cdb45f,6362,33.0613
1784901315301,ETH,3f4a26b92f27d071,6363,10.7126
1784901315301,ETH,3f4a26b92f27d071,6363,300.1375
1784901315301,ETH,3f4a26b92f27d071,6363,473.3861
1784901315301,ETH,f922167ac66fd8df,6364,72.5871
1784901315301,ETH,f922167ac66fd8df,6364,74.2494
1784901315301,ETH,b5704d3ca1d78d9b,6365,12.7443
1784901315301,ETH,580aa028c318430e,6366,147.76
1784901315301,ETH,ed5177c353892f4f,6367,1572.5358
1784901315301,ETH,ec5bad6411732e17,6368,139.2638
1784901315301,ETH,fe5d7261cb8c38a5,6369,3458.3228
1784901315301,ETH,fe5d7261cb8c38a5,6369,537.6617
1784901315301,ETH,71d261006ea08523,6370,66.1226
1784901315301,BTC,2d5178693bf8aae7,6371,12.1448
1784901315301,ETH,35846c8d69615d3b,6372,11.8208
1784901315301,BTC,ae9663bc6be0fb0d,6373,343.2504
1784901315301,ETH,e185794e3f489906,6374,1175.2461
1784901315301,BTC,4cdc12863f46160e,6375,339.4152
1784901315301,ETH,d8cd8d237a33b588,6376,1096.7486
1784901315301,BTC,718815cd1d9f5e35,6377,285.0832
1784901315301,ETH,718815cd1d9f5e35,6378,261.3505
1784901315301,ETH,efdbac1de14f300d,6379,126.1501
1784901315301,ETH,3e35f12630987e5d,6380,11.8208
1784901315301,ETH,b4fe543e5085d20b,6381,1846.8153
1784901315301,ETH,b4fe543e5085d20b,6381,63.90274
1784901315301,ETH,b4fe543e5085d20b,6381,12.55892
1784901315301,ETH,b4fe543e5085d20b,6381,527.10526
1784901315301,ETH,86a0c391e629824c,6382,52.82134
1784901315301,ETH,c76113a9d7dcd904,6383,13.29768
1784901315301,BTC,d9ce1e4827ccb073,6384,13189.892
1784901315301,BTC,d9ce1e4827ccb073,6384,44134.2032
1784901315301,BTC,d9ce1e4827ccb073,6384,1666.3944
1784901315301,BTC,d9ce1e4827ccb073,6384,199.4304
1784901315301,BTC,d9ce1e4827ccb073,6384,23773.1264
1784901315301,ETH,34be42ef8622a32c,6385,1038.32718
1784901315301,BTC,7622961b17567841,6386,63.92
1784901315301,ETH,69d6025a0c1d1b6a,6387,2084.96541
1784901315301,ETH,69d6025a0c1d1b6a,6387,55.96107
1784901315301,ETH,69d6025a0c1d1b6a,6387,29.91978
1784901315301,ETH,69d6025a0c1d1b6a,6387,199.83458
1784901315301,ETH,69d6025a0c1d1b6a,6387,880.9713
1784901315301,ETH,69d6025a0c1d1b6a,6387,887.80483
1784901315301,ETH,6da0c52b3621d0cf,6388,12.00485
1784901315301,BTC,85e1ed6d63a5a731,6389,2423.8464
1784901315301,BTC,0cb189bbac8e01dd,6390,288.9184
1784901315301,BTC,40eb4e3e36bdd333,6391,821.372
1784901315301,ETH,39b0be15788d8b09,6392,404.4711
1784901315301,ETH,86c0216683a2e868,6393,189.86132
1784901315301,BTC,6a4e447748fa3805,6394,65.1984
1784901315301,ETH,718f992773169b56,6395,314.71176
1784901315301,ETH,8ed13afc44e584d1,6396,486.65815
1784901316149,mkts:USTECH,0d113e7c83dfd86e,6397,76.035
1784901316149,mkts:USTECH,0d113e7c83dfd86e,6397,1999.515
1784901316149,mkts:USTECH,0d113e7c83dfd86e,6397,26.0262
1784901316149,mkts:USTECH,0d113e7c83dfd86e,6397,772.4544
1784901316149,mkts:USTECH,0d113e7c83dfd86e,6397,230.08608
1784901316149,mkts:USTECH,0d113e7c83dfd86e,6397,980.54768
1784901316149,mkts:USTECH,0d113e7c83dfd86e,6397,473.82624
1784901316149,mkts:USTECH,0d113e7c83dfd86e,6397,27052.07468
1784901318563,SOL,98802f1b25009080,6398,154.54505
1784901318563,SOL,db8d841755f7e293,6399,707.65365
1784901318563,VIRTUAL,25cc5c74e847d3d9,6400,500.027503
1784901318563,VIRTUAL,25cc5c74e847d3d9,6400,1000.7999
1784901318563,VIRTUAL,25cc5c74e847d3d9,6400,260.097866
1784901318563,VIRTUAL,25cc5c74e847d3d9,6400,245.914972
1784901318563,VIRTUAL,25cc5c74e847d3d9,6400,310.494588
1784901318563,VIRTUAL,25cc5c74e847d3d9,6400,324.149786
1784901318563,VIRTUAL,25cc5c74e847d3d9,6400,344.6852
1784901318563,VIRTUAL,25cc5c74e847d3d9,6400,19.924
1784901318563,VIRTUAL,25cc5c74e847d3d9,6400,422.367176
1784901318563,VIRTUAL,25cc5c74e847d3d9,6400,1433.316756
1784901318563,VIRTUAL,25cc5c74e847d3d9,6400,500.024128
1784901318563,VIRTUAL,25cc5c74e847d3d9,6400,1075.14485
1784901318563,VIRTUAL,25cc5c74e847d3d9,6400,914.218925
1784901318563,VIRTUAL,25cc5c74e847d3d9,6400,254.768769
1784901318563,VIRTUAL,25cc5c74e847d3d9,6400,499.971765
1784901318563,VIRTUAL,25cc5c74e847d3d9,6400,1161.01596
1784901318563,SOL,0594c0d4633bed51,6401,607.8279
1784901318563,SOL,5f040ee1875dce1d,6402,39.9303
1784901318563,SOL,656942110cf5d3b8,6403,317.22405
1784901318563,SOL,abe4b2cfd65158e5,6404,195.2148
1784901318563,SOL,846f6b5e53424327,6405,11.8312
1784901318563,ETH,fdd23249e24adf95,6406,242.91995
1784901318563,SOL,86473b5e352d7145,6407,458.459
1784901318563,SOL,3d8b69c2278a96a9,6408,29.578
1784901318563,SOL,0fe6b6b92c396540,6409,473.98745
1784901318563,SOL,0fe6b6b92c396540,6409,5003.79048
1784901318563,SOL,0fe6b6b92c396540,6409,5447.75184
1784901318563,SOL,0fe6b6b92c396540,6409,924.96438
1784901318563,ETH,9a6dd21361a6600c,6410,74.44619
1784901318563,SUI,b60476dabe67722d,6411,11.350246
1784901318563,SOL,37470921282489eb,6412,532.3536
1784901319122,xyz:MU,6792368592800779,6413,163.2575
1784901319122,xyz:HIMS,93ccbdf5d1b988ab,6414,147.37134
1784901319122,xyz:SPCX,0a1d97a904ec9e7d,6415,554.6238
1784901319122,xyz:MSTR,9e97b6f890116773,6416,47.311992
1784901319122,xyz:SPCX,358f08b469166d6a,6417,562.5632
1784901321456,BTC,f00e249eb3706dce,6418,2336.84208
1784901321456,BTC,f00e249eb3706dce,6418,1091.71944
1784901321456,ETH,7f12cec20cdfeadf,6419,176.03816
1784901321456,ETH,951013d85b44cddf,6420,431.87536
1784901321456,ETH,267339ca6cec1b66,6421,216.1224
1784901321456,BTC,2c3eb542e5f26f3f,6422,113.13486
1784901321456,BTC,716ebd646fed20fd,6423,1660.58964
1784901321456,ETH,e1c701b95ee12b0d,6424,325.1072
1784901321456,ETH,74cdfa3aff680440,6425,134.10672
1784901321456,ETH,5b92eabd2c403715,6426,290.19512
1784901321456,BTC,9c047eb07ebe4f90,6427,258.8679
1784901321456,BTC,db1713ec04bc7e91,6428,13.42278
1784901321456,ETH,724977a1d6f3d976,6429,1333.86312
1784901321456,ETH,75ac822cc15784e4,6430,171.60488
1784901321456,BTC,5754212718ff557e,6431,1188.23562
1784901321456,ETH,bb861534c4293596,6432,511.6744
1784901321456,ETH,fb631f422db604e9,6433,95.31552
1784901321456,ETH,97d5cde29e03c841,6434,475.654
1784901321456,BTC,b37b575c7f044d5d,6435,3916.25586
1784901321456,BTC,b37b575c7f044d5d,6435,2780.433
1784901321456,BTC,b37b575c7f044d5d,6435,7377.41556
1784901321456,BTC,b37b575c7f044d5d,6435,443.58398
1784901321456,BTC,a7010b685a0372ad,6436,4687.67278
1784901321456,ETH,4e3b30ddce147593,6437,11.82208
1784901321456,ETH,ab56a07044e889cd,6438,747.00768
1784901321456,ETH,719ab20c2fb06a21,6439,128.01096
1784901321456,BTC,99755bb671a17ca5,6440,409.0688
1784901321456,ETH,0fdec16eb395ea43,6441,1295.99552
1784901321456,ETH,1b6feb3f102a2848,6442,1568.08808
1784901321456,BTC,070dd7f6e192f720,6443,1796.0677
1784901321456,BTC,6b9ac8798155be90,6444,2632.74123
1784901321456,BTC,3c904c2eea7ae6e2,6445,357.29603
1784901321456,ETH,2c9f8a2c88d678df,6446,1089.848
1784901321456,ETH,e027afa601e425d9,6447,3170.53408
1784901321456,ETH,469de141ac7d62a3,6448,103.62792
1784901321456,ETH,373ee185a8642584,6449,165.50912
1784901321456,ETH,257beb8671122fcd,6450,108.24592
1784901321456,ETH,ebb64b4513c42cac,6451,3212.83496
1784901321456,ETH,bd8224809088f44e,6452,298.13808
1784901321456,ETH,4a8657017b113e9f,6453,105.65984
1784901321456,BTC,487a5379f92f0980,6454,1175.43363
1784901321456,ETH,7934ee0cc1821b73,6455,94.76136
1784901321456,ETH,a7d599ccb505acf7,6456,236.25688
1784901322127,xyz:XYZ100,993969ee6c41ab2c,6457,858.941
1784901322127,xyz:HOOD,1b1b086eed268499,6458,196.232292
1784901322127,xyz:SPCX,94b53f9be8f9674d,6459,709.571
1784901322127,xyz:HIMS,b09fa79f97665d2e,6460,274.23144
1784901322127,xyz:SKHY,9346715b599da208,6461,4391.6385
1784901322127,xyz:SKHY,9346715b599da208,6461,8567.1026
1784901322127,xyz:SKHY,9346715b599da208,6461,2999.9017
1784901322127,xyz:SKHY,9346715b599da208,6461,23453.43
1784901322127,xyz:CRCL,3ca694941bbe34b2,6462,24.042
1784901322127,xyz:CRCL,3ca694941bbe34b2,6462,1433.397398
1784901322127,xyz:HOOD,141365045a14e60d,6463,778.172382
1784901322127,xyz:HOOD,141365045a14e60d,6463,13595.937003
1784901322127,xyz:HOOD,141365045a14e60d,6463,5703.745796
1784901322127,xyz:HOOD,141365045a14e60d,6463,5947.125
1784901322127,xyz:HOOD,141365045a14e60d,6463,2521.654438
1784901325074,xyz:HOOD,141365045a14e60d,6463,974.742561
1784901325074,xyz:HOOD,141365045a14e60d,6463,5705.484085
1784901325074,xyz:HOOD,141365045a14e60d,6463,13595.9871
1784901325074,xyz:HOOD,141365045a14e60d,6463,5704.764793
1784901325074,xyz:HOOD,141365045a14e60d,6463,1181.91623
1784901325074,xyz:HOOD,141365045a14e60d,6463,9692.637039
1784901325074,xyz:HOOD,141365045a14e60d,6463,19033.912898
1784901325074,xyz:HOOD,141365045a14e60d,6463,254.74332
1784901325074,xyz:HOOD,141365045a14e60d,6463,4192.515222
1784901325074,xyz:HOOD,141365045a14e60d,6463,5047.23336
1784901325074,xyz:HOOD,141365045a14e60d,6463,1190.058454
1784901325074,xyz:HOOD,141365045a14e60d,6463,18196.874934
1784901325074,xyz:HOOD,141365045a14e60d,6463,5269.144148
1784901325074,xyz:HOOD,141365045a14e60d,6463,804.283868
1784901325074,xyz:HOOD,141365045a14e60d,6463,164.62507
1784901325074,xyz:HOOD,141365045a14e60d,6463,5344.034281
1784901325074,xyz:HOOD,141365045a14e60d,6463,5959.142057
1784901325074,xyz:HOOD,141365045a14e60d,6463,8328.030203
1784901325074,xyz:HOOD,141365045a14e60d,6463,3181.491948
1784901325074,xyz:HOOD,141365045a14e60d,6463,375.42244
1784901322127,xyz:ORCL,f92fd63c20c632ae,6464,9985.78368
1784901322127,xyz:ORCL,f92fd63c20c632ae,6464,9982.3592
1784901322127,xyz:ORCL,f92fd63c20c632ae,6464,5981.99972
1784901322127,xyz:ORCL,f92fd63c20c632ae,6464,3655.13274
1784901322127,xyz:ORCL,f92fd63c20c632ae,6464,1548.53214
1784901325074,xyz:ORCL,f92fd63c20c632ae,6464,9932.9208
1784901325074,xyz:ORCL,f92fd63c20c632ae,6464,3983.639
1784901325074,xyz:ORCL,f92fd63c20c632ae,6464,55505.81743
1784901325074,xyz:ORCL,f92fd63c20c632ae,6464,4080.3
1784901325074,xyz:ORCL,f92fd63c20c632ae,6464,1000.05403
1784901325074,xyz:ORCL,f92fd63c20c632ae,6464,9994.78688
1784901325074,xyz:ORCL,f92fd63c20c632ae,6464,1941.65648
1784901325074,xyz:ORCL,f92fd63c20c632ae,6464,1799.88165
1784901325074,xyz:ORCL,f92fd63c20c632ae,6464,3484.59659
1784901325074,xyz:ORCL,f92fd63c20c632ae,6464,9989.65078
1784901325074,xyz:ORCL,f92fd63c20c632ae,6464,199.8318
1784901325074,xyz:ORCL,f92fd63c20c632ae,6464,14.912
1784901325074,xyz:ORCL,f92fd63c20c632ae,6464,9987.079
1784901325074,xyz:ORCL,f92fd63c20c632ae,6464,12652.91082
1784901322127,xyz:XYZ100,73b6663226d4627a,6465,332.3116
1784901322127,xyz:CRCL,01c5529e6f9e7a95,6466,42.429188
1784901322127,xyz:ORCL,d83d63febbc1e3dd,6467,47.2149
1784901322127,xyz:NVDA,4a51c8947f5d278a,6468,103.8785
1784901322127,xyz:XYZ100,34af9b789865b505,6469,236.5608
1784901322127,xyz:ORCL,8657eeaf12467bcc,6470,362.68038
1784901322127,xyz:ORCL,73e21ca4208339aa,6471,9.55956
1784901322127,xyz:CRWV,b3c329cb5dbcbad6,6472,4946.8963
1784901322127,xyz:SPCX,5f74afee249c0a41,6473,939.6715
1784901324464,ETH,a38487219001646d,6474,1981.78344
1784901324464,ETH,0e5cc89bb11cfd77,6475,195.99853
1784901325074,xyz:ORCL,6a48124e6a3d0aae,6476,1000.04736
1784901325074,xyz:ORCL,6a48124e6a3d0aae,6476,65.296
1784901325074,xyz:SPCX,4efa97a0e69dfe6e,6477,79.359
1784901325074,xyz:CBRS,4df9c7066d87fd90,6478,177.606
1784901325074,xyz:CBRS,4df9c7066d87fd90,6478,386.5512
1784901325074,xyz:CBRS,4df9c7066d87fd90,6478,857.907
1784901325074,xyz:CBRS,4df9c7066d87fd90,6478,72.9418
1784901325074,xyz:CBRS,4df9c7066d87fd90,6478,67.0072
1784901325074,xyz:CBRS,4df9c7066d87fd90,6478,11.8242
1784901325074,xyz:CBRS,4df9c7066d87fd90,6478,991.2118
1784901325074,xyz:SPCX,56e4b9ae6618279c,6479,11846.0313
1784901325074,xyz:SPCX,56e4b9ae6618279c,6479,12.4707
1784901325074,xyz:SPCX,56e4b9ae6618279c,6479,100.8904
1784901325074,xyz:SPCX,56e4b9ae6618279c,6479,999.747
1784901325074,xyz:SPCX,56e4b9ae6618279c,6479,134.8865
1784901325074,xyz:SPCX,56e4b9ae6618279c,6479,16128.282
1784901328191,xyz:SKHX,f7501b8287200b61,6480,468.46
1784901340183,xyz:MRVL,f22cabbccf4e028c,6481,94.2
1784901340183,xyz:MRVL,a79019c5583c1256,6482,196.25
1784901340183,xyz:MRVL,4eff5b9ea401f7fe,6483,196.25
1784901340183,xyz:CRCL,0ec617366fedd35f,6484,473.155636
1784901340183,xyz:NBIS,50abb67742954157,6485,9472.9617
1784901340183,xyz:RKLB,b3c329cb5dbcbad6,6486,5692.70058
1784901343163,xyz:CRCL,96b0b3f458e518f1,6487,59.76169
1784901343163,xyz:SMSN,dfdcbfc78e23d922,6488,518.86516
1784901346201,xyz:NOK,eaae62314a844822,6489,1861.916238
1784901346201,xyz:NOK,eaae62314a844822,6489,460.0
1784901346201,xyz:NOK,eaae62314a844822,6489,873.080703
1784901346201,xyz:NOK,eaae62314a844822,6489,363.785848
1784901346201,xyz:SKHX,a88166867f0dca2a,6490,94.288
1784901349146,xyz:MSTR,39199f1c50c6e5e8,6491,1427.795943
1784901349146,xyz:MSTR,39199f1c50c6e5e8,6491,464.977488
1784901351453,BTC,3c93a3598fc27596,6492,7239.87
1784901351453,BTC,3c93a3598fc27596,6492,2546.415
1784901351453,BTC,3c93a3598fc27596,6492,10.863
1784901351453,BTC,3c93a3598fc27596,6492,2683.8
1784901351453,BTC,3c93a3598fc27596,6492,215.982
1784901351453,BTC,3c93a3598fc27596,6492,25560.0
1784901351453,BTC,3c93a3598fc27596,6492,8227.764
1784901351453,BTC,3c93a3598fc27596,6492,70022.259
1784901351453,BTC,3c93a3598fc27596,6492,4976.532
1784901351453,BTC,3c93a3598fc27596,6492,1382.796
1784901351453,BTC,3c93a3598fc27596,6492,34854.255
1784901351453,BTC,3c93a3598fc27596,6492,19170.0
1784901351453,BTC,3c93a3598fc27596,6492,127635.777
1784901351453,BTC,3c93a3598fc27596,6492,63900.0
1784901351453,BTC,3c93a3598fc27596,6492,617554.521
1784901351453,BTC,4a962089e4b0ebe5,6493,10.224
1784901351453,BTC,e73373ae439a67b6,6494,1142.532
1784901351453,BTC,c300f47df9012745,6495,2247.363
1784901351453,BTC,be5a8cceb0a94a4b,6496,86.265
1784901351453,BTC,1d7d711f63ea6693,6497,99.684
1784901351453,BTC,b0b9a0fe66bb14d0,6498,5188.041
1784901351453,BTC,99bc7859b5e84ffa,6499,961.695
1784901351453,BTC,906e6c95181bff32,6500,1458.198
1784901351453,BTC,14ac377455c0e501,6501,14.058
1784901351453,BTC,ea0670312744c58a,6502,44252.028
1784901351453,BTC,ebc495b39e2207f0,6503,459.441
1784901354746,BTC,2cf3849123c6c28a,6504,13079.691
1784901354746,BTC,822c6e739bafb230,6505,1450.53
1784901354746,BTC,530981ed9f8a9103,6506,2458.233
1784901354746,ETH,530981ed9f8a9103,6507,2507.8455
1784901354746,BTC,7c481b89be70e618,6508,6121.62
1784901354746,BTC,a1026be7570b3ade,6509,174023.343
1784901354746,BTC,538da3b550af7068,6510,214.065
1784901354746,BTC,b9b3ad1b03b88c20,6511,38.34
1784901354746,BTC,e0723f56c95c36eb,6512,1382.157
1784901354746,BTC,d73363f99fdd51c0,6513,1198.764
1784901354746,BTC,e66e0be6667ca385,6514,137.385
1784901357555,ADA,7799c783bd98e6e0,6515,499.9865
1784901357555,ADA,7799c783bd98e6e0,6515,89.34185
1784901357555,ADA,7799c783bd98e6e0,6515,162.61856
1784901357555,ADA,7799c783bd98e6e0,6515,170.91641
1784901369400,SOL,55ae31f75d59355f,6516,22.1793
1784901369400,SOL,466a7439363a5bcc,6517,13.30758
1784901369400,XRP,a8a7e2e6207bf060,6518,48.9825
1784901369400,BTC,618a71660236360c,6519,390.429
1784901369400,SOL,b19a74558829f3cf,6520,31.79033
1784901369400,SOL,66c89c8b9fee5759,6521,11.82896
1784901369400,XRP,64ac120ee9df25cd,6522,23.947
1784901369400,SOL,2bb8334531bae6bc,6523,204.78887
1784901369400,SOL,8de67a4a7b0abb13,6524,2832.29661
1784901369400,XRP,23587bddafab6c71,6525,1788.4055
1784901369400,SOL,6fd9a664e48b6d0d,6526,400.70602
1784901369400,SOL,a13a5ad23774e485,6527,11.82896
1784901369400,SOL,b76a708b804be9f1,6528,2.95724
1784901369400,SOL,b76a708b804be9f1,6528,8.87148
1784901369400,XRP,d70db744d57a438e,6529,17.416
1784901369400,SOL,3bf9dde67bc17e9c,6530,808.04397
1784901385195,xyz:SKHX,36c6e71ad8fa5d71,6531,186.2978
1784901427084,xyz:QCOM,b784baf4079c8382,6532,93.5704
1784901430075,xyz:SKHX,a62150ed64ed4dd3,6533,69.4784
1784901430075,xyz:CBRS,b512be24abbfccab,6534,165.0852
1784901430075,xyz:CBRS,b512be24abbfccab,6534,306.384
1784901430075,xyz:SKHX,b943247c89d0ba63,6535,64.768
1784901430075,xyz:SKHX,b943247c89d0ba63,6535,78.8791
1784901454151,xyz:SKHX,f05e4a3a1833a153,6536,61.2144
1784901457062,xyz:GOOGL,dae35f32b16b2939,6537,109.06331
1784901463184,xyz:SKHX,2e81c19385c52d15,6538,45.8718
1784901463184,xyz:SKHX,2e81c19385c52d15,6538,14598.9944
1784901463184,xyz:SKHX,2e81c19385c52d15,6538,2997.8789
1784901475145,xyz:MU,fdf9e9f6f9c5e0a8,6539,114.50193
1784901475145,xyz:MU,98df745e624338a8,6540,121.94921
1784901481108,xyz:KIOXIA,4f07d81aa87ec7ed,6541,238.14438
1784901481108,xyz:KIOXIA,f3426d444d1e606f,6542,16.607
1784901481108,xyz:KIOXIA,81b093513a7c1451,6543,32.88186
1784901496170,xyz:GOOGL,d3c9cfeb30e701e8,6544,448.8312
1784901598054,xyz:SKHX,8036ab73a4cecafa,6545,808.3929
1784901598054,xyz:SKHX,8036ab73a4cecafa,6545,300.033
1784901598054,xyz:SKHX,8036ab73a4cecafa,6545,1000.11
1784901598054,xyz:SKHX,8036ab73a4cecafa,6545,5033.4948
