ts,coin,user,fills,notional,txs
1760536873191,XPL,331f36a72e14c0aa,2,854.8,1
1760536873191,XPL,794eadcd88413f5a,2,609.49,1
1760537004909,XPL,71834f4f8772e549,2,1104.27,1
1760537039927,CAKE,5311edf789a1ccdc,2,319.7,1
1760537039927,XPL,5311edf789a1ccdc,14,10297.8,1
1760537043206,XPL,465d717319eb3716,4,286.36,1
1760537043206,XPL,f05b8e14211272e1,2,1.09,1
1760537046054,XPL,f769fbe8c9358f25,32,53787.05,1
1760537046054,XPL,79a9ceded4b06098,8,9972.53,1
1760537046054,XPL,427e9986a31e4029,4,15864.29,1
1760537046054,XPL,5002ce15d51b5597,2,4821.62,1
1760537046054,XPL,8749a1d5c0cbe6d9,100,562239.64,1
1760537051873,XPL,8749a1d5c0cbe6d9,192,2298632.21,1
1760537046054,XPL,f9456fe594c15378,2,7724.2,1
1760537048851,PUMP,e570d85d30a0d87c,2,6.82,1
1760537048851,XPL,e570d85d30a0d87c,2,34151.7,1
1760537048851,XPL,2f9502f32a7b645d,2,9960.5,1
1760537048851,XPL,bdd281e41ea6cf37,2,3150.4,1
1760537048851,XPL,b1d5d39105428436,2,555.5,1
1760537048851,XPL,be9bfc1106b9c3cc,28,20969.76,1
1760537048851,XPL,5f4ba9ad016884e0,2,77.58,1
1760537048851,XPL,07c7fe37e29936bf,14,6882.21,1
1760537051873,XPL,fd3bd09110a77665,6,20892.26,1
1760537051873,XPL,b7779a753e94ff7e,2,74.77,1
1760537051873,XPL,a6f858403c22eb76,2,693.02,1
1760537051873,XPL,309eea90faca78f2,2,1692.94,1
1760538800115,XPL,309eea90faca78f2,4,575.48,1
1760537051873,XPL,c63defc27f69721f,2,951.93,1
1760537275356,MON,5dc89405d254be6e,4,336.16,1
1760537334635,FARTCOIN,9b10077b39261011,22,88393.95,1
1760537334635,BTC,3de59878fbe99972,2,9188.32,1
1760537334635,BTC,af635357044405aa,2,5783.33,1
1760537338622,SOL,ad3afecbd2601b01,2,936.33,1
1760537388808,SOL,20e9d725f723a952,2,974.21,1
1760537426131,BTC,7ce7e2f7ba67838b,2,69.52,1
1760537426131,SOL,6f23989ea5eeca09,2,857.56,1
1760537428893,BTC,b6524376b308c144,2,1238.37,1
1760537428893,BTC,d4edcb9e8ca967b0,2,1731.92,1
1760537432078,BTC,383c7a22ac4bcd63,4,68183.15,1
1760537438331,BTC,9e31e4adc1c4baa0,2,45282.84,1
1760537472150,SOL,d28bc2fd715c1a71,2,339.54,1
1760537751184,NIL,13759aaec92c4d0b,2,53.81,1
1760538789935,XPL,79f38587819b5e2f,2,18909.63,1
1760538801954,XPL,704d3732178368fd,6,26144.61,1
1760538801954,XPL,ddd9d2adf219f848,4,16103.58,1
1760538801954,XPL,7b06fdaa6ecabd18,2,3963.74,1
1760538822239,XPL,8e4828b2def0582f,2,582.93,1
1760538822239,XPL,000eb9f41fc4df7a,6,29711.21,1
1760538822239,XPL,dbb0bd03ff992abb,2,2945.3,1
1760538840281,XPL,f52b0880d537460d,2,317.53,1
1760538840281,XPL,1c7e90c70c1732f3,2,2722.59,1
1760538840281,XPL,1231410918addd88,2,5583.46,1
1760538840281,XPL,a1cb710181458134,2,939.28,1
1760538914260,XPL,35181ba9f75df6ba,2,45.11,1
1760538914260,XPL,55c512db494de0ac,6,10624.77,1
1760538950913,XPL,24ee8c7703b03c0a,2,185.34,1
1760538950913,XPL,513cef9b3d1055bc,2,1149.95,1
1760538950913,XPL,2453e45aa3f45c53,2,470.02,1
1760538950913,XPL,65cc14886ae16a05,2,361.47,1
1760538980715,XPL,cef4c7dd88f3c38a,2,4382.62,1
1760539280178,IMX,b06157554bcb3561,2,88.52,1
1760539327053,IMX,52bd1c2b2110680c,2,88.88,1
1760539605959,SOL,5e7978d7592fd8bb,2,391.2,1
1760539615137,SOL,57a6e92069273782,2,299.14,1
1760539628451,SOL,04a78a2a65d71880,2,11151.57,1
1760539690556,SOL,42f9a0a64384fa1e,2,1147.68,1
1760539704825,SOL,47543d3dfc0f088c,4,25707.57,1
1760539704825,SOL,d676ed583361f3ec,2,2127.03,1
1760539704825,SOL,398085db848bebef,2,258.91,1
1760539886170,ETH,b60b3f4445abf684,2,156.01,1
1760539886170,ETH,060bfb32b6f861ee,24,80984.77,1
1760540043986,ETH,060bfb32b6f861ee,2,64410.06,1
1760539886170,ETH,89f1668c2425201a,2,206.65,1
1760539889153,ETH,bfce2de35551ae8d,2,384.92,1
1760539889153,ETH,a09285be4cbad88d,2,96288.16,1
1760539889153,ETH,41e8f4a9e9197c89,2,130245.88,1
1760540043986,ETH,41e8f4a9e9197c89,2,103651.8,1
1760539889153,ETH,be0c5ef405927115,2,303.76,1
1760539889153,ETH,0e3d1acae9da9360,2,43.39,1
1760539889153,ETH,e014fa7f1a8b721b,2,294.12,1
1760539889153,ETH,d44f3b67655d699b,2,10065.09,1
1760539889153,ETH,c4e066e8e0f953e7,2,1911.76,1
1760539889153,ETH,40c7afc330b7004b,2,2057.22,1
1760539889153,ETH,485b6e78ee90cb73,2,4683.38,1
1760539889153,ETH,6dc9d449b3f9f256,2,2569.11,1
1784901287905,ETH,6dc9d449b3f9f256,2,1131.84,1
1760539889153,ETH,5866450aed418654,2,337.51,1
1760539889153,ETH,24eeb8bfb06ecc34,2,720.03,1
1760539892212,ETH,298fbea5f28fa24d,2,2521.42,1
1760539892212,ETH,8129e66415cabc76,2,397.49,1
1760539892212,ETH,abf0bfa0bee97f8b,2,32880.44,1
1760539892212,ETH,3631cc99bd3e8722,2,562.9,1
1760539892212,ETH,18e9fb7d41a73e30,2,184.69,1
1760539892212,ETH,1b34385b7a9256f3,2,14685.26,1
1760539895968,ETH,15a1275883d1fab0,2,190.17,1
1760539895968,ETH,2dc01bcfa1a8bd40,2,88266.2,1
1760539895968,ETH,29d05c82e64a70d5,2,19340.73,1
1760539895968,ETH,57d27ddc07377bd4,2,293.69,1
1760539895968,ETH,a604191180827065,2,607.43,1
1760539895968,ETH,6088772f12c4f655,2,267.21,1
1760539895968,ETH,33be8204f9ca8fc5,4,75924.18,1
1760539895968,ETH,ba6b91b1cfcb062c,2,89871.04,1
1760540043986,ETH,ba6b91b1cfcb062c,2,71626.24,1
1760539895968,ETH,61feae15d1106257,2,5580.03,1
1760539895968,ETH,c4dede089aa389d4,2,130.79,1
1760539895968,ETH,095c2633e0161766,2,454.17,1
1760539895968,ETH,308c3961959bbe66,2,637.12,1
1760539895968,ETH,62c22bde7d408c8a,2,136.41,1
1760539895968,ETH,2e86e12fe9aead00,2,40121.0,1
1760539895968,ETH,d2eefbf8b9f8bf77,2,33701.64,1
1760539895968,ETH,fbd6e45b31ace1ff,2,161931.57,1
1760540201923,ETH,fbd6e45b31ace1ff,12,128878.53,1
1760539895968,ETH,275ef3a0dbeef5a3,2,4097.96,1
1760539895968,ETH,377d0705f3e6c4ea,2,19546.15,1
1760539895968,ETH,e865a5f387e2447a,2,61664.37,1
1760539895968,ETH,5839e38bb4f138cc,2,62252.55,1
1760539895968,ETH,c84e7d873d189669,2,633.91,1
1760539895968,ETH,8fc31593f71e4b9b,2,65.8,1
1760539895968,ETH,42dde09395af3a54,2,97.9,1
1760539895968,ETH,34b92b922143ba97,2,213.44,1
1760539895968,ETH,640ad2eadcfdb766,2,623.48,1
1760539895968,ETH,dadaaea9e9fa63bc,2,1189.19,1
1760539895968,ETH,75d8dad50aeb2bc4,2,976.55,1
1760540005007,SOL,45164703e85aec54,4,3853.8,1
1760540005007,SOL,ec402885abda3c00,2,768.37,1
1760540015364,SOL,56426694a33db559,2,194.93,1
1760540015364,SOL,02a91e2235c813a6,8,272757.11,2
1760540015364,ETH,c8e07519de0c5beb,2,4810.4,1
1760540015364,ETH,c6492b1c7e393f64,2,194.89,1
1760540015364,ETH,6b5cea6d3dc21d31,2,351.28,1
1760540015364,SOL,cc748a9e088dd42c,2,548.99,1
1760540015364,ETH,a4df49dfd4ad369b,2,356.09,1
1760540015364,ETH,ddd8125a2c98d5be,2,180.45,1
1760540018319,ETH,4ba586fbcdface7f,22,2756816.13,1
1760540018319,ETH,69f79d0f6d6ee4bb,2,81537.64,1
1760540018319,SOL,f8b1778d97cec777,2,7898.72,1
1760540018319,BTC,fa4fe3e7efe1981e,2,10751.15,1
1760540018319,ETH,fa4fe3e7efe1981e,2,20051.83,1
1760540018319,XPL,fa4fe3e7efe1981e,18,12034.25,1
1760540018319,ETH,970242d0f17cf0a7,2,23.24,1
1760540018319,ETH,7b45cde32556624f,2,44.08,1
1760540018319,ETH,f0a040e3b47aa917,2,3812.26,1
1760540018319,ETH,06dc8207d62d7615,4,30307.35,1
1760540018319,ETH,ae2709c44894dff4,2,9000.52,1
1760540018319,ETH,8b9caa8344b53469,2,4402.09,1
1760540018319,ETH,a49f0d957efdcdb2,2,521.71,1
1760540018319,SOL,4a95e3300b955f18,2,306.07,1
1760540018319,ETH,a26902d76aebfd91,2,1224.54,1
1760540018319,ETH,a0fb9f09a229f6e5,2,10605.73,1
1760540018319,BTC,b7997cc62c17d620,2,35038.33,1
1760540018319,ETH,b7997cc62c17d620,2,49149.06,1
1760540018319,SUI,b7997cc62c17d620,6,4764.18,1
1760540018319,ETH,dcff1fe0866d4a8f,2,56.9,1
1760540018319,ETH,e70d760d2b7aa0f9,2,5250.77,1
1760540018319,ETH,c68be148cab34264,2,1321.51,1
1760540018319,ETH,1295383077e60110,2,557.77,1
1760540018319,SOL,413a4f0a9711ad27,2,115.27,1
1760540018319,ETH,86b666cbc4451a4e,2,59943.92,1
1760540033316,ETH,4b706bd187c9a625,2,1287.21,1
1760540033316,ETH,d25ee8910b456b22,18,23253.45,1
1760540033316,ETH,4bb9eb26feefe9d0,2,507.8,1
1760540033316,ETH,c491e5546a85ba8f,2,734.46,1
1760540033316,ETH,729a6da2e82adc6a,2,1236.65,1
1760540033316,SOL,f0a040e3b47aa917,14,3151.75,1
1760540033316,ETH,9d65e2454d5b57c4,2,7654.58,1
1760540033316,ETH,a1ecb3ee34907e54,2,735.26,1
1760540033316,SOL,d4765a152de0381e,2,55.64,1
1760540033316,ETH,d44b9ac72d2541a0,16,134649.55,1
1760540033316,SOL,d44b9ac72d2541a0,10,83004.44,1
1760540033316,ETH,a53a3465127af77d,2,8703.16,1
1760540033316,ETH,81896f65631c590c,2,17821.98,1
1760540033316,ETH,cd7197fecd36a6f8,2,293.92,1
1760540033316,ETH,154ceae193b6a1bf,2,290643.36,1
1760540033316,ETH,fe8c97fbec3db8f0,2,454.9,1
1760540033316,ETH,601e14f317f5303a,2,7781.35,1
1760540033316,ETH,d6ebf661b98f554f,2,93831.1,1
1784898333286,ETH,d6ebf661b98f554f,64,191922.35,1
1760540033316,ETH,d7af4c49aae3a6ab,2,4955.04,1
1760540033316,SOL,d7af4c49aae3a6ab,2,230.49,1
1760540036992,ETH,dbfdec91f6d037e3,2,8668.36,1
1760540036992,ETH,97f8e66be799d5d5,2,490.96,1
1760540036992,ETH,f8b1778d97cec777,2,9692.73,1
1760540036992,ETH,08095a2e05032683,4,42769.93,1
1760540036992,ETH,08b651e871490ba2,2,263.5,1
1760540036992,ETH,31f2b971a5c4542e,32,114727.57,1
1760540036992,ETH,7f1a8e2e9ce358c1,2,155.36,1
1760540036992,ETH,a06b5e07c0a6ca60,2,293.9,1
1760540036992,ETH,f863c5abd9451818,2,116.92,1
1760540036992,ETH,d0f3269bf7a87057,2,486.1,1
1760540036992,ETH,cc0108554bd565c6,2,335.54,1
1760540036992,ETH,82f71ca73ad81b44,2,6172.72,1
1760540036992,ETH,d7356148d0de2796,2,97.7,1
1760540036992,ETH,6bc1b0134d393c4b,2,37956.47,1
1760540036992,ETH,3edaf9b1a68c27b0,4,13413.73,1
1760540036992,ETH,08d9f0e0bf538a0d,2,1536.77,1
1760540036992,ETH,61b1b00b60de60ca,2,752.77,1
1760540036992,ETH,33a7562817549b35,2,16962.97,1
1760540036992,ETH,b2ebf3406fd31628,2,2774.04,1
1760540036992,ETH,9403f40cd3907878,2,320.33,1
1760540036992,SOL,9403f40cd3907878,2,365.76,1
1760540036992,ETH,894ca2022f949275,2,1524.76,1
1760540036992,ETH,43b957413b780e58,2,20736.43,1
1760540036992,ETH,d885cfc30cc5f963,2,1097.12,1
1760540036992,ETH,8c8c718d232721cf,2,293.9,1
1760540040093,ETH,f4dab81a5eec8347,2,1975.45,1
1760540040093,ETH,972aa4e7fed39782,2,98.41,1
1760540040093,ETH,e5f0bfaf4e53fa2e,2,1024.93,1
1760540040093,ETH,49c0108347d42a8b,2,578.47,1
1760540040093,ETH,b6359c14bfba6293,2,905.71,1
1760540040093,SOL,a1b32c6f31dd075a,4,7734.57,1
1760540043986,ETH,d57186549af150f5,2,5986.71,1
1760540043986,ETH,8f5375d0254be04b,2,9434.52,1
1760540043986,SOL,8f5375d0254be04b,2,7467.52,1
1760540043986,ETH,3c575148bc06d82b,2,5228.08,1
1760540043986,ETH,b1446a408b9b8fb9,2,239.02,1
1760540043986,ETH,b8fd13ae8078b1ad,2,732.25,1
1760540043986,ETH,f00c3022d4843128,2,940.89,1
1760540043986,ETH,a122cb7c10c65417,2,24501.61,1
1760540043986,ETH,d0f56310b4285539,2,8326.55,1
1760540043986,ETH,fe20e1153d365bf3,2,13548.23,1
1760540043986,SOL,ba0570bfd67ef1e9,2,10340.87,1
1760540043986,ETH,c6b83f5c39a793a8,2,57492.85,1
1760540043986,ETH,89aa8447e52fca36,2,79940.0,1
1760540043986,ZEC,89aa8447e52fca36,4,9995.11,1
1760540043986,ETH,3071f2ccaaaacbd4,2,1581.21,1
1760540043986,ETH,cadb9b0dc7807924,2,342.94,1
1760540043986,ETH,551d04e349a6abeb,2,67259.12,1
1760540043986,ETH,e60a3176404412c4,2,294.18,1
1760540043986,ETH,336fa0d4979ba318,2,383.71,1
1760540043986,SOL,c0acfed7b52b0423,2,3902.66,1
1760540043986,ETH,a3039dfb6db1413c,2,4453.46,1
1760540043986,ETH,928757e602eb7871,2,4378.31,1
1760540043986,ETH,a04675d64ca65174,2,30.38,1
1760540043986,ETH,ccb1105e4870dc3e,2,116765.16,1
1760540176735,TAO,7a06406296f41e9d,4,2202.52,1
1760540176735,TAO,0b9020a9db879143,6,1078.63,1
1760540180437,SOL,48b6febdf23763dc,2,33797.75,1
1760540180437,PUMP,48b6febdf23763dc,2,11854.55,1
1760540180437,XPL,48b6febdf23763dc,6,25948.21,1
1760540180437,AAVE,bf974177a722244f,10,51146.84,1
1760540186392,ETH,9cef381bf5096de5,4,186.27,1
1760540186392,SOL,a403a4cb917f96d0,2,27.81,1
1760540186392,SOL,b373f43bd4a5d60e,8,6363.32,1
1760540189713,ETH,9b2be37cad3fbab8,2,2156.27,1
1760540189713,ETH,24e5952e8fbbb686,8,4979.29,1
1760540189713,ETH,5b04e2d8208204bf,4,5243.34,1
1760540189713,ETH,1a77ab5ae9bbab30,16,170884.6,1
1760540189713,SOL,3a178e58e5263297,2,7797.47,1
1760540189713,ETH,01085a8b337bd276,2,4246.42,1
1760540189713,ETH,73d98cc40fe33e7e,2,249.13,1
1760540189713,ETH,70ce0062eb3dd014,2,7338.22,1
1760540189713,ETH,f0395d7b06dc39d9,2,277.88,1
1760540189713,ETH,bc504fd7d1a23e1c,2,3069.43,1
1760540189713,ETH,04adad84d26e2418,2,735.42,1
1760540189713,ETH,870d05f3e4350745,2,1636.92,1
1760540189713,ETH,a54df6783d122024,2,692.3,1
1760540189713,ETH,d5328b347a5b02a0,2,3411.99,1
1760540189713,ETH,4fba99c98d6e3321,2,150.92,1
1760540189713,ETH,70e9c4f7d2371884,2,415.22,1
1760540189713,ETH,fe230d7daeacc24b,2,261.11,1
1760540189713,ETH,59713efd29b59ba9,2,980.56,1
1760540189713,ETH,32a4b9d660fb8bb5,2,3851.17,1
1760540189713,ETH,b2c785f66a208c4a,2,456.74,1
1760540189713,PENDLE,24b170fe1dea908a,4,2659.5,1
1760540189713,ETH,c4a61efa8bc70804,2,133.35,1
1760540189713,ETH,af05cbd4362d6593,2,275.48,1
1760540189713,ETH,e6d20227d856c9ab,2,22.36,1
1760540189713,SOL,29d333f8ecb8ed38,2,21288.21,1
1760540189713,ETH,92b8e574dcb577cd,2,1997.85,1
1760540192330,SOL,6e706b6391b6ea64,2,214.35,1
1760540196092,BTC,cf61093ac2e84ac7,2,9342.63,1
1760540196092,XRP,9f75a4975e1bec1e,2,3166.69,1
1760540196092,XRP,8e4ed3f2438d7bab,2,324.03,1
1760540196092,XRP,cba52da67bcd0d07,4,903.37,1
1760540201923,SOL,f4f455eeb7b67a1a,2,1789.84,1
1760540201923,BTC,f216bf4e636a98fb,2,713.58,1
1760540201923,XRP,42144da1114b7d75,6,3900.89,1
1760540201923,ETH,5906118eac042c0d,2,135441.97,1
1760540201923,XRP,a4ce8a828910e6c4,2,485.69,1
1760540201923,ETH,0f209dc80e129d2e,2,1824.82,1
1760540201923,ETH,2aa8f3d1ad77eabb,2,2566.41,1
1760540201923,ETH,1383670897b78753,2,122.93,1
1760540204869,ETH,b030de68354e52ed,2,433080.8,1
1760540204869,ETH,0c39c0cd093f68d0,2,27734.75,1
1760540204869,ETH,2491f16c62749137,2,231.5,1
1760540204869,ETH,e861318304f7699c,2,1059.29,1
1760540204869,ETH,c280dbe7aaa75eeb,2,775.91,1
1760540204869,XRP,32e2cbe81fa5a8ca,2,1937.08,1
1760540204869,SOL,af4a92ed264afba6,2,2366.87,1
1760540204869,XRP,4b68b7842f3ba163,2,161.83,1
1760540204869,ETH,6b06fdd65c79a8eb,2,8364.97,1
1760540204869,ETH,5b6cbb7d4208459f,2,9043.49,1
1760540204869,ETH,10efe3a8d26e4a93,2,97.39,1
1760540204869,XRP,95ea20c27dada25c,4,2265.41,1
1760540204869,ETH,3607841e301a7e7a,2,629.83,1
1760540204869,XRP,116d2aeb89d271ab,6,7163.28,1
1760540204869,SOL,4cc4ffcb791dea8d,6,161731.89,1
1760540204869,SOL,8d7c3573ef90ce01,2,126.87,1
1760540204869,ETH,a2d2282ae7620c8b,2,1996.45,1
1760540204869,XRP,a3e547ac9f0eda77,4,1230.65,1
1760540207999,BTC,a4f73f3574a03050,2,323.48,1
1760540207999,BTC,488d6536928b0ffa,2,1008.1,1
1760540207999,BTC,af88aac3c68ebb00,2,53198.77,1
1760540207999,SOL,af88aac3c68ebb00,16,138789.0,1
1760540207999,MORPHO,af88aac3c68ebb00,6,8102.55,1
1760540207999,BTC,4b5d9443aed3859a,2,620.37,1
1763175601246,BTC,109840c49f325313,10,34983.2,1
1763175601246,BTC,43d73f6e3c065b8d,2,34.76,1
1763175601246,BTC,b4cfb872764c6b8f,2,106.2,1
1763175643007,LTC,ac915efb71798fb8,2,2.12,1
1763175644853,PUMP,5bf530ddb46d74c4,2,81.67,1
1763175660575,XRP,92f3b512e6f90fee,2,410.29,1
1763175663482,ETH,c5a10c3d2ee4b897,4,23917.16,1
1763175663482,UNI,84e81354723ac462,4,315.44,1
1763175663482,UNI,74058a5f8a969cea,10,9935.55,1
1763175670084,UNI,d738e466a9832e80,12,1209.11,1
1763175698851,SOL,3b18b2ab950bdb5f,2,68.73,1
1763175732778,LTC,326e7daf9c083bd2,2,48.98,1
1763175732778,HYPE,326e7daf9c083bd2,2,65.87,1
1763176076218,TAO,4f3c65688a0270f1,2,158.83,1
1763176180135,ZEC,7b9c0b72eda9572f,2,1646.92,1
1763176183378,ZEC,4874d6c313397d68,2,13389.8,1
1763176213322,ZEC,f1f9054b0b7677f0,2,93.96,1
1763176237716,ZEC,15d33572a8aeae48,2,322.54,1
1763176242862,ZEC,0b315059ad0f49df,18,69445.08,1
1763176242862,ZEC,a772ce572a3448dc,2,12725.97,1
1763178328953,ZEC,a772ce572a3448dc,2,5292.36,1
1763176248782,ZEC,4b782ed3ea124252,4,1066.15,1
1763176248782,ZEC,704d3732178368fd,4,3212.23,1
1763176248782,ZEC,0b477862b0c86c53,2,40.49,1
1763176248782,ZEC,9639ee058148bec0,2,1457.65,1
1763176248782,ZEC,e01180c65e7a81d7,2,3765.61,1
1763176248782,ZEC,939c87836364f0b6,2,2415.93,1
1763176248782,ZEC,dfa86de08765e125,2,94.48,1
1763176248782,ZEC,753d3dbd08b041b3,2,121.47,1
1763176256026,ZEC,151e1b98d8e2f39f,2,270.38,1
1763176292982,ZEC,5d3919e1ce528dcb,2,107.96,1
1763176325242,ZEC,51b0ce14d6a19efb,2,203.34,1
1763178297557,ZEC,51b0ce14d6a19efb,2,213.96,1
1763176325242,ZEC,3796055dce3afb98,4,14138.92,1
1763176329449,ZEC,194271d36d75260f,26,3622.09,1
1763176329449,ZEC,514ada32b24f6d02,2,405.47,1
1763176329449,ZEC,9a7babd56f783e09,2,473.05,1
1763176329449,ZEC,72f05e4cd999f60b,24,80118.99,1
1763176329449,ZEC,1f1d1714e15c44d8,2,2893.84,1
1763178328953,ZEC,1f1d1714e15c44d8,2,1662.9,1
1763176347888,HYPE,0a8a64d372908844,2,589.76,1
1763176490836,BTC,379529799df2e2ee,2,403.58,1
1763176490836,BTC,c0af7f96a71ec0cc,2,1048.53,1
1763176490836,BTC,ad9cf99148dfedbf,2,63.72,1
1763176496655,BTC,f33f5adf206ae68f,2,4133.15,1
1763176496655,BTC,21902aede5f4343a,2,5966.03,1
1763176571995,ZEC,e5f0bfaf4e53fa2e,2,7366.45,1
1763178301731,ZEC,e5f0bfaf4e53fa2e,2,3787.75,1
1763176571995,ZEC,fcb56dfd969b3ca3,2,2713.24,1
1763178286400,ZEC,fcb56dfd969b3ca3,2,1336.68,1
1763176571995,ZEC,9df8dd57edb1b354,2,108.53,1
1763176571995,ZEC,76a5acea5fc099dd,2,40.7,1
1763176571995,ZEC,005d5b975f29a122,2,664.74,1
1763176571995,ZEC,d2e0feb0c5307c19,2,4558.24,1
1763176571995,ZEC,b1522079a3403f9f,2,773.27,1
1763176571995,ZEC,1b58224c16acf6cf,2,501.95,1
1763176571995,ZEC,f718bbff32807b88,2,284.89,1
1763178301731,ZEC,f718bbff32807b88,2,185.81,1
1763176571995,ZEC,2a7a1deeede6359f,2,21746.62,1
1763176571995,ZEC,94a9ac6034ff8df9,2,1220.96,1
1763176577168,ZEC,b870746ffdc63270,2,81.48,1
1763176577168,ZEC,32673352e1656b09,2,54.32,1
1763176765249,BTC,c96713af4fb3e139,98,184386.49,1
1763176765249,BTC,9b9746f2206dae33,2,390.42,1
1763176767658,BTC,c73b85252498c409,2,9572.22,1
1763176767658,BTC,54525b8b770e5189,2,9330.59,1
1763176770485,BTC,612df5d1415ccaef,2,1706.82,1
1763176770485,BTC,3bc87582c8e5fe53,2,1124.99,1
1763176770485,BTC,83cd20ca0a135572,2,603.09,1
1763176873933,BTC,2f5b88490343da98,2,166.25,1
1763176886741,BTC,43a5da333aab99ba,8,18839.81,1
1763176886741,BTC,c0587af24f408506,2,59.93,1
1763176886741,BTC,dc09b41aec338a4a,2,2573.2,1
1763176923040,BTC,5482f53419988aaa,2,7101.75,1
1763176923040,BTC,0a6def966d253346,2,7310.56,1
1763176923040,BTC,17e774ed6c0b73b1,2,9441.28,1
1763176923040,BTC,e65f08c83f14d1a6,10,10359.73,1
1763176979701,BTC,d76895d064300e5c,2,526.03,1
1763176986500,BTC,143eee55a105d5fa,8,5828.73,1
1763177013254,BTC,da55637911edb4aa,4,628.55,1
1763177036681,ZEC,ca821a52cb52256d,2,27.17,1
1763177044853,NEAR,8474995a2b681f49,8,20317.18,1
1763177044853,BTC,6b0629d6c2745141,2,90.91,1
1763177048379,BTC,a7e109a312714a2f,40,6399.05,1
1763177048379,BTC,1701a666058d6087,6,15570.7,1
1763177060916,ZEC,193ed1d74acb755a,8,38290.53,1
1763177060916,ZEC,cf5bd531bba78bbc,2,7761.58,1
1763178354333,ZEC,cf5bd531bba78bbc,2,3840.41,1
1763177060916,ZEC,ea221d3ee6fb29bb,2,40.85,1
1763177060916,ZEC,2ac590a810504de3,2,422.12,1
1763177060916,ZEC,8c6c0e7b72549bd4,2,163.4,1
1763177063660,BTC,d1e3854c8928f05b,6,3398.84,1
1763177063660,BTC,bcc37768f73c22cc,2,6654.54,1
1763177117726,BTC,a96cff050f51c66f,56,571618.7,1
1763177117726,BTC,eef8d1c687d52389,2,292.18,1
1763177117726,BTC,6741499d9193616f,2,1311.92,1
1763177117726,BTC,42d8e710493473d5,2,29024.7,1
1763177148793,BTC,65e6c562574352cf,2,263.28,1
1763177148793,BTC,741c3697f6329758,2,338.78,1
1763177236209,ZEC,b4cbdb4c5e296f18,2,1202.43,1
1763177236209,ZEC,b17efb387c9cfbe2,8,10371.14,1
1763177236209,ZEC,4f3c65688a0270f1,2,232.31,1
1763177236209,ZEC,4bfdbd4dd0643ffd,2,5261.18,1
1763177236209,ZEC,3611e6e6f0596c23,2,41.0,1
1763177236209,ZEC,f03e462f69a7fb77,2,1475.86,1
1763177239257,ZEC,d0df4798e6f25a95,2,218.2,1
1763177239257,ZEC,97aff2f7b4f174ec,2,1131.92,1
1763177239257,ZEC,c220e7c61b571985,2,1731.98,1
1763178310098,ZEC,c220e7c61b571985,2,860.39,1
1763177241928,ZEC,99ce57e88045fc88,4,628.51,1
1763177241928,ZEC,ae56f70f2e3457d3,2,560.29,1
1763177241928,ZEC,03ac0364713db0bb,8,46204.62,1
1763178331090,ZEC,03ac0364713db0bb,2,19043.82,1
1763177245544,ZEC,9bdc1361047dda46,2,41.05,1
1763177245544,ZEC,6676c98a1f68f98f,2,1245.04,1
1763177245544,ETH,319768313b512259,2,25514.4,1
1763177245544,SOL,319768313b512259,2,2861.2,1
1763177245544,AVAX,319768313b512259,2,3115.6,1
1763177245544,TIA,319768313b512259,6,8761.12,1
1763177245544,ETHFI,319768313b512259,4,5545.86,1
1763177245544,HYPE,319768313b512259,4,7849.52,1
1763177245544,ZEC,319768313b512259,30,76646.59,1
1763177516335,ZEC,319768313b512259,12,62943.1,1
1763178247163,ZEC,319768313b512259,2,50355.2,1
1763178286400,ZEC,319768313b512259,22,40780.04,1
1763178325126,ZEC,319768313b512259,16,165826.21,1
1763177285672,BTC,92c455c010af2999,2,6288.92,1
1763177288798,BTC,137b54ed0399c56f,2,154.96,1
1763177288798,BTC,de1fd843ce373c75,2,1619.3,1
1763177288798,BTC,296afc678cf84280,2,38739.2,1
1763177288798,BTC,2f9b9f68b773b670,2,509.42,1
1763177295032,BTC,1bac7a24baf01fc2,2,369.95,1
1784899861984,BTC,1bac7a24baf01fc2,2,1361.77,1
1763177299258,BTC,fc731e54b2ebcf5c,2,13184.89,1
1763177317472,BTC,054f0293ad43f3a5,2,505.59,1
1763177372861,ASTER,2abbe0a40885ae11,4,3270.37,1
1763177372861,ASTER,ce5e51ed3247233c,2,4.6,1
1763177372861,ASTER,b98d29b6f05cfb46,2,66.75,1
1763177495985,ZEC,cb2d006a8497bd5c,2,123.11,1
1763177510178,ZEC,44fe63ef5d183667,2,178.1,1
1763177510178,ZEC,ee14f36de1fb8db5,4,5288.2,1
1763178328953,ZEC,ee14f36de1fb8db5,2,2704.02,1
1763177510178,ZEC,3937053e03765111,2,1465.9,1
1763178328953,ZEC,3937053e03765111,2,1156.8,1
1763177510178,ZEC,85af60d205ccfe5e,2,1534.4,1
1763177510178,ZEC,2027c5ded1d319d6,2,41.1,1
1763177513336,ZEC,26ef76d0aa187048,2,3922.03,1
1763177513336,ZEC,04791ac04d39981b,2,1214.29,1
1763177513336,ZEC,c0508bf9fc0cbf4d,2,11291.54,1
1763177513336,ZEC,94823bed9e006dd5,2,69.79,1
1763177513336,ZEC,f35ceb13e65cab7a,4,9072.35,1
1763178328953,ZEC,f35ceb13e65cab7a,2,6073.2,1
1763178718829,ZEC,f35ceb13e65cab7a,4,2992.23,1
1763177513336,ZEC,35b8760507ce0ab5,2,181.45,1
1763177513336,ZEC,9bab742787eb4520,4,46171.98,1
1763178354333,ZEC,9bab742787eb4520,4,16545.19,1
1763177513336,ZEC,3fc0c771cf5e1b8e,2,376.86,1
1763177513336,ZEC,42d8ead2c9b17c0e,2,1060.79,1
1763177513336,BTC,ab6908d909a987f1,2,452.2,1
1763177513336,SOL,ab6908d909a987f1,2,468.55,1
1763177513336,ZEC,ab6908d909a987f1,2,1619.1,1
1763177513336,ZEC,a96fb6f580f979b8,6,31114.18,1
1763177513336,ZEC,f4706b874927ee85,10,21149.57,1
1763177513336,ZEC,a3c359cf0828b423,4,1396.2,1
1763177513336,ZEC,7908f57d4b9c52f4,2,125.66,1
1763177513336,ZEC,aceedabef6a0cdb3,12,142497.21,1
1763177513336,ZEC,a0ce2bf2a0fa306b,2,11632.84,1
1763177516335,ZEC,25ca55378d3cc4b3,2,84.12,1
1763177516335,ZEC,2485480fd05d0e93,4,93972.04,1
1763178331090,ZEC,2485480fd05d0e93,2,92225.88,1
1763177516335,ZEC,ee36f32a1aaae1e9,10,86707.61,1
1763178357321,ZEC,ee36f32a1aaae1e9,2,59051.68,1
1763177516335,ZEC,d965ec8e5f6763d8,2,23028.15,1
1763177516335,ZEC,6f12d528d0d4761f,2,112.26,1
1763177516335,HYPE,39c045fcfeba14ce,2,116.26,1
1763177516335,WLFI,39c045fcfeba14ce,2,89.71,1
1763177516335,ZEC,39c045fcfeba14ce,2,280.66,1
1763177516335,ZEC,0100b6477b94e046,2,3410.02,1
1763177516335,ZEC,3077ff534c9f77e8,6,39629.71,1
1763178354333,ZEC,3077ff534c9f77e8,4,15891.76,1
1763177516335,ZEC,a7f72cf271ad0f53,10,271132.96,1
1763177547034,ZEC,a7f72cf271ad0f53,42,216833.5,1
1763177516335,ZEC,fe0f004e94d8c081,2,3088.84,1
1763177516335,ZEC,51bdabdf4e2df96b,2,23180.37,1
1763177516335,ZEC,2a21ab3d248e7539,2,365.05,1
1763177516335,ZEC,a113f9d44e2a264c,2,7020.1,1
1763177516335,ZEC,93b461d0515c46d2,2,1165.34,1
1763177516335,ZEC,ecf94caf0be1fc40,24,307449.05,1
1763177516335,ZEC,10376aadb58e17fe,2,2276.07,1
1763177516335,ZEC,0483cf18c580631a,2,293261.48,1
1763177540493,ZEC,0483cf18c580631a,128,1170994.59,1
1763177516335,ZEC,5f200bfbaf26b630,2,1966.97,1
1763177516335,ZEC,0492c529e293355f,2,1222.33,1
1763177516335,ZEC,046068df94a31752,2,3203.35,1
1763177528287,ZEC,a9c89ceb04f8a868,4,21226.44,1
1763178331090,ZEC,a9c89ceb04f8a868,2,10454.58,1
1763177528287,ZEC,74628bddcdadd9fd,2,16504.92,1
1763177540493,ZEC,1033992b0af7c190,16,43931.93,1
1763178331090,ZEC,1033992b0af7c190,2,20750.1,1
1763177540493,ZEC,e1e1f3494d4db6e2,2,1652.24,1
1763177540493,ZEC,648d0766ef27a2c2,2,576.04,1
1763177543624,ZEC,575ba6d3eedf749d,2,517.83,1
1763177547034,ZEC,522cbe23d88e0c29,2,379.0,1
1763177556653,NEAR,68952f54f0cc55a1,2,75.45,1
1763177579248,BNB,9483739d941ebb4d,2,20.5,1
1763177579248,ZEC,9483739d941ebb4d,12,8832.13,1
1763178331090,ZEC,9483739d941ebb4d,2,4222.32,1
1763177579248,ZEC,5c610f4e0b8d30e9,2,1053.3,1
1763177693929,ASTER,8d5ba8368a4fce31,2,2725.57,1
1763177911887,ASTER,e6aede25b53cc6bd,2,849.12,1
1763178247163,ZEC,78217214d7a7ce26,2,168.6,1
1763178272305,XRP,9f1cc4615507bb1b,4,4262.71,1
1763178272305,ZEC,9f1cc4615507bb1b,2,8867.0,1
1763178272305,ZEC,b384d7a9f4be5ba3,2,2463.06,1
1763178276580,ZEC,4f58473693b4b294,2,592.02,1
1763178276580,ZEC,b8092031d308a5ab,12,22906.19,1
1763178276580,ZEC,2a1d8a4614c14bb4,2,70.5,1
1763178279439,ZEC,ca506ef3d0e9e6ae,2,212.85,1
1763178718829,ZEC,ca506ef3d0e9e6ae,2,81.98,1
1763178279439,ZEC,89e206f9d7d41a6a,2,766.25,1
1763178279439,ZEC,accf6931b19daae7,2,255.42,1
1763178279439,ZEC,11df62e9fe5c4974,2,4909.67,1
1763178279439,ZEC,f043b9a498a76021,2,255.42,1
1763178279439,ZEC,8c8ec93e6bc3c27b,2,681.11,1
1763178279439,ZEC,eefa77d1e41306d3,2,2412.27,1
1763178279439,ZEC,dac757f4d572d5f4,2,681.11,1
1763178279439,ZEC,f0af8502955cdf16,2,255.42,1
1763178279439,ZEC,571d86edbe5697b3,2,1504.12,1
1763178282458,ZEC,671da17b8911d171,2,666.91,1
1763178282458,ZEC,67d71a4a7b6a0e5f,8,12189.86,1
1763178282458,CRV,8baab8e1a2dae9ff,2,0.54,1
1763178282458,UNI,8baab8e1a2dae9ff,2,38.6,1
1763178282458,RSR,8baab8e1a2dae9ff,2,20.19,1
1763178282458,MAVIA,8baab8e1a2dae9ff,2,38.59,1
1763178282458,POPCAT,8baab8e1a2dae9ff,2,36.98,1
1763178282458,RENDER,8baab8e1a2dae9ff,2,19.84,1
1763178282458,GRASS,8baab8e1a2dae9ff,2,20.21,1
1763178282458,IOTA,8baab8e1a2dae9ff,2,121.51,1
1763178282458,USUAL,8baab8e1a2dae9ff,2,75.39,1
1763178282458,FARTCOIN,8baab8e1a2dae9ff,2,40.15,1
1763178282458,ZEREBRO,8baab8e1a2dae9ff,2,1.0,1
1763178282458,MELANIA,8baab8e1a2dae9ff,2,55.1,1
1763178282458,VINE,8baab8e1a2dae9ff,2,40.53,1
1763178282458,IP,8baab8e1a2dae9ff,2,18.36,1
1763178282458,OM,8baab8e1a2dae9ff,2,39.35,1
1763178282458,ZEC,8baab8e1a2dae9ff,6,951.02,1
1763178282458,ZEC,e3d2e989b6ea0b3c,8,20839.49,1
1763178286400,ZEC,ce76ced0b1bccca5,2,99.54,1
1763178286400,ZEC,4356a12778ae687a,2,369.85,1
1763178297557,ARB,ee550bc1754c6b95,2,3783.73,1
1763178297557,ZEC,ee550bc1754c6b95,16,6810.34,1
1763178297557,XRP,c914e4313297fd16,6,11494.5,1
1763178297557,ZEC,c914e4313297fd16,16,14288.68,1
1763178297557,ZEC,84e81354723ac462,2,1257.66,1
1763178297557,ZEC,239723b6696825e3,10,5646.27,1
1763178301731,ZEC,74b2e68b9f6c0b1b,2,57.17,1
1763178301731,ZEC,e07519845a7dc6fd,2,1943.9,1
1763178301731,ZEC,21af73e2867084da,2,5903.17,1
1763178301731,ZEC,3600ed9f0afd731d,2,514.56,1
1763178303579,TIA,522734a1e33d3493,2,56.09,1
1763178310098,ZEC,ac819b3c463ba38c,2,1075.49,1
1763178310098,ZEC,fb78651b96a84877,20,110724.35,1
1763178310098,ZEC,c47e11f1a302018e,14,157267.13,1
1763178310098,ZEC,f74e3d6991ca375e,2,10431.58,1
1763178322073,ZEC,ff5435577c051b29,4,214000.8,2
1763178325126,ZEC,e70248f2dc600a62,2,2441.75,1
1763178325126,ZEC,05f717148436a9a4,2,2239.47,1
1763178325126,ZEC,fb4bec85622dcd85,2,419.0,1
1763178325126,ZEC,10eaa7d317c99fdc,2,1950.51,1
1763178325126,ZEC,60129dc189fe9c1d,2,115.59,1
1763178325126,ZEC,5a0d08a0dfe688bd,2,1155.86,1
1763178325126,ZEC,c658ca05984a5246,2,1937.64,1
1763178325126,ZEC,104c6aa5fa12674d,2,1720.74,1
1763178328953,ZEC,c4d6b520ed0b6e95,2,57.84,1
1763178328953,ZEC,f94abc34343a9c58,2,708.54,1
1763178328953,ZEC,f6234aaf2e521d29,2,7056.48,1
1763178328953,ZEC,1b763286a907ce18,2,2009.94,1
1763178328953,ZEC,60153c3471ba2d23,2,694.08,1
1763178328953,ZEC,df0cdfb3ec8d778e,2,86.76,1
1763178328953,ZEC,b79bca0ef2dcfd05,2,78127.38,1
1763178328953,ZEC,ca0b07d54131d8a3,2,11235.42,1
1763178328953,ZEC,cfee2b46b9b5fce7,2,4815.18,1
1763178328953,ZEC,2186a9ac41e29790,2,2140.08,1
1763178328953,ZEC,c91218b50632721a,2,5306.82,1
1763178328953,ZEC,ccb2394d9773a3bb,2,6058.74,1
1763178328953,ZEC,1e4f130850732082,2,101.22,1
1763178328953,ZEC,e549b779f166a1bc,2,419.34,1
1763178328953,ZEC,d66519dd07a2ffcc,2,1012.2,1
1763178331090,ZEC,d1226c956aa46bdb,2,72.3,1
1763178331090,ETH,bce22df77ec9fd23,2,28.58,1
1763178331090,ZEC,bce22df77ec9fd23,2,23613.18,1
1763178331090,ZEC,4f3f2d0fd55d3ff8,2,1677.36,1
1763178331090,ZEC,515286dfc0cebfee,2,57218.22,1
1763178331090,ZEC,343365cfe46488dc,2,578.4,1
1763178718829,ZEC,343365cfe46488dc,2,314.24,1
1763178354333,ZEC,4d183d0c6881cf23,2,367.24,1
1763178354333,ZEC,e758a3528715fa7b,2,1160.48,1
1763178354333,MORPHO,ab463692acfc5fe9,2,425.75,1
1763178354333,ZEC,ab463692acfc5fe9,2,161.59,1
1763178354333,ZEC,29997b777833ff77,32,58769.53,1
1763178354333,MET,29997b777833ff77,6,7208.61,1
1763178354333,ETH,0149c9e953df777d,10,9525.11,1
1763178354333,ZEC,0149c9e953df777d,2,2207.13,1
1763178354333,ZEC,bad3ee01a9878f98,2,58.86,1
1763178354333,ZEC,877229e9d2b6c184,14,18589.44,1
1763178354333,ZEC,8dd23892053ae39d,2,2266.88,1
1763178354333,ZEC,93a209dbd43d3e93,12,26219.78,1
1763178354333,ZEC,a78aa2acdf5f77d2,2,2870.83,1
1763178354333,ZEC,c15aa169131d4d2a,2,29.44,1
1763178354333,ZEC,9359f79d4177f28a,14,37614.32,1
1763178354333,ZEC,65b5eed08c72941f,10,70236.48,1
1763178354333,ZEC,fca1864ccee8ff7b,40,147391.63,1
1763178354333,ZEC,fa4918e7188220a0,2,11063.4,1
1763178354333,ZEC,de3b6fdc8c497047,2,3481.28,1
1763178357321,ZEC,70dcd01d203e3201,2,1050.0,1
1763178357321,ZEC,6161bfe3ddc01427,2,7394.4,1
1763178357321,ZEC,38d78488e2ce7c2a,2,739.44,1
1763178357321,ZEC,37005772a9c221f5,2,29577.6,1
1763178357321,ZEC,3816622f626aeed9,2,17391.63,1
1763178357321,ZEC,04419405e63bda89,4,76665.14,1
1763178357321,ZEC,cbbdccb029f6fec0,2,29.58,1
1763178357321,ZEC,6200107549e03fe9,2,547.19,1
1763178357321,ZEC,bfb6fea3b05138db,48,69282.69,1
1763178357321,ZEC,7547e6cfafaee50f,2,414.4,1
1763178357321,ZEC,32cb0bdf21411ad2,2,17878.4,1
1763178373039,ZEC,78f173245ab31e63,2,1732.86,1
1763178401769,ZEN,194b3ca3f23baafc,8,5123.12,1
1763178622520,ZEC,038cb245675c2a2b,2,7823.76,1
1763178684091,ZEC,c3ba388d34f7b3b4,4,13339.33,1
1763178687109,ZEC,90166f5136fa96c4,2,567.78,1
1763178715855,ZEC,41a063d1e713f7b0,4,5849.9,1
1765828873577,xyz:COIN,77878fb2b003f0b4,10,1508.67,1
1765828996464,xyz:HOOD,76b15425cffc7aaa,2,449.64,1
1765828996464,xyz:HOOD,92b38947c09927e8,2,94.5,1
1765829002478,xyz:HOOD,8ddd165a00f80ce3,2,24581.96,1
1765829017502,xyz:HOOD,a6d13600049395b5,2,65.33,1
1765829425592,xyz:COIN,b0986b5a19e2c8a6,2,468.38,1
1765829597920,HYPE,2a4258d1d105a946,2,436.8,1
1765829597920,BERA,2a4258d1d105a946,6,1822.84,1
1765829612697,ONDO,46803b33259aed45,2,721.92,1
1765829719152,ONDO,64446255e7f5f483,2,622.19,1
1765829910826,FARTCOIN,17ff0063263c469f,2,75.77,1
1765829910826,FARTCOIN,bc89fddaeddf42d8,2,3684.18,1
1765829910826,FARTCOIN,ab4a0d8ab68bf24f,2,155.64,1
1765829910826,FARTCOIN,2915c110b9995751,4,828.43,1
1765829910826,FARTCOIN,78e7377c3809ddb5,4,3529.48,1
1765829910826,PUMP,78e7377c3809ddb5,4,602.62,1
1765829910826,HYPE,016fb333c345fdac,16,37704.48,1
1765829910826,FARTCOIN,016fb333c345fdac,8,17700.66,1
1765829910826,FARTCOIN,d150f973c7e9786e,2,509.56,1
1765829910826,FARTCOIN,70b46d4d1629f087,2,420.46,1
1765829910826,FARTCOIN,37b10a61c25047c9,2,475.46,1
1765829911441,xyz:COIN,3ae9e72d30f906d2,2,235.21,1
1765829914753,FARTCOIN,0e668c2e951217cd,2,239.59,1
1765829923562,FARTCOIN,903b186b92f80297,2,1479.98,1
1765829923562,FARTCOIN,2476c2b1f6cab3f5,116,356940.5,2
1765829923562,FARTCOIN,ce8a63875b9fd961,2,372.43,1
1765829923562,FARTCOIN,08248b5d6cd31941,6,8509.19,1
1765829923562,FARTCOIN,f035102dcee8d367,2,886.37,1
1765829923562,FARTCOIN,ccfc530a92862b15,2,393.21,1
1765829923562,FARTCOIN,b4f3799a09ac5461,2,305.45,1
1765829923562,FARTCOIN,1802773af42bb9f7,2,1766.25,1
1765829926627,FARTCOIN,efade1f7c49ea899,28,11950.01,1
1765829926627,FARTCOIN,b8a679b068f38c7d,2,194.37,1
1765829926627,HYPE,b86941f74afb4609,48,92505.11,1
1765829926627,FARTCOIN,b86941f74afb4609,40,110511.97,1
1765829926627,FARTCOIN,1ddf001e263adbd2,2,5609.89,1
1765829930964,FARTCOIN,d27b0a59514346d7,2,2042.2,1
1765829930964,FARTCOIN,ef308f123a8b2523,22,71307.9,1
1765829930964,FARTCOIN,c1eeadf722221297,2,190.67,1
1765829930964,FARTCOIN,55e2fb23847bede0,2,7847.04,1
1765829930964,FARTCOIN,1a74b439c25c0a71,158,612872.22,2
1765829930964,FARTCOIN,8d2c2e972135f74e,6,6988.93,1
1765829930964,FARTCOIN,2c7914eda99489c0,2,16.81,1
1765829932573,FARTCOIN,b6b229a1463ab095,4,8051.66,1
1765829932573,FARTCOIN,315beb920c70e2ef,2,475.33,1
1765829932573,FARTCOIN,70cc7a50e288e922,4,5395.1,1
1765829932573,FARTCOIN,428687453f0d4fa9,2,2975.24,1
1765829936042,FARTCOIN,612e8b30eed28399,4,7738.02,1
1765829936042,RESOLV,612e8b30eed28399,4,918.3,1
1765829936042,FARTCOIN,142b70ac8046b0e5,2,313.62,1
1765829936042,FARTCOIN,e9291ecdf36e6eb7,8,3775.05,1
1765829936042,FARTCOIN,a482f89f88d8f615,6,2843.23,1
1765829940860,HYPE,49a59f395445593d,2,16559.77,1
1765829940860,PUMP,49a59f395445593d,14,14729.33,1
1765829940860,HYPE,ae1980a7063092bb,2,88.67,1
1765830033952,ASTER,f6d9ad1ed1e94df3,2,89.43,1
1765830033952,ASTER,07f70f3150ae9326,2,304.05,1
1765830033952,ASTER,e7cc094e67b200f7,2,71.54,1
1765830033952,ASTER,370bf7716845cf0a,2,442.26,1
1765830033952,ASTER,573c71831aadb6bc,2,258.53,1
1765830033952,ASTER,7fc1c2a4a55da227,2,235.76,1
1765830033952,ASTER,c11116ea9993d59e,2,253.65,1
1765830033952,ASTER,da025af90701eb24,2,160.97,1
1765830033952,ASTER,297de9e0708a116e,2,391.86,1
1765830036755,ASTER,776595d4bfdc6e7a,2,475.01,1
1765830036755,ASTER,1776f443164fc402,2,45.39,1
1765830036755,SOL,72b5a90010d86699,2,104.13,1
1765830036755,XRP,72b5a90010d86699,2,48.87,1
1765830036755,HYPE,72b5a90010d86699,2,71.33,1
1765830036755,ASTER,72b5a90010d86699,2,205.89,1
1765830036755,ASTER,d145b5d75bda14fd,2,30.8,1
1765830036755,ASTER,1f18dadbe0c8ffe9,8,2042.7,1
1765830036755,ASTER,7485714e4619082d,6,1066.72,1
1765830036755,HYPE,f1c43784470329ff,16,89247.49,1
1765830036755,ASTER,f1c43784470329ff,74,132744.99,1
1765830064518,xyz:COIN,83c2606c7d3bbec4,10,9437.2,1
1765830129808,WIF,f23b4a3212a9347e,2,808.21,1
1765830130307,xyz:AMD,29b19b96ee1c9a72,4,122.54,1
1765830199517,xyz:AMD,daf996f309861e31,14,30378.67,1
1765830202476,xyz:HOOD,6f9cdfd67232906c,2,22.04,1
1765830400513,xyz:HOOD,e6a6ccff47746850,24,63668.84,1
1765830415316,xyz:HOOD,7e0e11c9c603fb38,2,110.66,1
1765830652399,xyz:AMD,41e5c29801e4561e,2,415.42,1
1765830655452,xyz:HOOD,87eabac5feb1314a,2,1339.62,1
1765830658453,xyz:AMD,9a90e83b9c6f1e6e,8,4153.9,1
1765830718716,NXPC,c49aca6077aa07da,4,2266.5,1
1765830727361,xyz:HOOD,97708215278ee4d6,12,27523.61,1
1765831468423,xyz:AMD,a1fb9d8a0d78d8f6,4,106.8,1
1765831865436,ASTER,788e4aa43683e457,2,68.12,1
1765831871710,ASTER,7950cdf970776127,2,16.18,1
1765831871710,ASTER,f74612c49f37d9e5,44,129402.22,1
1765831871710,ZEC,f74612c49f37d9e5,4,11918.55,1
1765831871710,ASTER,0abaa9cd45df9853,4,1883.94,1
1765831871710,ASTER,e33b658821b3971d,2,30.73,1
1765831871710,ASTER,3aa97d4b4d22500a,2,45.28,1
1765831871710,ASTER,4a7f6e5da18939bf,2,221.55,1
1765831871710,ASTER,8ad32deac2064e8a,2,323.42,1
1765831878976,ASTER,0721cb715680b048,2,21.02,1
1765831878976,ASTER,68990b2abe7e0118,2,54.98,1
1765831878976,ASTER,c093810c33e999d4,2,122.91,1
1768468241601,xyz:SNDK,36bee1b148d6bbdb,4,3698.83,1
1768468247170,LIT,01f54babc638a36f,2,342.29,1
1768468247170,LIT,0055a05ac31a6496,2,1795.21,1
1768468247170,LIT,1192dbdfb6dcaa3a,2,32.77,1
1768468247170,LIT,fc271bf8dfde8e3a,2,3455.69,1
1768468247170,LIT,f1e5b864c10b5b90,6,6612.67,1
1768468247170,LIT,31a54b54a54ecdb7,36,31872.95,1
1768468247170,LIT,7dbebe02a1b38526,2,1241.94,1
1768468247170,LIT,54d58b8bf48e92ab,2,1724.92,1
1768468247170,LIT,400ac9f8fd7c662f,2,236.04,1
1768468247170,LIT,ce977482eace3291,2,1089.42,1
1768468247170,LIT,5f6644c772b10f82,2,181.57,1
1768468247170,LIT,1ae7d34abb2a7369,2,163.41,1
1768468247170,LIT,c046ec6d88620fa3,2,79.89,1
1768468247170,LIT,a2fd11b60193a018,2,116.2,1
1768468247170,LIT,d76ad12c9860d0d1,6,3151.23,1
1768468247170,LIT,e2b49b7e19c25b9a,14,18181.84,1
1768468249601,LIT,400075f2aa39c276,2,21.77,1
1768468249601,LIT,2dfd2a40662c2c28,2,72.55,1
1768468249601,LIT,020e2399f3f56045,2,79.81,1
1768468249601,LIT,1389889b502a93a8,2,72.55,1
1768468249601,LIT,f8492ae4ccea458a,2,21.77,1
1768468249601,LIT,0f32bf7f168ddd1a,2,2981.89,1
1768468249601,LIT,219b6a8fa8229d47,52,97951.97,1
1768468249601,LIT,8d40b8f8b5cd0085,2,57.88,1
1768468249601,LIT,a70ab9cf2ea3884c,2,25.32,1
1768468252609,LIT,7e3927ae7f65252f,2,133.71,1
1768468252609,LIT,5861c9c431e66aba,2,415.59,1
1768468252609,LIT,8f9e30fb529890e0,2,2666.98,1
1768468252609,LIT,12345ee3afe748ea,2,795.04,1
1768468252609,LIT,078d3ea4f25b1a99,2,346.92,1
1768468252609,LIT,1c8cef7fb4045431,2,140.94,1
1768468270783,LIT,f0ce544ee0459147,2,68.61,1
1768468270783,LIT,c314178724ea88c1,6,4824.96,1
1768468295546,xyz:AMD,4802ca70b93ff8e8,2,213.94,1
1768468577619,xyz:SNDK,7445d204fca5465d,2,2507.4,1
1768468932097,vntl:SEMIS,a6d13600049395b5,2,66.8,1
1768468967461,xyz:AMD,1b45e352942fd808,4,15023.19,1
1768469004211,vntl:SEMIS,58d8ec24fe5b1789,4,79.64,1
1768469040223,vntl:SEMIS,37ddda3b0e90a9ba,8,558.58,1
1768469107490,ICP,a8fbecfbe4929aee,2,223.86,1
1768469187343,ETH,f817070f65621a1c,2,1511.8,1
1768469558034,ICP,e9c629a8d1637d3d,2,1310.23,1
1768469558034,ICP,b5ae7cca5f33629e,4,270.91,1
1768469792044,ICP,0c89defce8fb3b76,2,81.73,1
1768469810987,ICP,191c2ed4b685ba68,2,88.36,1
1768469825560,xyz:SILVER,f75a8fb5468bea91,2,16.25,1
1768469825560,xyz:SILVER,2d15680112ac0d19,2,3865.05,1
1768469828794,xyz:SILVER,94b11b4f5406c85b,2,77.74,1
1768469838981,ETH,cc684d301547a781,2,86.51,1
1768469849112,BTC,8711d6ddfc14ce8e,2,40463.89,1
1768469904959,PUMP,18cd46d4addd0865,2,4053.51,1
1768469939909,ETH,6aeeb01238ebd5ad,2,339.36,1
1768469939909,ETH,3ebc9cdccf696ac2,2,177158.02,1
1768469984527,xyz:CL,d803f111456c7ea2,4,353.7,1
1768469986585,BTC,08ecc3b6ae413495,2,6584.06,1
1768470096629,ETH,d832a5395fbe967a,2,101.71,1
1768470096629,ETH,2d83e2400f0bc557,2,168.4,1
1768470153318,PUMP,ee1f2a7bc96cb612,2,116.13,1
1768470157246,BTC,06567d34e1660070,2,510.5,1
1768470157246,BTC,7f79068c41f25bcc,2,9427.83,1
1768470157246,BTC,b10c971ff2fbdbf3,2,27206.18,1
1768470157246,BTC,0d74bb1c9b0bd2d0,2,126.17,1
1768470157246,BTC,d828ca90b116550e,2,149.46,1
1768470168026,BTC,3e80745ad8c6d7ef,2,2329.7,1
1768470174832,BTC,3caa120a43dc3f51,2,376.67,1
1768470174832,BTC,18c4c52b1f7893c6,2,3364.83,1
1768470174832,BTC,c8d37380bf025e33,2,6168.53,1
1768470177050,BTC,c678d8e36fd3a252,2,4822.98,1
1768470177050,BTC,0fb2d21fd6b18a79,2,47012.45,1
1768470183072,BTC,0134ad3ce1dbc4ea,2,809.76,1
1768470189081,BTC,870718ce3ad5b34e,2,2431.23,1
1768470189081,BTC,02849de13b24b338,2,489.35,1
1784900443878,BTC,02849de13b24b338,4,2294.37,1
1768470192584,hyna:ETH,59f8eed15f26f047,2,252.7,1
1768470296347,xyz:SILVER,e8f0ac84e3042657,2,1174.32,1
1768470306989,ETH,38989edd44a234eb,4,5913.82,1
1768470623469,xyz:SILVER,72bc2abdd2d2314b,6,23127.81,1
1768470653572,PUMP,82e7aae7d88b4d68,2,55.02,1
1768470677339,BTC,c6caf724d7e3e1e3,2,75.74,1
1768470739569,BTC,15f0384e2e3dd576,2,3731.0,1
1768470794463,xyz:SNDK,5a7b1aaf65275ba1,2,95.57,1
1768470803691,BTC,5c7de6e4a1e03bae,2,182.59,1
1768470901513,ETH,dba4f9e3d9f3f4d9,4,44403.42,1
1768470901513,ETH,5dcefd9630fd7517,4,2349.84,1
1768470901513,TAO,5dcefd9630fd7517,2,1224.29,1
1768470901513,HYPE,5dcefd9630fd7517,2,100.77,1
1768470901513,BTC,3bed9f7e876f0b0e,2,427.47,1
1768470901513,BTC,3e92e2b59c3f4fe0,2,71.89,1
1768470912164,BTC,44861240d8be7534,2,46.64,1
1768470912164,BTC,0f209dc80e129d2e,2,68.02,1
1771171523750,PUMP,8cb3a2964870d6bd,6,723.4,1
1771171620246,hyna:DOGE,d67e66fe41fb7c25,2,180.21,1
1771171633920,DOGE,58eacc567084f1df,2,37.87,1
1771171633920,PUMP,3d432059f913325a,6,833.34,1
1771171642802,DOGE,88031e707db038d1,2,265.5,1
1771171642802,XRP,cc70b87e53947935,18,31682.09,1
1771171649680,BTC,59f8b9417344b1fe,2,137.63,1
1771171649680,XRP,59f8b9417344b1fe,14,42027.79,1
1771171649680,XRP,819ae489610175e2,2,48.28,1
1771171656800,DOGE,26875ecc3e1a694a,2,90.93,1
1771171656800,PUMP,6a5d7426765295f2,2,29.12,1
1771171656800,DOGE,6f20d9058f9459eb,2,473.2,1
1771171656800,ETH,15ead3fabd78d5d6,2,12034.41,1
1771171656800,SOL,15ead3fabd78d5d6,6,9283.19,1
1771171656800,XMR,15ead3fabd78d5d6,14,6747.0,1
1771171861411,ZEC,9519dbd1147e2aae,2,199.69,1
1771171861411,ZEC,f2cf3b9d2391b6f8,2,82.22,1
1771171868606,ZEC,d8db82f807a7aa31,4,863.15,1
1771172076274,vntl:DEFENSE,047585800437143c,6,748.78,1
1771172130306,vntl:DEFENSE,047585800437143c,2,23.5,1
1771172139167,vntl:DEFENSE,047585800437143c,2,99.53,1
1771172151263,vntl:DEFENSE,047585800437143c,2,99.56,1
1771174773295,vntl:DEFENSE,047585800437143c,2,29.44,1
1771172658443,ZEC,9e7f42497ac7cd87,6,11794.59,1
1771172665836,ZEC,ca01d9373b2b3f60,4,16600.54,1
1771172691014,ZEC,3c9ca8a25714d37f,2,286.76,1
1771172691014,ZEC,a1b32c6f31dd075a,10,27264.76,1
1771172870691,FTT,57c1d15f8278992a,2,451.03,1
1771173136013,ZEC,ad53b2795a1984a9,20,33224.56,1
1771173151107,PAXG,e4ee59c5ef1884c2,2,191.39,1
1771173151107,ZEC,e4ee59c5ef1884c2,2,9228.31,1
1771173151107,LIT,e4ee59c5ef1884c2,2,38.45,1
1771173155400,ZEC,0ebe2c362f72ea5e,2,3919.64,1
1771173155400,ZEC,bee62dfd1f37d760,2,4327.94,1
1771173155400,ZEC,476fd732ab2ad5da,2,209.98,1
1771173155400,ZEC,2247e86d2975268a,2,99.16,1
1771173161167,PAXG,b61664240946886d,2,40.29,1
1771173161167,ZEC,b61664240946886d,2,1747.86,1
1771173161167,LIT,b61664240946886d,2,22.42,1
1771173535313,HYPE,19aede601a7499c7,4,619.04,1
1771173535313,ZEC,19aede601a7499c7,12,9901.92,1
1771173550924,ZEC,29bd4018c5c8ff6c,2,5959.48,1
1771173550924,FTT,9a75f2cd2a49ae36,2,441.41,1
1771173811543,FTT,bce00623df717a21,6,2523.99,1
1773558144222,xyz:BRENTOIL,344368459d8679ae,4,479.07,1
1773558360108,xyz:BRENTOIL,8b9d3a5b96f65402,2,70.53,1
1773558399036,xyz:BRENTOIL,75434991be9cd298,6,2186.13,1
1773558417509,xyz:BRENTOIL,33b02000498ac690,4,870.08,1
1773558435098,xyz:BRENTOIL,e361e93be08dda04,4,9019.21,1
1773558450269,xyz:BRENTOIL,e43869432ca7209d,2,1299.45,1
1773560792102,BERA,77a98bf138a08310,2,157.49,1
1773561328668,BERA,d479853d773cd95a,12,5368.1,1
1776290589994,ORDI,aaf03cfff3192443,2,291.54,1
1776290589994,ORDI,3e45a5a77c75fde4,2,27.53,1
1776290610346,kNEIRO,27a1e32918db5d9a,2,88.99,1
1776290679646,xyz:COIN,6046e6014b20dbd2,10,10244.63,1
1776290910646,xyz:SP500,d7a586229edcc611,22,10378.6,1
1776290910646,xyz:SP500,c5839f8877d7ba80,6,30266.41,1
1776290913674,xyz:SP500,0d4d86aefa09775e,2,28.09,1
1776291243606,xyz:HOOD,daa6c4422b1abb5c,2,524.03,1
1776291246709,xyz:HOOD,92c804ddbadeb2a5,2,31.43,1
1776291255636,xyz:HOOD,db7545d4b0a5993f,4,7655.0,1
1776291330631,xyz:HOOD,2606a49d641e69d9,34,158045.9,1
1776291375693,xyz:HOOD,bb161c15352efc5e,2,108.96,1
1776291378605,xyz:HOOD,befa47f8738cdced,4,5683.55,1
1776291477626,kNEIRO,1c17c8317793f66f,2,58.93,1
1776291477626,kNEIRO,7dcf2a44f5e2efdb,2,127.88,1
1776291483590,kNEIRO,7ac8483360c06960,2,86.3,1
1776291483590,kNEIRO,c14c0d31fce73bbf,2,27.48,1
1776291483590,kNEIRO,d2df933282d36e70,2,128.26,1
1776291507366,kNEIRO,f78b319af4935a96,2,1865.82,1
1776291762631,xyz:HOOD,c5107fd957d7bb4b,2,77.65,1
1776291777667,xyz:HOOD,7ca5e08bb4c179f0,2,2202.0,1
1776292015937,ORDI,de8440ca2187c49d,2,108.94,1
1776292041649,xyz:HOOD,54a25ce2180d4362,8,6872.49,1
1776292041915,cash:HOOD,2ce2998a1d7b7636,40,4197.17,1
1776292050657,xyz:HOOD,6d991f8832f5bc0e,2,218.19,1
1776292050657,xyz:HOOD,716f056fe3657daa,2,6400.61,1
1776292113630,xyz:HOOD,66df4d8d542b5644,2,23.09,1
1776292227627,xyz:HOOD,64d773cfcb5c028f,4,562.91,1
1776292230594,xyz:HOOD,9f67fd2df945754b,2,34.66,1
1776292234409,cash:USA500,a0b66822c4bdd712,2,351.22,1
1776292234409,cash:TSLA,a0b66822c4bdd712,2,128.87,1
1776292234409,cash:NVDA,a0b66822c4bdd712,2,121.35,1
1776292234409,cash:HOOD,a0b66822c4bdd712,4,152.7,1
1776292234409,cash:GOLD,a0b66822c4bdd712,2,246.73,1
1776292234409,cash:SILVER,a0b66822c4bdd712,2,118.95,1
1776292239598,xyz:SP500,c1f62c5fb5af8e1b,2,8665.64,1
1776292260603,xyz:SP500,12a4bcc1257f7927,2,1502.84,1
1776292281673,xyz:SP500,ae58595a66d734e1,4,4593.04,1
1776292284651,xyz:XYZ100,c00b52fd7f22180d,18,11200.44,1
1776292284651,xyz:XYZ100,8c9c4c6e2705a810,8,30792.05,1
1776292284651,xyz:SP500,b541de70bcc878c3,2,491.66,1
1776292293600,xyz:HIMS,24002991eb0edd7b,2,226.76,1
1776292311613,xyz:SP500,f567f44309135a3c,10,22559.57,1
1776292311613,xyz:SP500,2715ae45cb118ca0,6,7697.9,1
1776292311613,xyz:SP500,3e6d6d3a3e5e7f65,4,1432.88,1
1776292311613,xyz:SP500,f01011d73c9dba06,2,3343.38,1
1776292311613,xyz:SP500,ac321054f981e9f2,2,1334.54,1
1776292326590,xyz:HIMS,64e9d24cc302dad8,2,116.64,1
1776292326590,xyz:HIMS,b7ab9edb94f37105,2,549.72,1
1776292326590,xyz:HIMS,7c3c38914d4f939c,2,844.56,1
1776292401598,xyz:HIMS,ba5df70733006a64,4,2196.84,1
1776292545737,xyz:XYZ100,52927a41f1cabcdb,2,10715.06,1
1776292545737,xyz:SP500,bc2a0e2dbe7f8378,22,14048.48,1
1776292545737,xyz:SP500,5429b4e880e9c7ab,2,660.29,1
1776292548598,xyz:SP500,ebf99bb430c0d6b7,2,660.33,1
1776292569641,xyz:PLTR,9eb8adf70a7571e6,4,57.49,1
1776292683617,xyz:SP500,e0a7b0b79365cdb3,4,7586.84,1
1776292701624,xyz:XYZ100,ff5de4cffb295ab3,4,4309.09,1
1776292701624,xyz:XYZ100,6a8b5ea2ade4bd0e,2,57.66,1
1776292737243,vntl:MAG7,1e0a415abfaef750,2,52.58,1
1776292746633,xyz:SP500,d6882fda9eae008a,2,70.26,1
1776292749785,xyz:SP500,599409f2e98def75,2,10862.04,1
1776292749785,xyz:SP500,03d8afe5d086a56a,2,2009.41,1
1776292760111,BTC,de559d30687e8e0d,2,5826.4,1
1776292762699,hyna:BTC,13475cb41a425db1,2,123.56,1
1776292763364,BTC,5bdf19b7e7f54e8c,2,4649.49,1
1776292763364,TRUMP,02df27704da2a132,2,51.62,1
1776292763364,BTC,02a4794e25d38be6,2,923.57,1
1776292763364,BTC,d076c541a4da7d60,2,2312.69,1
1776292763364,BTC,0a22f0027dbcfb4f,4,8401.02,1
1776292763364,BTC,1640e0c646bde63b,2,495.68,1
1776292763364,BTC,63b3753b594775eb,2,12896.84,1
1776292763364,BTC,b237fc6f348d16b6,2,3976.02,1
1776292763364,BTC,a963bed6486dbcd6,2,54294.79,1
1776292763364,BTC,31d6133db75bf2c8,2,61.77,1
1776292763364,BTC,ea6c031540219f41,2,8806.31,1
1776292763364,BTC,cc7023be6ccf1479,2,129.57,1
1776292763364,BTC,c98b3df7ad1315fd,2,31815.72,1
1776292763364,BTC,b31ccf450c6b5eb4,2,1310.78,1
1776292763364,BTC,88d95a21dc0094cc,2,932.61,1
1776292766139,BTC,ded77315df98787c,2,8817.0,1
1776292766139,BTC,ce9adc86640e4837,2,367.75,1
1776292766139,BTC,c39f4389d51d5481,2,254.71,1
1776292766139,BTC,2e8ad2af0d9af413,2,316.51,1
1776292766139,BTC,c36992d0d8e1fdad,2,15296.37,1
1776292766139,BTC,a2a22092302de5ea,2,33.16,1
1776292766139,BTC,704c978bd09619b0,2,1308.23,1
1776292766139,BTC,943faaa1934078e6,2,1745.31,1
1776292769083,BTC,f32ec07719c964a0,2,9446.88,1
1776292769083,TRUMP,a52374168a4e43d7,2,118.45,1
1776292769083,BTC,068fed479a5b4ca4,2,538.14,1
1776292769083,BTC,a2a7089bbf41e6bd,2,2111.87,1
1776292769083,BTC,a1d6261302c5b903,2,67.83,1
1776292769083,BTC,ede731215cff4c6d,2,1058.19,1
1776292769083,BTC,7940f17fe11150af,2,498.95,1
1776292769083,BTC,3773fc6fbd446162,4,3574.05,1
1776292769083,TRUMP,cb40a5dc3ba9d583,2,66.77,1
1776292769083,BTC,e48800de219e0a33,2,2006.35,1
1776292769083,BTC,f0b962e23c846915,2,161.29,1
1776292769083,BTC,575ce6595b3b6ecf,2,905.95,1
1776292769083,BTC,a6411234a6ea4ec0,2,128.13,1
1776292769083,BTC,63958d0bad876348,2,177.87,1
1776292769083,BTC,29cd2a5a43d642a7,2,773.3,1
1776292769083,BTC,568a6591c33b4eb2,2,3516.76,1
1776292769083,BTC,93b338c3734c06b1,2,55.77,1
1776292772127,BTC,bd48297cf4b7fc96,2,1805.08,1
1776292772127,BTC,31b27d24639f35f7,2,7303.24,1
1776292772127,BTC,09553a5d9fc2ec13,2,542.88,1
1776292772127,BTC,d19925e5be8a961c,2,36339.78,1
1776292772127,BTC,d91e92d98143f306,2,125029.79,1
1784562365167,BTC,d91e92d98143f306,2,60913.15,1
1776292772127,BTC,aa2f1c245f74cf05,2,2583.2,1
1776292788698,xyz:MSTR,caa053f72bd1ad38,2,525.11,1
1776292788698,xyz:MSTR,b032ac49a4d33c1e,2,627.48,1
1776292791597,xyz:MSTR,a13c8c122e4e798c,2,26.02,1
1776292794702,xyz:MSTR,d9e6950f2f7ba44b,4,1675.96,1
1776292926051,TRUMP,10caacc0af8fe516,4,2905.67,1
1776293664667,xyz:CL,6139a0449c0e6f55,2,312.05,1
1778843569345,SUI,9e48c4c992c16bbb,4,159.6,1
1778844718267,xyz:BIRD,9594535f600b77bf,2,103.07,1
1778844718267,xyz:BIRD,f9ec19b2f8402656,10,23603.14,1
1778845443442,MON,8d9632da947b01cf,2,877.74,1
1778845443442,PYTH,892ba5403469d407,2,270.33,1
1778845449237,MON,7c900763a389058a,2,104.28,1
1778845489613,MON,148caa8b9259aa58,14,7272.46,1
1778845556324,PYTH,503b2fc96b8dceff,2,140.78,1
1778845952203,SAGA,5f732a7355efb760,6,816.32,1
1778845952203,SAGA,820888474b646004,2,111.21,1
1778845964280,SAGA,f8196db2b742b8b3,2,73.42,1
1781499992484,xyz:SNDK,f7768a2fbc0e2aaa,12,5640.29,1
1781499998524,xyz:SNDK,a395d1fd0f1a5baf,12,2182.6,1
1781500286502,xyz:XYZ100,be3291c82781b9e8,2,381.06,1
1781500466513,xyz:XYZ100,e93c61f9f358a5a3,2,30.25,1
1781500565256,FARTCOIN,0366589c7f448864,2,80.18,1
1781500583540,xyz:SNDK,cd6e8d2a2885d716,2,99.99,1
1781500814502,xyz:SNDK,b850db7608948a4a,2,4130.88,1
1781500814502,xyz:SNDK,be92fb2ca8674a33,4,7494.78,1
1781500914826,ZEC,4e19d789e77315d7,2,29.57,1
1781500914826,ZEC,db6ab1cfed2097f1,2,177.43,1
1781500914826,ZEC,cb61d6f592a29ef5,4,3322.01,1
1781500914826,ZEC,befb891ee5a3328b,2,128.15,1
1781500914826,ZEC,919db049323b261e,2,78.86,1
1781500916421,ZEC,1df2b361b2eb5b46,4,1840.77,1
1781500916421,ZEC,8cc61eb78fee4cd5,2,29.53,1
1781500961467,xyz:SNDK,4d0257620256bc18,2,87.57,1
1781500961467,xyz:SNDK,678d956fda641ba4,8,5029.04,1
1781500985302,FARTCOIN,5e51f1c8a8f64ef7,2,38.13,1
1781501204784,BABY,8bf31b0808a96374,2,429.87,1
1781501223998,APT,4f6d3b3e60ce5dae,6,841.35,1
1781501270340,FARTCOIN,117bda0fadbe0a80,4,78.06,1
1781501273345,APT,74166184c333073e,2,56.05,1
1781501273345,APT,b15047e9aaba75fa,2,62.34,1
1781501273345,WIF,b308ddf3bd108f1d,6,141.93,1
1781501289759,W,9d47731462fb3b39,2,28.1,1
1781501316151,BABY,f8a165466f46456c,8,1985.33,1
1781501348026,FET,3dcee800b2f01a52,2,67.75,1
1781501356834,FET,094ed868602ec5cb,8,1805.11,1
1781501360054,WLD,22b531cb19be2d23,2,2191.51,1
1781501360054,WLD,6443bb73acb3f240,2,111.6,1
1781501360054,WLD,473d38a5e85d28e7,2,51.08,1
1781501360054,WLD,b57d93e0182d4b2e,2,0.24,1
1781501360054,FET,5450181ad64aea87,2,26.13,1
1781501360054,FET,d196a1192dc90cbb,2,26.13,1
1781501360054,FET,72a3d561c75fb488,2,89.27,1
1781501360054,FET,218b241162932228,2,131.07,1
1781501360054,FET,de511ae574987df4,4,111.07,1
1781501360054,WLD,ca058dcea0765c0a,2,27.6,1
1781501360054,EIGEN,876af26838331eac,2,38.91,1
1781501360054,FET,b0e4d35ee64f75f5,2,26.13,1
1781501360054,WLD,b568b2bc38b03f9b,2,194.14,1
1781501360054,WLD,1348a2fe4b651116,2,194.51,1
1781501360054,WLD,0506a9d0add2ee0e,2,1210.86,1
1781501360054,BTC,a6e42818ef0ff402,2,42820.61,1
1781501360054,DOGE,a6e42818ef0ff402,2,0.18,1
1781501360054,kPEPE,a6e42818ef0ff402,2,0.02,1
1781501360054,WLD,a6e42818ef0ff402,6,78859.65,1
1781501360054,TAO,a6e42818ef0ff402,2,0.55,1
1781501360054,HYPE,a6e42818ef0ff402,8,46753.88,1
1781501360054,FARTCOIN,a6e42818ef0ff402,2,0.03,1
1781501360054,TRUMP,a6e42818ef0ff402,56,100296.59,1
1781501360054,MELANIA,a6e42818ef0ff402,38,27490.07,1
1781501360054,WLFI,a6e42818ef0ff402,88,177707.79,1
1781501360054,ZEC,a6e42818ef0ff402,24,46524.42,1
1781501360054,MON,a6e42818ef0ff402,62,31421.14,1
1781501360054,CC,a6e42818ef0ff402,16,3328.27,1
1781501368837,FET,503e2b47bccdfab4,2,26.14,1
1781501377913,FET,4c486be2260578a2,2,133.73,1
1781501377913,FET,45cdf42f9399f6df,2,26.14,1
1781501405644,kPEPE,c56d68dfb2920b85,4,256.54,1
1781501405644,FET,3991f25467e1a8c5,2,26.17,1
1781501417876,BABY,eccf73f89790561e,2,64.02,1
1781501417876,BABY,d14796c092e2422f,2,407.09,1
1781501462532,BABY,bd079b7caf32b943,2,56.1,1
1781501494069,BABY,b2f5c84c70c36777,2,56.79,1
1781502503709,ENA,69c91d53f252441a,2,1585.26,1
1781502547258,SUI,b6a6d66247b58b98,2,841.16,1
1781503133442,CHIP,9de2233b18a547b4,4,375.58,1
1781503136489,CHIP,fb321aa98d5eb6ba,2,67.9,1
1781503136489,CHIP,9ee24b00df3e1df1,2,47.08,1
1781503143173,CHIP,f7287eb82a3a3274,2,27.47,1
1781503185037,CHIP,9439c0be5339c92b,2,34.2,1
1784138455721,xyz:SPCX,f7494288002ec0d7,2,3997.95,1
1784138467716,xyz:EWY,e5e4a9479621c746,2,95.1,1
1784138470653,xyz:SKHY,953ec339111e252c,2,1409.92,1
1784138494771,xyz:SPCX,262f8820fca2a763,2,38.04,1
1784138578637,xyz:SNDK,61a63596366485d8,2,42.28,1
1784138611721,xyz:SPCX,86103bd4d7245a46,4,266.56,1
1784138629783,xyz:SPCX,14edbb1ffcde356b,2,500.88,1
1784138638697,xyz:SPCX,eb46451c9396628f,16,144136.56,1
1784138740685,xyz:EWY,fff2609bb833b99f,4,1121.85,1
1784138929690,xyz:SKHY,89279cd45db0a081,2,53.86,1
1784138974639,xyz:SILVER,a78e4d088705571c,2,123683.2,1
1784139248616,LDO,5d0454573b37cde3,2,87.31,1
1784139251632,LDO,33d1f5fd4260df2c,2,34.96,1
1784139304697,xyz:PLATINUM,2a50ef549b16a0cb,2,3.33,1
1784139442465,PUMP,17ea40b4a3d1487f,2,371.96,1
1784139679138,LDO,feb6541945e48939,2,555.45,1
1784139689827,LDO,d576293a07d0115a,14,5758.56,1
1784139712693,xyz:SNDK,19b49bbf5829e832,4,116752.1,1
1784139868643,xyz:SKHY,749ece8247e7fb85,2,10827.6,1
1784139931780,xyz:SNDK,3b5daef3966247ae,2,59.3,1
1784139931780,xyz:SNDK,b7be6d13dd25ac24,2,4147.4,1
1784139976645,xyz:COIN,8b2c32f5835018ae,2,28.8,1
1784139985673,xyz:SNDK,e75d4f044d859909,2,3.3,1
1784140015755,xyz:COIN,0635e72c6deb96fb,8,8354.47,1
1784140055575,ETHFI,84e66dc430febfb4,2,26.27,1
1784140090672,xyz:SNDK,cb565ff38e86f389,2,1233.68,1
1784140102720,xyz:BE,da9e7961f146a70a,2,454.02,1
1784140111677,xyz:PLATINUM,ef9bb1f2fc14aac1,4,4955.56,1
1784140111677,xyz:PLATINUM,a94c49f16f5ceafe,2,53.32,1
1784140216694,xyz:KR200,b33772e8101cd8a1,4,396.63,1
1784140234695,xyz:PLATINUM,a19af88339ad9d99,2,0.34,1
1784140309765,xyz:HIMS,5b07036531d349f3,32,163707.99,1
1784140885786,CASHCAT,c95eeadf14c797cc,2,68.85,1
1784140885786,CASHCAT,592889e71ffd179d,4,68.44,1
1784140885786,CASHCAT,eaab8d056076e2a3,30,3661.75,1
1784140885786,CASHCAT,dc35cbae8d576adc,2,16.7,1
1784140885786,CASHCAT,5b9566e30b4990d8,2,243.3,1
1784140885786,CASHCAT,8d9f45258debeb08,2,21.17,1
1784140885786,CASHCAT,b6a01a84b2cc3630,2,78.18,1
1784140885786,CASHCAT,7119ff04d26a7f0d,2,74.92,1
1784140885786,CASHCAT,b99f1f99ac682c5e,4,22.19,1
1784140885786,CASHCAT,b9c1483dbbf73f99,4,744.77,1
1784140885786,CASHCAT,6814cd0bead203cf,6,1224.6,1
1784140885786,CASHCAT,d8a270e86b1018da,2,34.39,1
1784140885786,CASHCAT,fd3d4a9e643abef4,2,757.35,1
1784140885786,CASHCAT,53594429f3c2698f,2,28.28,1
1784140885786,CASHCAT,16ad861000ecf168,2,77.12,1
1784140885786,CASHCAT,2c9ec6c692615eda,2,21.77,1
1784141045342,CASHCAT,435ace09ecb4a487,2,56.99,1
1784141045342,CASHCAT,5977946360a9825b,2,19.27,1
1784141045342,CASHCAT,fda78da3c1fc426d,2,23.52,1
1784141045342,CASHCAT,cb7768c84ab328b2,2,3034.09,1
1784141045342,CASHCAT,471e90886ba06a50,2,337.46,1
1784141048299,CASHCAT,a04153c85a193a6c,8,1753.47,1
1784141048299,CASHCAT,b03813bb63aee82c,2,607.5,1
1784141051546,CASHCAT,8bbe322c8291596b,2,31.61,1
1784141051546,CASHCAT,1b90d4862ec8a510,4,2002.5,1
1784141054175,CASHCAT,8c2662462cf29c29,2,46.64,1
1784141054175,CASHCAT,131885f20af1de27,2,79.09,1
1784141093587,CASHCAT,10b38e78bd3fbd39,2,17.8,1
1784141134899,CASHCAT,c2abdaab45104c38,2,77.25,1
1784141191682,CASHCAT,6842f8af89159c55,2,41.47,1
1784141191682,CASHCAT,9f3a91d74db2551a,2,119.96,1
1784141262572,CASHCAT,7f430d09d42501ec,2,55.13,1
1784141262572,CASHCAT,d3d1dc2665beb36a,2,95.06,1
1784141262572,CASHCAT,1711f6db6eb35307,2,195.38,1
1784141274658,CASHCAT,cfafc9a3f0214d73,2,19.23,1
1784141274658,CASHCAT,863dcdbcc2cb73d5,4,108.89,1
1784141274658,CASHCAT,593796a8ca894304,2,84.6,1
1784141274658,CASHCAT,9765910654479322,2,30.97,1
1784141277894,CASHCAT,e7c5a4f628036295,2,487.96,1
1784141277894,CASHCAT,ddae1b2c5073c784,2,1837.78,1
1784141284279,CASHCAT,4f871b4d9a947366,12,2014.84,1
1784141284279,CASHCAT,a22d4ae92bd2cd36,2,19.34,1
1784141284279,CASHCAT,0ab698e857ed4b26,2,48.54,1
1784141284279,CASHCAT,7e0967dba1c82d6d,6,1653.21,1
1784141284279,CASHCAT,96b3b036238dab05,2,19.33,1
1784141287244,CASHCAT,6f5910b1dc569e44,2,64.14,1
1784141296327,CASHCAT,12954b7275076f15,2,237.62,1
1784141296327,CASHCAT,388d2dc286dddfad,8,1502.51,1
1784141303598,CASHCAT,f12d42d66488a908,4,241.2,1
1784141303598,CASHCAT,06179a71878a1633,16,8479.16,1
1784141303598,CASHCAT,917989ea4854e84a,2,0.2,1
1784141303598,CASHCAT,49cba6d8871317b6,2,360.36,1
1784141303598,CASHCAT,1b0995fbe2aa27b2,2,23.85,1
1784141303598,CASHCAT,2b0544ab316f1b77,2,236.5,1
1784141303598,CASHCAT,74fa2d7b10c47e4b,28,14973.47,1
1784141303598,CASHCAT,93bfd69f4049c051,4,773.12,1
1784141303598,CASHCAT,97e3eb31eecb702d,2,0.2,1
1784141303598,CASHCAT,414d36f50cdb5350,2,44.87,1
1784141312694,CASHCAT,18e0d386d14d2872,2,104.9,1
1784141312694,CASHCAT,d33bc2ed478cee99,2,667.27,1
1784141315764,CASHCAT,8fc9f1993a5ef714,4,2039.8,1
1784141315764,CASHCAT,d0f65fc7d2916675,14,14465.93,1
1784141318780,CASHCAT,ff06b037e886dde8,2,122.72,1
1784141318780,CASHCAT,32416ea82d3d895b,2,72.27,1
1784141318780,CASHCAT,d2a7670305401858,2,517.12,1
1784141325013,CASHCAT,eb36bef1c397f3e0,2,22.0,1
1784141325013,CASHCAT,2e93507056448b57,2,46.6,1
1784141325013,CASHCAT,3fe8f5777c20c8c8,2,2609.8,1
1784141325013,CASHCAT,65c7dcabfc096d57,2,19.4,1
1784141327762,CASHCAT,69fcd3935c7ca0b2,8,1707.12,1
1784141327762,CASHCAT,0d0010c06718d511,2,42.32,1
1784141327762,CASHCAT,39fe57c3e9e901dc,2,19.18,1
1784141327762,CASHCAT,b211a58593069459,28,32306.41,1
1784141327762,CASHCAT,59796d63cc134f61,2,23.85,1
1784141327762,CASHCAT,e285785880ff56aa,2,46.52,1
1784141327762,CASHCAT,0b21b2e9088399e1,2,316.98,1
1784141327762,CASHCAT,e3cf9fa581eea171,2,216.84,1
1784141327762,CASHCAT,7eb0a31f47504163,14,15767.92,1
1784141327762,CASHCAT,706f0bb7997075eb,2,40.6,1
1784141327762,CASHCAT,7ecacb6bbee30c41,2,480.28,1
1784141327762,CASHCAT,615042581f71f814,2,19.12,1
1784141327762,CASHCAT,5631d02200bd9f72,2,35.47,1
1784141327762,CASHCAT,256ac11788f8f33d,2,25.03,1
1784141327762,CASHCAT,1e6ea2e2f9a53a02,2,94.99,1
1784141327762,CASHCAT,d50ed7a6a67795c0,2,3373.19,1
1784141327762,CASHCAT,5558f59fc365911b,2,657.65,1
1784141327762,CASHCAT,5904a6690e9aaebe,2,936.51,1
1784141327762,CASHCAT,872eefbe2dfcb1bd,2,420.37,1
1784141327762,CASHCAT,ad727619d3fac551,2,416.23,1
1784141327762,CASHCAT,0507e6dad52d3234,2,15581.38,1
1784141327762,CASHCAT,4356a12778ae687a,2,243.39,1
1784141327762,CASHCAT,81a568d7f1e67fc4,2,1415.61,1
1784141327762,CASHCAT,a56fa2d532cad5eb,2,330.89,1
1784141327762,CASHCAT,358f08b469166d6a,2,1056.14,1
1784141330720,CASHCAT,6359d65ba927359e,2,47.53,1
1784141330720,CASHCAT,10d87c44aaa858cb,2,116.0,1
1784141330720,CASHCAT,f01815a257d12115,2,471.18,1
1784141330720,CASHCAT,fc3a72b433f6de1a,2,10585.88,1
1784141330720,CASHCAT,6b566d27b1e6657c,2,27.93,1
1784141330720,CASHCAT,21b20516a63db287,2,17.65,1
1784141330720,CASHCAT,f193274fb37a583a,2,19.01,1
1784141330720,CASHCAT,2d688bcc00cbe4f4,2,1066.7,1
1784141330720,CASHCAT,d1a41d135cc4f8e1,2,195.14,1
1784141330720,CASHCAT,a0e43b9e15abb919,2,72.16,1
1784141330720,CASHCAT,d99ca1fac70728d3,2,9699.0,1
1784141330720,CASHCAT,f59c17d762deee87,2,1310.72,1
1784141330720,CASHCAT,f3bc95b6d85af81e,2,19.01,1
1784141330720,CASHCAT,6f1930776daba33a,2,18.04,1
1784141333764,CASHCAT,0ad958b11911758a,14,2284.48,1
1784141333764,CASHCAT,d4b8723c91ee9960,2,87.6,1
1784141333764,CASHCAT,58807727a2b6add4,2,22.24,1
1784141333764,CASHCAT,f766e0d92018136c,2,273.24,1
1784141333764,CASHCAT,5dffb5b40632271e,2,18.95,1
1784141333764,CASHCAT,4f039ad97cae87f1,2,109.84,1
1784141333764,CASHCAT,a15985d76acd1d5f,2,19.14,1
1784141333764,CASHCAT,e1ce8378522f6045,2,19.14,1
1784141333764,CASHCAT,fa34575f6e4a8df7,2,20.88,1
1784141333764,CASHCAT,2c9d91e87bfeb182,2,29.2,1
1784141333764,CASHCAT,b64f476be8e042f7,2,64.2,1
1784141333764,CASHCAT,ba4a319b20c13d20,556,440813.33,2
1784141333764,CASHCAT,c0a1c0372f1cb8be,2,38.0,1
1784141333764,CASHCAT,eba2fee78b6320d7,2,41.65,1
1784141333764,CASHCAT,d8076ea186d89357,2,19.96,1
1784141333764,CASHCAT,7787a4835b3c517f,2,473.69,1
1784141333764,CASHCAT,ff83d59c432c663d,2,20.73,1
1784141333764,CASHCAT,9fea83add9fa731b,2,117.85,1
1784141333764,CASHCAT,ff0912d21c2385b6,2,57.96,1
1784141333764,CASHCAT,b6a6d66247b58b98,2,352.58,1
1784141333764,CASHCAT,749cda185033b132,2,106.33,1
1784141333764,CASHCAT,dc7f4354254bb29d,2,146.64,1
1784141333764,CASHCAT,f241dbfd175763b1,2,783.47,1
1784141333764,CASHCAT,cd0a912a7cacc738,2,15823.04,1
1784141333764,CASHCAT,cb7ce08acc57ab04,2,12.48,1
1784141333764,CASHCAT,6f9c209ef300a8bf,16,6485.74,1
1784141333764,CASHCAT,a5cf02eb97be0b2e,2,21.29,1
1784141333764,CASHCAT,98b7e741e31f8231,2,1055.03,1
1784141333764,CASHCAT,9d63f567a47da90d,2,18.99,1
1784141336799,CASHCAT,9e94f1034f8d714d,4,131.25,1
1784141336799,CASHCAT,0f9a5c0f56d74ffe,2,3533.33,1
1784141336799,CASHCAT,b474ae620c1a8f73,2,24.55,1
1784141336799,CASHCAT,c84279691d1f1a87,10,7156.76,1
1784141336799,CASHCAT,8772533d6a06559a,2,40.16,1
1784141336799,CASHCAT,550761a2ab211ce4,2,26.9,1
1784141336799,CASHCAT,028a1fe2e12f2ce1,2,18270.13,1
1784141336799,CASHCAT,d4f161c378643c7f,2,1535.43,1
1784141336799,CASHCAT,2e5d9a21ce8580f5,2,450.36,1
1784141336799,CASHCAT,d6292717e606bcaa,100,115091.65,1
1784141336799,CASHCAT,7a3d314471f7e03d,2,213.58,1
1784141336799,CASHCAT,90b144cc90028604,254,198867.32,2
1784141340009,CASHCAT,1da4c4bf8c236d97,2,1083.63,1
1784141340009,CASHCAT,aefb43c731171b8d,2,1808.0,1
1784141340009,CASHCAT,e7f8d72b71a24ccf,2,4.51,1
1784141340009,CASHCAT,1cfd9ecb1c72080c,2,33545.59,1
1784141340009,CASHCAT,0ce99d8582057d2b,2,18.8,1
1784141340009,CASHCAT,74458514668b9c82,2,690.52,1
1784141340009,CASHCAT,5483df10e4b14c10,2,471.5,1
1784141340009,CASHCAT,06ff29a4ef165649,2,2363.16,1
1784141340009,CASHCAT,b6353d99a92468ae,2,5640.0,1
1784141340009,CASHCAT,7dc9139cdbc7271b,2,18.8,1
1784141340009,CASHCAT,6a6ee5a9cfc1faa0,2,35522.04,1
1784141340009,CASHCAT,2d0770e18ffd5549,2,909.36,1
1784141340009,CASHCAT,2ed1280784564288,2,39.29,1
1784141340009,CASHCAT,a1a8b24e53923f7c,2,39.1,1
1784141340009,CASHCAT,bd8990470cee70fd,2,15.79,1
1784141340009,CASHCAT,8a8f43914bf57d0d,2,18.8,1
1784141340009,CASHCAT,dacd287cf5d5c6ec,42,30063.67,1
1784141340009,CASHCAT,d2fdef3d00f81833,2,1264.99,1
1784141340009,CASHCAT,e403170f5bb5141d,2,820.76,1
1784141340009,CASHCAT,c387fe39cc263c7b,40,89505.39,1
1784141342984,CASHCAT,66527658bc451160,2,205.36,1
1784141342984,CASHCAT,9f921141765e134e,2,463.61,1
1784141342984,CASHCAT,2abd5334f2ad18bb,2,822.35,1
1784141342984,CASHCAT,3921d7ff56d06c5e,10,10300.39,1
1784141342984,CASHCAT,5eda191410105a2e,2,2792.06,1
1784141342984,CASHCAT,7029f3ec9525948e,2,693.06,1
1784141342984,CASHCAT,185180693966691d,2,123.58,1
1784141342984,CASHCAT,fc0d361996327ff6,2,2469.38,1
1784141342984,CASHCAT,fa0c2a382e24853d,2,5733.18,1
1784141342984,CASHCAT,03e9e4cb4acfb11b,2,1567.75,1
1784141342984,CASHCAT,3950dbdc989e067c,2,515.42,1
1784141342984,CASHCAT,4910e00951c4b3d8,2,71.71,1
1784141342984,CASHCAT,c5f02d7756ae7e13,36,16472.92,1
1784141342984,CASHCAT,15d97bd9a29623de,4,920.52,1
1784141342984,CASHCAT,9c749e0f2b1127ad,60,60162.02,1
1784141342984,CASHCAT,68cd94ddc2bff354,20,9203.42,1
1784141346041,CASHCAT,6a02ef32f5825304,2,236.36,1
1784141346041,CASHCAT,f20f1b1e4ae4d604,4,11385.96,1
1784141346041,CASHCAT,84cfee5c2b41cd75,4,18458.92,1
1784141346041,CASHCAT,126feb3e100c2c97,22,13750.23,1
1784141346041,CASHCAT,5bbbda3bf4ea9299,2,1643.21,1
1784141346041,CASHCAT,cc01876a0335aafb,2,104.36,1
1784141346041,CASHCAT,67e9c2c4050c580e,2,18.67,1
1784141346041,CASHCAT,1c3e0ee2c23cf879,2,78.18,1
1784141346041,CASHCAT,33d404894bb9f033,2,23.25,1
1784141346041,CASHCAT,2d5b84d8eb3e1b01,2,23.44,1
1784559601741,xyz:CRCL,c92064274bcad709,6,13483.66,1
1784560000637,xyz:BE,fc3de92a84d3ae39,2,23.46,1
1784560121024,PUMP,1ed8d9c414b1b06c,2,25.14,1
1784560128466,PUMP,c9abd2d3179c763a,2,230.11,1
1784560137924,PUMP,e77d7d8ea05ea8c1,2,25.15,1
1784560137924,PUMP,ec67fbd15c2c7bf7,2,230.66,1
1784560137924,PUMP,a89c6c0c31ed2ad4,2,25.16,1
1784560137924,PUMP,084000ab5766e3a7,2,1256.82,1
1784560137924,PUMP,ed6714c180a54b20,2,59.91,1
1784560137924,PUMP,27760b2e22dd50f1,4,2028.32,1
1784560137924,PUMP,dbb79a4644bd8633,2,25.15,1
1784560137924,PUMP,5f9e61980cf543be,2,25.19,1
1784560137924,PUMP,51df23123eda5cdd,6,580.54,1
1784560220074,BTC,e44d19a6fa06f0f6,2,295.83,1
1784560220074,BTC,f4d0928315db0623,2,25.95,1
1784560246683,xyz:AAPL,e6ad32055de6bda0,2,33.89,1
1784560294690,xyz:AAPL,75b4b7e24cee22d5,4,581.4,1
1784560294690,xyz:AAPL,e0572c232c6949c2,2,39.06,1
1784560309715,xyz:AAPL,6fcdef297b5ed8b2,2,39.68,1
1784560309715,xyz:AAPL,df8b66971ca0d078,2,117.74,1
1784560312663,xyz:AAPL,2137fd16d22b04f7,2,33.18,1
1784560327606,xyz:CRCL,9ba8ae245baf551c,10,3542.49,1
1784560330718,xyz:CRCL,4b1118c1b8780192,2,69.65,1
1784560357816,BTC,cc81b044c2eeed24,2,1929.45,1
1784560357816,BTC,e58cf4bdec4d53c9,2,81.8,1
1784560357816,BTC,6f93c82636934837,2,77.91,1
1784899917353,BTC,6f93c82636934837,2,55.29,1
1784560364953,BTC,ed2b2616372581c4,2,26743.59,1
1784560364953,BTC,e81937713e53533f,2,94.81,1
1784560373941,CASHCAT,d465f7990732b50d,2,223.93,1
1784560373941,CASHCAT,9d3b9a49a4a12baa,2,103.73,1
1784560404495,BTC,2bcefca514d9ef10,2,158.48,1
1784898342292,BTC,2bcefca514d9ef10,2,157.46,1
1784560404495,BTC,e8629a1550c6e96d,4,3975.06,1
1784560404495,BTC,3c516d3e577be5a5,24,161065.37,1
1784560404495,BTC,c311ee2b954e0088,2,12598.09,1
1784560414526,BTC,4c1faa3877442a46,2,2726.35,1
1784560477668,xyz:AAPL,00682321e656add4,2,133.85,1
1784560480726,xyz:AAPL,7a80273d0bcde3ae,2,29.23,1
1784560510678,xyz:AAPL,baca7d30d261ce4a,2,29.23,1
1784560528683,xyz:AAPL,66ee4b84eb13881b,2,161.05,1
1784560528683,xyz:AAPL,75500d24f923c520,2,33.12,1
1784560598259,CASHCAT,e1c0f93148ffe011,2,47.9,1
1784560598259,CASHCAT,26ce25478ca578aa,4,199.78,1
1784560624738,xyz:CRCL,fd4e42fa55078a8b,2,187.97,1
1784560712561,CASHCAT,d5b2fd8f0689ce89,2,27.53,1
1784560712561,CASHCAT,4cfdb964a3c8a4f8,2,24.79,1
1784560712561,CASHCAT,6e9d5ebb5e170cc8,2,100.2,1
1784560712561,CASHCAT,22256161739c9155,2,27.53,1
1784560715375,CASHCAT,18010f8960f68dd8,6,1143.05,1
1784560774697,xyz:AAPL,dc00f29284c583be,2,37.66,1
1784560792789,xyz:MSTR,c411b353e8196732,2,251.62,1
1784560792789,xyz:CRCL,1ff9a2c4a4a4d410,2,3461.28,1
1784560792789,xyz:CRCL,170906ba2f6fec72,2,77.26,1
1784560795277,BTC,e6a2b3c53544abc0,2,32.49,1
1784560816019,BTC,03f4428459781cd1,2,24.7,1
1784900008262,BTC,03f4428459781cd1,2,78.43,1
1784560816019,BTC,d945f9e7ff591865,2,104.0,1
1784560840654,xyz:AAPL,de8b1c08331b953a,28,285408.66,1
1784560840654,xyz:AAPL,9a0f3647f120659e,2,4231.98,1
1784560840654,xyz:AAPL,d1f11b06623f1ea2,2,583.72,1
1784560855706,xyz:CRCL,7951e2be6c7ec288,6,2575.95,1
1784560876690,xyz:CRCL,8abc9a57a7d098db,2,5241.91,1
1784560935651,kBONK,9bad56c0ede3b85c,2,189.14,1
1784560965075,HEMI,c68d4877a4b6e92f,2,27.56,1
1784560965075,HEMI,8eb71299d2c9556b,2,27.55,1
1784560965075,HEMI,dbdb27c8b8db9272,6,136.53,1
1784561002447,kBONK,b012de5f3de85676,2,1048.32,1
1784561095740,xyz:CRCL,38c118f2bc0b1e35,2,696.93,1
1784561153355,HEMI,4bdd8acba7e97221,2,129.72,1
1784561153355,HEMI,10b5c81241bcc151,2,27.91,1
1784561153355,HEMI,a1caa2f542e62404,2,27.62,1
1784561153355,HEMI,f1aff990c01bbc57,2,223.08,1
1784561153355,HEMI,225aa89d25c9365f,2,27.65,1
1784561153355,HEMI,fafa450397002334,2,27.62,1
1784561153355,HEMI,e90aeb98a6ac24e4,4,351.46,1
1784561153355,HEMI,372dd26859ada02c,2,70.77,1
1784561153355,HEMI,dcfb32c1ce91b5b6,2,27.65,1
1784561153355,HEMI,45a605f382b97fce,2,33.78,1
1784561153355,HEMI,bddd149c298fa605,2,27.62,1
1784561153355,HEMI,7be226e6dcea03f2,2,66.14,1
1784561153355,HEMI,875e80d72ccfa18c,2,27.65,1
1784561153355,HEMI,1d2ff8923e9dbca2,2,210.54,1
1784561153355,HEMI,c52dca98bad58991,2,27.62,1
1784561153355,HEMI,8ecbd359408181d8,2,71.75,1
1784561153355,HEMI,c76113a9d7dcd904,2,27.64,1
1784561153355,HEMI,6658c6c7226ac7d5,4,701.8,1
1784561153355,HEMI,903980cbd032a5f9,2,27.65,1
1784561155724,xyz:MSTR,2deec8ad9022e4bf,4,24945.14,1
1784561157198,HEMI,0b91443ba4773ebd,2,50.56,1
1784561164111,HEMI,54e808b9a538210e,2,81.63,1
1784561164111,HEMI,9e69ad2091e95f14,2,343.38,1
1784561164111,HEMI,8d1e1bd6bc928dc5,4,1506.01,1
1784561422311,HEMI,383f5f3ba7f89d85,2,27.49,1
1784561425332,HEMI,ec67fbd15c2c7bf7,2,126.89,1
1784561427964,HEMI,bac865ce76902145,2,56.39,1
1784561434228,HEMI,c4060daffff632ff,2,61.58,1
1784561434228,HEMI,e6e2cdd470170072,2,74.84,1
1784561434228,HEMI,394f57fceade8bf9,2,722.2,1
1784561434228,HEMI,a24048bc6c3f243e,2,62.64,1
1784561434228,HEMI,adf091f1c60fdb8f,2,69.36,1
1784561439940,HEMI,ce6df19676394044,2,59.44,1
1784561439940,HEMI,79512ec2799aeed7,2,27.57,1
1784561443152,HEMI,4a0a7e28e220abfc,2,69.18,1
1784561443152,HEMI,a1d08b920515c8cf,2,100.78,1
1784561443152,HEMI,dca9038accbcf503,2,1835.31,1
1784561443152,HEMI,2b1baa84553af6de,2,74.62,1
1784561443152,HEMI,a300daf8a2aafe12,2,71.01,1
1784561443152,HEMI,bf9578cef4acd822,2,85.5,1
1784561443152,HEMI,bd24a37483c29db0,2,137.93,1
1784561443152,HEMI,6c51fb9409045b0c,2,27.54,1
1784561443152,HEMI,b2072d16b446b539,4,206.31,1
1784561443152,HEMI,448db7c7e4f26b82,2,37.08,1
1784561443152,HEMI,cd55d0ac397d15ce,2,13.34,1
1784561443152,HEMI,a12f25c44abaf3fd,2,83.58,1
1784561443152,HEMI,f9477304df6c9c26,2,127.6,1
1784561443152,HEMI,f44cb8df3399da27,2,253.38,1
1784561443152,HEMI,47557e71699529ee,2,67.45,1
1784561443152,HEMI,ae3311915e6afb6a,2,74.6,1
1784561443152,HEMI,da9c01bbee6e9033,2,56.37,1
1784561443152,HEMI,80b064b822351cf0,2,49.82,1
1784561443152,HEMI,8e6443b9989e7293,4,1377.67,1
1784561446701,xyz:MRVL,b4dcc49101f46045,6,12907.26,1
1784561447833,HEMI,364eaaad125bf9a4,14,2759.72,1
1784561447833,HEMI,ef40957c98eace0b,2,27.54,1
1784561454780,HEMI,57fd351833bb0599,2,27.63,1
1784561454780,HEMI,4765bc900969eb83,2,59.18,1
1784561454780,HEMI,681420d54378ff79,2,55.53,1
1784561454780,HEMI,b8b00b065a40118a,2,44.82,1
1784561454780,HEMI,5aca66bc2c0d4a08,2,55.84,1
1784561454780,HEMI,1d350db09bd9cdf1,2,58.45,1
1784561454780,HEMI,0584c1105a0e1dfa,2,34.48,1
1784561454780,HEMI,185180693966691d,2,56.04,1
1784561454780,HEMI,fa223ecf0e23c11b,2,191.21,1
1784561454780,HEMI,f8ab36d4c62791d8,2,41.9,1
1784561454780,HEMI,290d9905b9c3936c,2,27.63,1
1784561454780,HEMI,575fff942c52bb0f,2,73.34,1
1784561454780,HEMI,32aa9c5393fd9976,8,2619.94,1
1784561454780,HEMI,1529724e392d0d6c,2,85.5,1
1784561454780,HEMI,f70a388754c7a183,2,58.82,1
1784561454780,HEMI,70da3570764eb843,2,353.02,1
1784561454780,HEMI,6e5793869c883c4e,2,27.74,1
1784561454780,HEMI,21306d8260f57bca,2,27.72,1
1784561457745,HEMI,dedb7ec14f296a12,2,191.71,1
1784561457745,HEMI,a7407bdef8cff5e0,2,115.65,1
1784561457745,HEMI,c160c523a61ce0ac,2,27.46,1
1784561457745,HEMI,5e793d1f1b4f16d6,2,120.46,1
1784561457745,HEMI,1e11b62c5cd76104,2,67.03,1
1784561457745,HEMI,90da07fa6d85c1d4,2,113.02,1
1784561461163,HEMI,04ee02b57f293a4f,2,56.85,1
1784561461163,HEMI,209f28e3d38171b6,2,156.55,1
1784561494746,xyz:MRVL,a6281e4439bc8db2,2,120.62,1
1784561694604,WLD,37d5cba50adee7a0,4,2606.45,1
1784561694604,WLD,5e9999d228a61255,2,1288.7,1
1784561734814,xyz:SPCX,5bfb4b05e16a89c6,2,847.0,1
1784561737632,xyz:SPCX,1301a1bbcae87685,2,390.26,1
1784561825752,PUMP,1e822351d8da06c4,4,436.74,1
1784561825752,PUMP,c12294744409daa4,4,468.85,1
1784561825752,PUMP,200ada28c097fa71,2,25.17,1
1784561828533,PUMP,3b1f39aed0777cc8,2,25.16,1
1784561896743,xyz:TSLA,9ed5cb01833da359,2,1153.29,1
1784561980680,xyz:TSLA,b47138402323a4fc,6,7843.04,1
1784562007723,xyz:TSLA,9d40961ab4794abf,2,38.77,1
1784901127311,xyz:TSLA,9d40961ab4794abf,2,38.52,1
1784562146255,PUMP,077d08bec63e7268,2,209.65,1
1784562146255,PUMP,5cfe59dad8ca615f,2,67.62,1
1784562172251,BTC,c4745411dc04753a,2,135.2,1
1784562178932,BTC,944640971dd01526,2,941.42,1
1784562178932,BTC,cb2e827ce48e28b6,2,2833.35,1
1784562184986,BTC,fc17962e28e709b8,2,403.5,1
1784562184986,BTC,027973fd0f1ab526,2,5717.93,1
1784562184986,BTC,bd33daa143e2e1e7,4,1560.62,1
1784562184986,ETH,1b7539145b0564ba,2,41865.86,1
1784562188123,BTC,5722579e8194dad8,2,11279.06,1
1784562188123,BTC,97893c78fa643e04,2,24.73,1
1784562188123,BTC,b012de5f3de85676,2,4049.53,1
1784562188123,BTC,9914437db3904562,2,1224.88,1
1784901144452,BTC,9914437db3904562,2,849.42,1
1784562188123,BTC,246ab0bf7608dcf6,2,797.93,1
1784562188123,BTC,3ebdb6fcf6c9664c,2,313.7,1
1784562188123,BTC,c77b14dcd1830f09,2,424.35,1
1784901232903,BTC,c77b14dcd1830f09,2,10577.75,1
1784562188123,BTC,ba12f2a07ed3c3a2,2,29.94,1
1784562188123,BTC,3c99097034028c95,2,33113.44,1
1784562188123,BTC,8e32d07b2485b979,2,1377.18,1
1784562200238,BTC,5cad2eee7e6b5c99,2,383.96,1
1784562200238,PUMP,6c291eaac36b6e49,2,61.68,1
1784562200238,BTC,dcfa8787af3c78f6,2,1474.47,1
1784562200238,BTC,365008c2729a1c9e,2,288.63,1
1784562200238,BTC,0463035998ec8ea0,2,62.69,1
1784562200238,PUMP,aca5bb874f4660a4,4,211.57,1
1784562200238,PUMP,7d8b9a2c832b2db0,2,25.3,1
1784562200238,BTC,2447011876bb237b,2,1112.71,1
1784562200238,PUMP,f02a264f649ed6e3,2,48.76,1
1784562200238,BTC,d7d4f09eda39ae06,2,1366.08,1
1784562200238,BTC,592a8fd99457483e,2,340.87,1
1784562200238,BTC,a9321ea3e72ea29b,2,246.83,1
1784562200238,BTC,be93d523c7d44a1b,2,202.43,1
1784562200238,BTC,ba257ce5946c9821,2,2572.82,1
1784898327217,BTC,ba257ce5946c9821,2,1658.93,1
1784562200238,PUMP,170e5111a860bdea,2,926.83,1
1784562200238,PUMP,ef1fb48b916e66f0,2,25.33,1
1784562200238,PUMP,ed21b1549de3abe6,2,145.86,1
1784562200238,BTC,ab3c4c72d26200ee,2,266.42,1
1784562200238,BTC,7dcd16bc40ddde29,2,246.83,1
1784901030817,BTC,7dcd16bc40ddde29,2,272.12,1
1784562200238,PUMP,1b63bc83960d38d3,2,316.31,1
1784562200238,BTC,9aad50f7c6a19df0,2,604.68,1
1784562200238,BTC,c5d5a38879aa2394,2,720.91,1
1784562200238,BTC,f83d39f4068dc8a2,2,1279.88,1
1784901030817,BTC,f83d39f4068dc8a2,2,163.02,1
1784562200238,PUMP,76f1b5e4e8e4cd17,2,25.33,1
1784562200238,PUMP,668c1ba0bc4411c6,2,25.34,1
1784562200238,PUMP,8b3d6db514fc9818,2,25.3,1
1784562200238,BTC,49f23344b93c588b,2,161.94,1
1784898327217,BTC,49f23344b93c588b,2,233.85,1
1784562200238,PUMP,eeb0b3631e64a85d,2,314.11,1
1784562200238,BTC,141d1ceac0cf1d97,2,480.61,1
1784562200238,BTC,83c9aa71813b09fa,2,1077.45,1
1784562200238,BTC,c8ead91b9716e1f5,2,809.72,1
1784562200238,BTC,780fbf9d3e6f7241,2,1097.04,1
1784562200238,PUMP,2647d034af8be3f9,2,64.44,1
1784562200238,PUMP,658f648c1895739d,2,98.05,1
1784562200238,BTC,2b56ea7c4daa2de7,2,296.46,1
1784899861984,BTC,2b56ea7c4daa2de7,2,47.58,1
1784562200238,PUMP,2b56ea7c4daa2de7,2,25.3,1
1784562200238,PUMP,62fe2d8a4cfa6c3c,2,122.44,1
1784562200238,PUMP,ab3ec1eb25d45b69,2,36.06,1
1784562200238,BTC,ae0c8a0d13a3db5b,2,894.61,1
1784562200238,BTC,04f4696d3858e0c7,2,961.22,1
1784562200238,BTC,cb61d6f592a29ef5,2,583.78,1
1784562200238,BTC,dd0f614c4ade86ee,2,2352.11,1
1784562200238,BTC,abd30e6ff8f4620d,2,78360.0,1
1784562864931,BTC,abd30e6ff8f4620d,2,52480.0,1
1784562200238,BTC,e7736cb843d78384,2,20449.35,1
1784562200238,BTC,2bec762601fef316,2,54056.65,1
1784562200238,BTC,f113a2b19aa597da,2,308.22,1
1784562200238,BTC,4237db61adc3bb5f,2,125.38,1
1784562200238,BTC,f38587a7fbb4a56f,2,48521.82,1
1784562200238,BTC,dd645b440b00271f,2,2247.63,1
1784562200238,BTC,854495f1c7429681,2,11009.58,1
1784562200238,PUMP,1cc063e19e7beb9a,2,234.06,1
1784562200238,BTC,53f798e226804de9,2,12848.43,1
1784562200238,BTC,6008d3b15fb2190e,20,203771.26,2
1784562200238,PUMP,69692dcbb360b29b,2,641.55,1
1784562200238,BTC,81eae594b6d705aa,2,74.44,1
1784562200238,PUMP,8dba3927c20ee628,2,1064.47,1
1784562200238,BTC,451fc5282943f92a,2,543.3,1
1784562200238,PUMP,1f996d1e5fc54b26,4,480.35,1
1784562200238,BTC,5ddfcecbb70de427,2,94754.22,1
1784562200238,BTC,d8fb1acf93d55caf,2,24.81,1
1784562200238,BTC,ffc2dbf9af7cc6df,2,6856.5,1
1784562200238,BTC,10b456e04c75b3b8,2,4158.3,1
1784562200238,BTC,f132a5ee5ffc8987,2,31067.13,1
1784562200238,BTC,7c4f757207c0bac3,2,101.87,1
1784562200238,BTC,623640c28100b74f,2,1420.93,1
1784562200238,PUMP,ab4e91762ed4b8f8,2,25.3,1
1784562200238,BTC,b8ad22e3c17ecbac,2,120.15,1
1784562200238,BTC,41b445a10de3306c,2,27710.71,1
1784562200238,BTC,aa59a737f6b6a464,2,74.44,1
1784562200238,BTC,66b9d20b6716a2b0,28,279027.46,2
1784562200238,BTC,e53ce8132edbf56d,2,2043.89,1
1784562200238,BTC,7ccab98d4d953b1d,2,667.37,1
1784562200238,BTC,0c979b8e025642c9,2,44.4,1
1784562200238,PUMP,e0aee6614fd40c9b,2,105.44,1
1784562200238,PUMP,bdd11940245bbd49,2,107.75,1
1784562200238,BTC,223676a588009fb8,2,1619.44,1
1784562200238,BTC,746bcc7b5f73a479,2,31423.67,1
1784562200238,BTC,89507e8fb6a21c0c,2,58544.06,1
1784562200238,BTC,9e3124130b8306a6,2,199.82,1
1784562200238,BTC,6b9e939e9ddb9532,2,4742.09,1
1784562200238,PUMP,640153f611dc980d,4,269.29,1
1784562200238,BTC,39087927bcf432d0,2,679.12,1
1784562200238,PUMP,dcfb32c1ce91b5b6,2,64.74,1
1784562200238,BTC,4344ca5252c52c34,2,489.75,1
1784562200238,BTC,000f112b2fd08cf3,2,21434.07,1
1784562200238,PUMP,aa962570b8637e3c,2,25.33,1
1784562200238,BTC,ccae6e9cbf3a9a0f,2,4190.95,1
1784562200238,BTC,2500537e8fbee7ac,2,14645.48,1
1784562200238,BTC,5b5ce39149c06846,2,54769.72,1
1784562200238,BTC,9465903509a1194c,2,28.73,1
1784562200238,BTC,0c1882c056a0295a,2,2871.89,1
1784562200238,BTC,98ca02cc3b56f06d,2,430.98,1
1784562200238,PUMP,c69d6c3a78aceff4,2,69.93,1
1784562200238,BTC,5308ff6ebf4364a2,2,905.06,1
1784562200238,BTC,666c24a95628398c,2,189.37,1
1784562200238,BTC,af38c53b7d3ccfd1,2,5588.37,1
1784562200238,BTC,ab1ca828932e59d2,2,1687.35,1
1784562200238,BTC,3d40c3046e38040c,2,177.62,1
1784562200238,PUMP,b5b918d131575a54,2,128.0,1
1784562200238,PUMP,93156321a6bcc745,4,193.99,1
1784562200238,BTC,33e6b8d596888ab6,2,1219.8,1
1784562200238,BTC,dfd2a9b446e460f2,2,15546.62,1
1784562200238,PUMP,73bc9e5e336208ac,6,251.19,1
1784562200238,BTC,7df952e40199abeb,2,88.81,1
1784562200238,BTC,3c7dddf8c61a746d,2,162351.47,1
1784562200238,BTC,811a170cb114c8ff,2,779.68,1
1784562200238,BTC,6570c7018d2e0e44,2,565.5,1
1784562200238,BTC,0bed3fe369b267c6,2,1618.13,1
1784562200238,BTC,ab6460737e94dd93,2,2622.45,1
1784562200238,BTC,6dc3de25c4e99a9d,2,41128.55,1
1784562200238,BTC,1d712d4907440cae,2,269.04,1
1784562200238,BTC,7954f68efd8f4d58,2,1043.49,1
1784562200238,PUMP,514899f404cda5ba,2,25.16,1
1784562200238,PUMP,62dddf59e9fd767d,2,412.03,1
1784562200238,BTC,4a439ac5d9962baa,2,419.23,1
1784562200238,PUMP,4a73829dbbc646e3,2,150.51,1
1784562200238,BTC,5a55f5c5653cf38c,2,19277.87,1
1784562200238,PUMP,4804465164342891,2,334.95,1
1784562200238,PUMP,a383f60b0d2674de,2,70.9,1
1784562200238,BTC,e993b48849f35f84,2,5280.16,1
1784898440037,BTC,e993b48849f35f84,2,4936.38,1
1784562200238,PUMP,24d877bdb6b9aa60,2,638.79,1
1784562200238,PUMP,300ba12a3551ab29,2,73.14,1
1784562200238,PUMP,32d0bb5fd6d1589e,2,148.01,1
1784562200238,BTC,84750e59db5eb629,2,18739.79,1
1784562200238,BTC,f6de7cbd3f6a243d,2,78467.09,1
1784562200238,BTC,191a0ed2ed79048b,2,17779.88,1
1784562200238,BTC,8941cba0d478b8e4,2,63.99,1
1784562200238,BTC,d95ff8c8f986ddeb,2,1131.0,1
1784562200238,PUMP,2d4727e41676d22b,2,25.3,1
1784562200238,PUMP,1695462161c8fd3b,4,3406.23,1
1784562200238,PUMP,37f147168f06b14f,2,654.96,1
1784562200238,BTC,c12294744409daa4,2,10684.39,1
1784562200238,BTC,eb341bf61f2f084c,2,96.64,1
1784898349141,BTC,eb341bf61f2f084c,2,41.27,1
1784562200238,PUMP,0d98bcf7303c9fe8,2,25.36,1
1784562200238,PUMP,9550b1c2d0a994e8,2,255.39,1
1784562200238,BTC,5bcce8fb05b2f746,2,1834.93,1
1784562200238,BTC,dd31e3024f13becb,2,23.51,1
1784562200238,BTC,84b76fa833409a4f,2,434.9,1
1784562200238,BTC,534071b2fa3f7e6c,2,78360.0,1
1784562200238,BTC,3257a3987020b879,2,1462.72,1
1784562200238,PUMP,1a911d40fbc9a2e6,2,211.18,1
1784562200238,BTC,1b0f967b35a2913c,2,1150.59,1
1784562200238,BTC,719687bdab73a1b4,2,233.77,1
1784562200238,BTC,36268b13f2d53461,2,684.34,1
1784898451019,BTC,36268b13f2d53461,2,126.15,1
1784562200238,BTC,0d142dca5bb149bc,2,344.78,1
1784562200238,PUMP,13baa4d20ec64116,2,25.28,1
1784562200238,BTC,a58d6f27101f8e48,2,6668.44,1
1784562200238,BTC,1b19e83237b879d5,2,936.4,1
1784562200238,PUMP,16564b7ee4e16ee7,2,484.54,1
1784562200238,PUMP,a76bfa419535728e,2,25.19,1
1784562200238,PUMP,f807af8cb295ad34,2,215.09,1
1784562200238,PUMP,c4484b1fec6c8fb5,2,333.98,1
1784562200238,PUMP,4173acc0028fa74a,2,1541.91,1
1784562200238,BTC,de551a1f2b8e8fce,2,111.01,1
1784562200238,BTC,a0ca6d2e985d70e0,2,101.87,1
1784562200238,BTC,7da5b09480559a28,2,391800.0,1
1784562407103,BTC,7da5b09480559a28,26,313794.91,1
1784562864931,BTC,7da5b09480559a28,4,251904.0,1
1784562200238,BTC,8d0a2d94d7b7505b,2,2090.91,1
1784562200238,BTC,b378827c848dc0ab,2,485.83,1
1784562200238,BTC,22be616eeb61c00b,2,113770.88,1
1784562403519,BTC,22be616eeb61c00b,2,91097.29,1
1784562200238,BTC,3b1000ff11f6c96c,2,1593.32,1
1784898342292,BTC,3b1000ff11f6c96c,2,1348.7,1
1784562200238,BTC,e5d3078f03f9d3dd,2,30643.98,1
1784562200238,XMR,e5d3078f03f9d3dd,2,227.57,1
1784562200238,PUMP,2b5a9a8290371509,2,228.79,1
1784562200238,PUMP,b58f1f4f7cd20cc0,2,25.36,1
1784562200238,PUMP,b61296ef03b9fddc,2,554.55,1
1784562200238,BTC,bceca6284c7d076f,2,7365.84,1
1784562200238,PUMP,045f177e20ca33ed,2,25.3,1
1784562200238,BTC,76ce8ec8eff30e11,2,120.15,1
1784562200238,BTC,7d2c7db5a5c4be47,2,4849.18,1
1784562200238,PUMP,84c95ec9b71e0681,2,2063.29,1
1784562200238,BTC,75434991be9cd298,2,6358.91,1
1784562200238,PUMP,41015bb2f6742bd6,2,1312.18,1
1784562200238,BTC,c3d7e7accb05e7f4,2,4175.28,1
1784562200238,PUMP,364d297fb662813e,2,25.34,1
1784562200238,BTC,3d285cd30ec41a6c,2,825.39,1
1784562200238,BTC,941b2f2995573ec2,2,615.13,1
1784562200238,BTC,88a139b8f4c34d81,2,155.41,1
1784562200238,BTC,914bfaad2bdc901b,2,3596.72,1
1784562200238,PUMP,f7a6641dc27d37a8,2,25.3,1
1784562200238,BTC,83062fbe99c98061,2,74.44,1
1784562200238,BTC,3c5ff9e417234511,2,3101.75,1
1784562200238,BTC,86f6b2c025451186,2,2706.03,1
1784901144452,BTC,86f6b2c025451186,2,1402.72,1
1784562200238,BTC,3516ac05a658392e,2,32.65,1
1784562200238,BTC,734487b0f01e52c5,2,5805.17,1
1784562200238,BTC,c198bc2a59d1948b,2,47120.48,1
1784562200238,BTC,7f45d6a4983890d7,2,1464.03,1
1784562200238,BTC,eed3cb502370b30c,2,2017.77,1
1784562200238,ETH,f04174870e904b36,2,61.33,1
1784562200238,BTC,90c1b0d167720081,2,133.21,1
1784562200238,BTC,b16005eab2b6d465,2,126.68,1
1784562200238,BTC,0ad975573bdd01ca,2,239.0,1
1784562200238,BTC,1ead029256a348a3,2,90534.53,1
1784901232903,BTC,1ead029256a348a3,2,42165.77,1
1784562200238,BTC,145589a32dd8202b,2,87.5,1
1784562200238,BTC,6ffbdad5c273063c,2,3125.26,1
1784562200238,BTC,bb35849c711de86f,2,95132.96,1
1784562200238,BTC,e83fc0f7a35a04a9,2,1524.1,1
1784562200238,BTC,8e3f571adfbf4b05,2,29552.17,1
1784562203111,PUMP,af9e00a807a97cab,2,25.16,1
1784562203111,PUMP,5a4b88541b49dcba,4,1694.52,1
1784562203111,PUMP,85e018263912c139,2,25.17,1
1784562203111,PUMP,92ddc482c4070f9d,2,25.16,1
1784562203111,PUMP,9bda1e35c4c5c90b,2,25.17,1
1784562235663,xyz:TSLA,9d59e2aba2a258df,22,111690.03,1
1784562262620,xyz:TSLA,d5533224b244b8f4,2,155.6,1
1784562262620,xyz:TSLA,70c3502222973756,2,1127.89,1
1784562262620,xyz:TSLA,3ba89a086ab8ea3f,2,308.21,1
1784562301777,xyz:CRCL,e125ee0ce91e6b68,2,1499.25,1
1784562305130,BTC,1110e1ccbd45ed90,4,5896.35,1
1784562307971,BTC,1f3e3afcea39ce88,2,6136.31,1
1784898327217,BTC,1f3e3afcea39ce88,2,2894.08,1
1784562307971,BTC,c561ebc354b4607d,2,338.08,1
1784562317044,BTC,c4d7f1b01c0c2327,10,138864.54,1
1784562317044,BTC,f0cd716804a2aa71,2,40720.65,1
1784900450801,BTC,f0cd716804a2aa71,2,31294.1,1
1784562317044,BTC,73940dc0e996af20,2,357.68,1
1784562317044,BTC,17f9fc721f34725f,2,90.07,1
1784562346609,xyz:TSLA,973c505b25f1a7df,2,209.17,1
1784562352672,xyz:TSLA,d1c4585836437da9,6,19681.12,1
1784562355654,xyz:TSLA,ea2f2bbbf191f65e,2,36.48,1
1784562355654,xyz:TSLA,53346d97ff427e21,2,1209.07,1
1784562365167,BTC,c64359be9aaa9fdc,2,208.96,1
1784562365167,BTC,b6204db3465c4961,8,106428.55,1
1784562365167,BTC,62fc53d54744fe3e,16,175697.49,1
1784562365167,BTC,9c0fce1185a3d96c,2,276.87,1
1784562365167,BTC,9f34181e7b0baf0f,2,779.68,1
1784562365167,BTC,a3763e6314c58283,2,112338.2,1
1784562365167,BTC,a1cafb57922ced98,2,992.56,1
1784562365167,BTC,0f825682548959e5,2,11626.01,1
1784562365167,BTC,3c8a53242787c289,2,3829.19,1
1784901315301,BTC,3c8a53242787c289,2,834.8,1
1784562365167,BTC,c8eb394519168b89,2,9059.72,1
1784562365167,BTC,40a003feb5bf0a8c,2,809.72,1
1784562365167,BTC,e17722ffa5b4a941,2,1509.74,1
1784562365167,BTC,1480f486b5a9ffa8,2,31539.9,1
1784562365167,BTC,866f7c5b24bd1299,2,156.72,1
1784562365167,BTC,8f151a4a570429fd,2,45.71,1
1784562365167,BTC,e37fa7be6ea0f722,2,7197.37,1
1784901232903,BTC,e37fa7be6ea0f722,2,780.4,1
1784562365167,BTC,a1e1a78af6d7cb0a,2,417.92,1
1784562365167,SOL,a1e1a78af6d7cb0a,2,86.6,1
1784562365167,BTC,276334c5b8e5874e,2,3757.36,1
1784562365167,BTC,f12320915b67c0ee,2,8422.39,1
1784562365167,BTC,cd043c56af59ecfa,2,2324.68,1
1784562365167,BTC,124a884b1889a792,2,461.02,1
1784562365167,BTC,47a3f08005cabfe2,2,6403.32,1
1784562367722,xyz:MSTR,032853dda4ad3f91,4,15930.47,1
1784562368384,BTC,973cab9c22128260,2,1131.0,1
1784562368384,BTC,fa84bb3f7938f572,2,4943.21,1
1784562368384,BTC,2ab0f73d4bdf4402,2,181.53,1
1784562368384,BTC,7b3e026dbecf5dca,2,468.85,1
1784562368384,BTC,9d562c0415f70b92,2,12836.67,1
1784562368384,BTC,a667e24ac6bbe0b6,2,88.81,1
1784562368384,BTC,d06c507285159abe,2,5183.51,1
1784562368384,BTC,dd62b8dc89d96638,2,156.72,1
1784562383687,BTC,5c3a378d1b7df52b,2,471.55,1
1784562383687,BTC,816dec521f3d6b81,2,74.46,1
1784562383687,BTC,4631726fa6c77b3f,2,40.49,1
1784562383687,SOL,422bf8fff8275cd7,2,430.45,1
1784562386519,BTC,e1f1635e9f65dde9,4,8063.41,1
1784562386519,SOL,b68d0386e79216d4,2,123.86,1
1784562386519,SOL,54548cce9769a214,2,4798.0,1
1784562390093,BTC,1f41293cde12a248,2,849.21,1
1784562390093,ETH,46c4a1b9f6eea742,2,19436.35,1
1784562390093,BTC,12a130af04d07727,2,2656.07,1
1784562390093,BTC,5097f53ea4da71bd,4,389.33,1
1784562390093,BTC,d69efa8c53cc86e9,2,269.13,1
1784562390093,BTC,4b71a4f9b65890c4,2,47.03,1
1784562390093,BTC,3f20d1e6704c71b7,2,155.47,1
1784562390093,SOL,4892a73893186d90,2,278.76,1
1784562390093,ETH,7117055a5340633e,2,256.69,1
1784562390093,BTC,05bee970f7bb2de7,2,956.34,1
1784898455143,BTC,05bee970f7bb2de7,2,632.03,1
1784562390093,BTC,f1f2437d5aa280d9,2,815.24,1
1784562390093,ETH,049fd1b2b8e6f3d7,2,161.38,1
1784562390093,ETH,e65669b2bdf62733,2,63.79,1
1784562390093,BTC,e4a76462fcba424e,2,551.33,1
1784562390093,SOL,f8ffd50bb5a7e6c5,2,1300.89,1
1784562390093,BTC,5004b1728c0ab6ec,2,2082.53,1
1784562390093,BTC,a9f2e94c99466f6e,2,1772.89,1
1784562390093,BTC,796f06337c4b78f2,2,821.78,1
1784562390093,ETH,796f06337c4b78f2,2,608.31,1
1784562390093,ETH,b314e8aeebf9a547,2,2955.36,1
1784562390093,BTC,c28b770418ed0e33,2,3933.81,1
1784562390093,BTC,3ab0426aae786216,2,109.74,1
1784562390093,BTC,9d3b8ac2a2f2aaa5,4,1584.76,1
1784562390093,SOL,39da27696bf5e12b,2,483.19,1
1784562390093,BTC,3e3a392f1772f310,2,695.05,1
1784562390093,ETH,34db3c644bf3d379,2,85.82,1
1784562390093,BTC,78f90dba5cc61511,2,1503.76,1
1784562390093,BTC,4730a3024a47588c,2,3732.61,1
1784562390093,ETH,b13957f8399e0d80,2,1756.2,1
1784562390093,ETH,91e595d4e19b2299,6,80550.38,1
1784562392895,ETH,9f9fc0cf96c0451b,4,20452.98,1
1784562392895,SOL,e681ba4d95f6d498,4,656.95,1
1784562392895,ETH,ed428e7449ea9818,2,213.0,1
1784562392895,BTC,d76d51d5cd6f73ee,16,44715.8,1
1784562392895,BTC,66a51fdde6e8e7cd,2,483.56,1
1784562392895,XRP,8c0e8ce11fc28eb4,10,30476.56,1
1784562392895,BTC,ce477e051eeaa381,2,3519.54,1
1784562392895,BTC,7a8311c82d4fc8f8,2,40.51,1
1784562392895,ETH,30093e43f965833d,2,24.3,1
1784562392895,BTC,c73cc145bd922182,2,385.54,1
1784562392895,BTC,18ba20c410972f4c,2,1632.34,1
1784901030817,BTC,18ba20c410972f4c,2,3884.17,1
1784562392895,BTC,94c0087ecab11c9d,2,12204.02,1
1784562392895,BTC,0edfd929a4250d18,2,175.13,1
1784562392895,BTC,944367ec68c918b3,2,24.83,1
1784562392895,BTC,6d59c201b26d4985,2,24.83,1
1784562392895,BTC,dfc3200f9fdec263,2,201.27,1
1784562392895,BTC,48252d067e4c7493,2,90.18,1
1784562392895,ETH,e629b3df53d04d0a,2,1343.69,1
1784898451019,ETH,e629b3df53d04d0a,2,332.56,1
1784562392895,BTC,d17427f23454cf6a,2,3429.36,1
1784562392895,BTC,4b2b3196f30f7ea1,2,252.24,1
1784562392895,BTC,6e4e9fa9cbdc143b,2,810.29,1
1784562392895,BTC,bcca0e5e9f3a0a9d,2,19581.58,1
1784562392895,BTC,24f61af171bb2c47,2,552.83,1
1784562392895,BTC,c4501954bd9c27d4,2,27444.01,1
1784562392895,ETH,77bd3df0d3f6b920,4,26748.08,1
1784562394715,xyz:MSTR,65b5eed08c72941f,2,1.98,1
1784562400217,ETH,136dd7398761fc22,2,313.67,1
1784562400217,ETH,0d142dca5bb149bc,4,294.68,1
1784562403519,ETH,fad36d0aec3ac8a0,2,24.32,1
1784562403519,BTC,c4ad35c36b4f5875,2,90.19,1
1784562403519,ETH,34b4fe779a8c4856,2,517.13,1
1784562403519,BTC,a5542f26f9289f8d,2,113708.54,1
1784901068103,BTC,a5542f26f9289f8d,6,19554.86,1
1784562403519,BTC,b8b5aff38b1784c5,2,77.12,1
1784901230150,BTC,b8b5aff38b1784c5,2,380.06,1
1784562403519,ETH,69bac3171be78148,2,24.32,1
1784562403519,ETH,c080773e7a5e8ee8,2,3091.73,1
1784562403519,BTC,e3cd44be962ac7a0,2,11706.92,1
1784901029393,BTC,e3cd44be962ac7a0,2,12378.53,1
1784562403519,ETH,a2b5f80b4ae963b7,2,24.32,1
1784562403519,ETH,73bc9e5e336208ac,2,542.58,1
1784562403519,BTC,cd07cc9863364dab,2,96661.87,1
1784562403519,ETH,21801263d395856b,2,553.22,1
1784562403519,ETH,67cbe2d30f962bdf,2,1035.77,1
1784562403519,BTC,d384b26a63c45b44,2,726.78,1
1784562403519,ETH,16239b2c30126bb3,2,1146.34,1
1784562403519,ETH,54a3e5b4760fb4e7,22,29925.81,1
1784562403519,BTC,498bb592bedcbcf7,2,211.76,1
1784562403519,ETH,bc229827d06ecd93,2,758.1,1
1784562403519,ETH,70565e869fa6aff3,2,27334.16,1
1784562403519,ETH,ae40d7ba3b282511,2,221.92,1
1784562403519,SOL,8835c40725293e6c,6,694.23,1
1784562403519,BTC,9e4cad3ff86bfea2,2,90.19,1
1784562407103,SOL,f08c955f08dac0ce,2,83.76,1
1784562407103,SOL,3952cb2522b03356,2,693.32,1
1784562407103,BTC,1701e5f80d8cf061,2,594.8,1
1784562407103,ETH,c1e641119a2b0f14,2,313.5,1
1784562407103,HYPE,b538455f88c234a2,2,50.72,1
1784562407103,ETH,0b7a1325cdfd8808,2,636.88,1
1784562407103,BTC,b172f707d97d046a,6,8548.17,1
1784562407103,BTC,2419f9adb99ff0a1,2,4049.89,1
1784562407103,SOL,dcbf809ec085b166,2,24.82,1
1784562407103,BTC,f3bdceb162f64138,2,343.81,1
1784562407103,SOL,49f23344b93c588b,2,41.88,1
1784898455143,SOL,49f23344b93c588b,2,191.49,1
1784562407103,SOL,4b804c24ee41403d,2,739.86,1
1784562407103,SOL,fd07e3b8b0a7d51f,2,116.33,1
1784562407103,BTC,7e89e2ac1c66c34a,2,6600.36,1
1784562407103,BTC,96db794b52563f79,24,5434.41,1
1784562407103,ETH,abb49f274d9e60b3,2,3491.44,1
1784562407103,BTC,7aa3ac49ae7fa80d,2,1682.52,1
1784562407103,ETH,7aa3ac49ae7fa80d,2,1061.72,1
1784562407103,HYPE,7aa3ac49ae7fa80d,2,436.72,1
1784562407103,ETH,55bbd7178b6d1bd3,2,703.0,1
1784562407103,BTC,7c58077207780bbe,4,1821.1,1
1784562407103,BTC,8fe461904d3678c8,10,5467.29,1
1784562407103,HYPE,ee1a5ae37bba92f2,6,3084.26,1
1784562407103,BTC,12bc091b6914ad2a,2,1927.02,1
1784562407103,BTC,51601c574da8da4f,12,5250.41,1
1784562407103,HYPE,8a54cdc89f6b18ce,2,258.57,1
1784562407103,BTC,922609fa97fba9f3,2,194.82,1
1784562407103,BTC,4ad01410810fa42b,2,329.49,1
1784562407103,ETH,b576e5f4cb9713df,2,212.42,1
1784562410323,ETH,4b2968a08e7a3b02,2,1516.29,1
1784562410323,SOL,b7357a89b6ae3e6e,2,51.21,1
1784901315301,SOL,b7357a89b6ae3e6e,2,62.1,1
1784562410323,SOL,2e428a09c1293bb5,2,257.62,1
1784562410323,BTC,b6808359036cb7d2,2,3259.6,1
1784562410323,BTC,9f1baa9ec7b0f35a,2,7800.55,1
1784562410323,BTC,7489811130b5a655,2,679.9,1
1784562410323,BTC,22b24e4e9f5ff9d0,2,5423.51,1
1784562410323,BTC,4c9e906630914246,2,619.75,1
1784562410323,BTC,23c7ed223d8f77dc,6,330424.16,2
1784562410323,BTC,b3c3c0fdcc2fb033,2,43.15,1
1784562410323,BTC,a418736c0b23a6ef,2,52800.77,1
1784899975109,BTC,a418736c0b23a6ef,6,42974.33,1
1784562410323,BTC,62644dabf59c767a,6,26704.38,1
1784562410323,BTC,4edee1dc8cd69254,40,14044.97,1
1784562410323,SOL,2dd16ec8826b137d,2,329.0,1
1784562410323,BTC,eeab889966104106,2,406.69,1
1784562410323,BTC,1aec5ea733223280,8,16687.44,1
1784562410323,ETH,72e04f64c091cc60,12,2784.57,1
1784562410323,HYPE,38751b3aea0c0930,2,27.17,1
1784562410323,BTC,e64cfe5c19869c1b,2,1068.39,1
1784562410323,BTC,dbc0c6e9944da8be,2,2121.09,1
1784562410323,SOL,517d3b83be035b88,2,203.3,1
1784562410323,BTC,61131ebdc82c60d3,2,124.23,1
1784562410323,BTC,d4173c9da41924de,2,48.38,1
1784562410323,BTC,8e6f3394f7721f57,2,1057.93,1
1784562410323,BTC,255aa26021634e6f,2,3635.41,1
1784562410323,BTC,b67d98b83978f6c9,2,245.85,1
1784562410323,BTC,7d8054dfd51154ce,2,2026.93,1
1784562410323,BTC,30d91e04b3c9e0de,2,16525.4,1
1784562410323,BTC,c7858ccef44b442b,2,784.62,1
1784562410323,BTC,8ed13afc44e584d1,2,2081.86,1
1784562413150,SOL,6207322f8ede7950,38,247940.89,1
1784898349141,SOL,6207322f8ede7950,2,105223.44,1
1784901232903,SOL,6207322f8ede7950,30,83711.86,1
1784562413150,SOL,d1810f609bcecda5,2,124.18,1
1784562413150,ETH,6c20726679910c4a,2,128.91,1
1784562413150,ETH,187702b82409bdd7,2,1275.01,1
1784562413150,ETH,f5ab161f206ef037,2,262.38,1
1784562413150,ETH,941b59e49c09eca6,2,113.7,1
1784562413150,BTC,300ba12a3551ab29,2,1762.64,1
1784899911449,BTC,300ba12a3551ab29,2,7956.98,1
1784562413150,ETH,ece459934fef9d36,2,1521.04,1
1784562413150,ETH,0d90be3927a7fdbb,4,13309.1,1
1784562413150,SOL,6137e53e1bd2eb9d,2,1552.28,1
1784562413150,ETH,a2ea313ff55d3861,2,71.11,1
1784562413150,ETH,407c3cda8fb929d0,2,592.45,1
1784562413150,ETH,7f3b36df3adbd625,2,218.65,1
1784562413150,ETH,420d8015069fc680,2,269.6,1
1784562416895,HYPE,ee2b3f22c92ebb93,22,83856.76,1
1784562419497,BTC,5adcbc98e9d8a247,2,13.08,1
1784562419497,SOL,ec5b9b34fa52d3f7,2,3569.52,1
1784562419497,SOL,77f25230f1f4e6d2,2,208.05,1
1784562419497,BTC,4f68cc4b225990f7,2,20080.73,1
1784562419497,BTC,3b90938b43e6e2d2,2,1713.06,1
1784562422526,BTC,fa5257414ee2f991,2,910.23,1
1784562422526,BTC,a8b55d9778947e61,2,204.02,1
1784562422526,BTC,0f77d4aa84204d0b,4,7624.47,1
1784562422526,BTC,121401d974f416fc,2,1132.55,1
1784562422526,BTC,5f1d5a5da2f13b11,4,2021.86,1
1784562422526,BTC,c513e0194f4eb67e,2,810.84,1
1784562422526,BTC,71ecbc2ff85a5af8,2,292.95,1
1784562422526,SOL,bc300124fc4f8d10,4,9468.45,1
1784562422526,BTC,04dab2be939a8297,8,44801.3,1
1784562422526,BTC,aa92a27376dc96a6,2,734.98,1
1784562422526,BTC,5e1aa63c4274867d,2,65.39,1
1784562422526,BTC,6304a2569dfbf611,2,235.4,1
1784562422526,BTC,779f850023aa4954,2,2431.2,1
1784562422526,BTC,562904089b6657da,2,1667.44,1
1784562425746,HYPE,f6bf8265d5a1140e,2,672.8,1
1784562425746,BTC,07156200bbb40d0f,4,193452.95,1
1784562444431,HYPE,2f5ff89b8456dc45,2,73.05,1
1784562519379,FARTCOIN,30667d18ac303812,4,25.19,1
1784562519379,FARTCOIN,49f23344b93c588b,2,53.98,1
1784562519379,FARTCOIN,5c81079df46e3086,2,213.47,1
1784562519379,FARTCOIN,338d7af7577ea929,2,41.71,1
1784562519379,FARTCOIN,56360ef091f4fb8b,2,25.19,1
1784562519379,FARTCOIN,553fd79f7608bc2c,4,115.6,1
1784562519379,FARTCOIN,199584a01e449ec3,6,725.87,1
1784562519379,FARTCOIN,78787ad343f1fd56,2,25.2,1
1784562519379,FARTCOIN,d4ab646dfa44838d,8,2892.36,1
1784562519379,FARTCOIN,adcb53b59a6659f9,2,54.23,1
1784562519379,FARTCOIN,94e7cf8cd9f59568,2,25.24,1
1784562519379,FARTCOIN,fa333d4fe1bd2d7b,2,25.24,1
1784562519379,FARTCOIN,fb8fc8b2bad75f57,2,25.24,1
1784562519379,FARTCOIN,7a3d314471f7e03d,2,25.24,1
1784562519379,FARTCOIN,9c55f372aff98d70,2,67.28,1
1784562519379,FARTCOIN,4d2f14db25f7d661,2,25.24,1
1784562526579,FARTCOIN,7b9af4767ec484a8,2,179.24,1
1784562532732,xyz:TSLA,f836317f1951d1d6,4,2209.86,1
1784562542894,PUMP,866a8de5e21c9cb4,4,733.29,1
1784562542894,PUMP,860551d89abc7c48,2,63.45,1
1784562561990,PUMP,89c311a573c17328,2,287.3,1
1784562561990,PUMP,6f1fdb1e3bfdcfe7,2,70.16,1
1784562561990,PUMP,0dbf62792ded5f4b,2,73.55,1
1784562596851,PUMP,6efbaf0478b64fe0,6,5091.89,1
1784562596851,PUMP,ddd06c1eb59a2e77,10,5327.8,1
1784562596851,PUMP,819ee750e1cca854,2,53.72,1
1784562596851,PUMP,a78679788b1e18a4,2,235.67,1
1784562596851,PUMP,1bf3a3167444a58b,2,393.58,1
1784562596851,PUMP,b1a3874e9f5dc4f0,4,2232.66,1
1784562596851,PUMP,f4cdf8f141b9a24a,2,717.24,1
1784562600002,PUMP,25a27bd80e541a3e,2,56.82,1
1784562600002,PUMP,8d134d000444d4a3,2,105.98,1
1784562600002,PUMP,55bf0d0cb777fec3,2,194.18,1
1784562600002,PUMP,23cadbff2ce951b8,2,25.15,1
1784562600002,PUMP,9ea09244b6fa560c,4,275.18,1
1784562604656,xyz:TSLA,dcb36b00fc1eea56,2,535.75,1
1784562607712,xyz:TSLA,8ce8ef790bfa71bc,2,72.91,1
1784562640712,xyz:TSLA,a0f668c7e21ebd04,4,1092.1,1
1784562640712,xyz:TSLA,baca7d30d261ce4a,2,103.4,1
1784562666636,FARTCOIN,b38669a74723845e,2,31.41,1
1784562734404,HYPE,abf7dc9e546f41ab,2,27.27,1
1784562734404,HYPE,b7c35a0a63f0e055,2,40.9,1
1784562740379,HYPE,4ada7034831783c5,2,206.96,1
1784562756412,HYPE,26a1c349c536bf5b,2,208.75,1
1784562761245,HYPE,6517c8eb6b8767ca,2,29.8,1
1784562765330,BTC,ff532f116cd27ba2,2,4740.19,1
1784562765330,BTC,1abbe930b852317b,18,39667.72,1
1784562765330,BTC,9731fc08a786daa4,2,550.67,1
1784562765330,BTC,07109ea74c4980e8,2,91.56,1
1784562765330,BTC,f2b49aefc11425dc,2,2206.6,1
1784562765330,BTC,26f211c132af3fd3,2,723.32,1
1784562765330,BTC,a11b47e32a6bc55d,2,728.56,1
1784562765330,BTC,9843e87026c0fd2f,12,80978.28,1
1784562765330,BTC,e4019c0b10858026,8,56652.1,1
1784901071129,BTC,e4019c0b10858026,2,1615.45,1
1784562765330,BTC,527375dc9f59c6d9,2,5736.89,1
1784562765330,BTC,c1ddc0aa3cee0aa4,2,283.84,1
1784562765330,BTC,7342d96c6c380ec0,2,4550.53,1
1784562765330,BTC,eb9ef04acd73771b,8,66375.77,1
1784898327217,BTC,eb9ef04acd73771b,2,53836.35,1
1784562765330,BTC,30e40c020e0952e2,2,406.79,1
1784562765330,BTC,a00c737a86d07241,2,1561.75,1
1784562765330,BTC,01505ca0b5daaac3,2,89760.19,1
1784562765330,HYPE,09a218134a647e26,2,1198.41,1
1784562765330,BTC,ce5d45c3ed298986,2,974.46,1
1784562765330,SOL,cc8d01c485a2a968,2,145.99,1
1784562768855,BTC,3420c6b51995e47b,2,406.79,1
1784562768855,BTC,7d2aafca0770e6d7,2,809.65,1
1784562768855,BTC,cd3d0f45faf52c6b,2,841.04,1
1784562768855,BTC,d1d6ed56ad5ad98a,2,10611.8,1
1784562769257,SOL,cc4d499861e9d919,2,74.55,1
1784562769257,BTC,b2f00d9bd5046b01,2,13460.82,1
1784562769783,xyz:CRCL,d18281cc14975574,2,50.83,1
1784562772451,BTC,66d3bf4d030248b3,2,136.12,1
1784562772451,BTC,36c84000c864b8b7,2,24.87,1
1784562772451,BTC,4a6fb7148e1cef26,2,811.47,1
1784562772451,BTC,e5fee516205c4ae1,2,71.99,1
1784562772451,BTC,88d3d1e896a11804,2,808.85,1
1784562772451,BTC,794dffacea48f185,2,2273.42,1
1784562772451,BTC,a2c9f736eb5f2aac,2,226.43,1
1784562772451,BTC,48c9d8214c8eba58,2,69.37,1
1784562772451,BTC,d3977f5ffc411918,2,2414.77,1
1784562772451,BTC,8f4336bffbff04fa,2,438.45,1
1784562772451,BTC,bf50c4c24539945b,2,252.6,1
1784562772451,BTC,b1252787f0e2a7a3,2,46312.6,1
1784562772451,BTC,5b329ae005130a98,2,31.41,1
1784562772451,BTC,78beb55034bbeece,2,154.44,1
1784562772451,BTC,ba2a490dfa9dd0e0,2,375.63,1
1784562772451,BTC,62954cce37c0dac2,2,1125.59,1
1784562772451,BTC,2e662338dab98894,2,2031.29,1
1784562772451,BTC,c8bfc629541013e5,2,20.94,1
1784562772451,BTC,ab3aa92a8bac13ad,2,562.79,1
1784562775292,BTC,97312b04ad82c391,2,493.43,1
1784562775292,BTC,ba9fc7b6cfa624f1,2,5678.97,1
1784562775292,BTC,694ecf6756379dd1,2,301.03,1
1784562775292,BTC,2c8d589a84b363f2,2,543.16,1
1784562775292,BTC,e3c5a8b7d7dd67ac,2,79.84,1
1784562775292,BTC,7172854bc35e54ca,2,48037.62,1
1784562775292,SOL,7172854bc35e54ca,12,18707.16,1
1784562775292,BTC,5b639d042ad98d2b,2,410.97,1
1784562775292,BTC,79da199a04faf1fc,2,36.65,1
1784901144452,BTC,79da199a04faf1fc,2,3551.26,1
1784562775292,BTC,db8b5ba284a04f50,2,82.46,1
1784562775292,BTC,42e26f0adc0dc13d,2,57.59,1
1784562775292,BTC,1c6292c6c2a61d51,2,9246.81,1
1784562775292,BTC,40d6cc0e56863528,2,83.76,1
1784562775292,BTC,ffc85280e658f419,2,2472.36,1
1784562775292,BTC,b34b200e5bd72fb2,2,4426.43,1
1784900441257,BTC,b34b200e5bd72fb2,2,1473.34,1
1784562775292,BTC,32d2c6024e592ec4,2,577.19,1
1784562775292,BTC,1c54f1fefee523ae,2,404.43,1
1784562775292,BTC,36ff0cbad7687f64,6,46447.4,1
1784562775292,BTC,65abe8d00092e714,2,265.69,1
1784562775292,BTC,1c1e1004a3c4b0a5,2,810.16,1
1784562775292,BTC,1e46ebe40c4800a5,6,16068.38,1
1784562778470,BTC,9e68d353c2bdce35,2,3142.76,1
1784562778470,FARTCOIN,d6cb5d38a8bd1943,2,25.15,1
1784562778470,SOL,343d8d4c40d3398e,2,504.87,1
1784562778470,BTC,5c0f6d9eedd07575,2,1619.16,1
1784562778470,BTC,0eaa57dd311b2cab,2,836.41,1
1784562778470,BTC,4af69cae9d10aaa0,2,348.18,1
1784562778470,SOL,05119fdacd5ee27f,2,60.58,1
1784898333286,SOL,05119fdacd5ee27f,2,4218.65,1
1784562778470,BTC,73bc9e5e336208ac,2,948.98,1
1784562778470,XRP,5e71d99f5aa65c65,2,457.48,1
1784562778470,BTC,8ecb2b8824ffbdc0,2,1072.02,1
1784899917353,BTC,8ecb2b8824ffbdc0,2,874.34,1
1784562778470,BTC,8ead63d9061d3037,2,1163.65,1
1784562778470,BTC,bcfea475db098056,2,363.89,1
1784562778470,BTC,6068beb9441324e2,2,106.02,1
1784562778470,BTC,b1a3874e9f5dc4f0,2,8734.56,1
1784900073784,BTC,b1a3874e9f5dc4f0,2,11861.86,1
1784562778470,BTC,c413ff1e44a18328,2,81.15,1
1784562781373,BTC,fa84c9873e9ed7f1,2,1176.97,1
1784562781373,BTC,1a4cf8d9c9aaf583,2,785.52,1
1784562781373,BTC,d46c6a24df06ccd9,2,535.46,1
1784562781373,BTC,004d5d3dcb9406ed,2,24.87,1
1784562781373,BTC,eade71a37bcfa69a,2,149.25,1
1784898573699,BTC,eade71a37bcfa69a,2,396.27,1
1784562781373,BTC,c5141a0e4f510872,2,343.01,1
1784562781373,BTC,d4a467066793dfe4,2,12200.43,1
1784562781373,HYPE,cccd17cb94c2e1f6,2,114.41,1
1784562781710,xyz:MSTR,28805935c59020e5,2,126.46,1
1784562784300,BTC,81a44777f329800a,2,775.14,1
1784562784300,BTC,3bc1b6044f6fedd8,2,815.73,1
1784562784300,BTC,d7c091165b6c3eb4,2,796.09,1
1784562784300,BTC,c915e31ec6cbef2f,2,1247.82,1
1784562784300,BTC,1edd02497d4831ed,4,8090.54,1
1784562784300,BTC,471926e7038bff28,2,341.75,1
1784562784300,BTC,03f307498009dc3c,2,1128.69,1
1784562784300,BTC,13ea355960aa4502,2,8975.8,1
1784562784300,BTC,962bb396d3f093cb,2,857.64,1
1784562784300,XMR,962bb396d3f093cb,2,45.59,1
1784562784300,FARTCOIN,2224a5040d911996,2,259.37,1
1784562784300,BTC,47b592f32b74622c,2,879.9,1
1784562784300,BTC,9034c3fa0e5ec382,4,34828.2,1
1784562784300,BTC,6b2e466f7f59891e,4,36022.35,1
1784562784300,BTC,5bdabe64a3da5958,4,6666.15,1
1784562784300,BTC,245653158950a18c,2,1013.48,1
1784562784300,BTC,e06c62c6100c4161,2,7642.97,1
1784900239703,BTC,e06c62c6100c4161,2,417.62,1
1784562784300,ETH,4f817679e71574a7,2,24.35,1
1784562784300,BTC,589a6dede56b8231,2,130.94,1
1784562784300,BTC,009b586731d790c7,2,68.09,1
1784562784300,BTC,22c8fef036eb6c31,2,3452.89,1
1784562784300,BTC,65c362f5e5b617ad,4,225.22,1
1784898349141,BTC,65c362f5e5b617ad,2,653.86,1
1784562784300,BTC,423b27c2e27cb07a,18,390167.11,1
1784562805861,BTC,423b27c2e27cb07a,72,1560612.58,1
1784562784300,BTC,42b4af3ebae01abf,2,586.63,1
1784562784300,BTC,2627096abb18d35c,2,24.88,1
1784562784300,BTC,2935bf89a1dae3c4,2,6.55,1
1784562784300,BTC,9cce50b6d73c5467,2,3341.69,1
1784562784300,BTC,fee4d1f6ee22161c,2,1452.17,1
1784562784300,ETH,6fed75994df0764c,2,1264.45,1
1784562802432,SOL,a34326604bdb2249,2,865.99,1
1784562802432,SOL,32cb9b8192f1b177,2,1391.49,1
1784562802432,SOL,59d0a1997adda960,2,6023.06,1
1784562802432,SOL,2efa4d009956f8c2,2,911.08,1
1784562805861,SOL,70fe231d23b627ea,4,157.09,1
1784562805861,SOL,0f345e772e1aaa6f,2,345.28,1
1784562805861,SOL,46be403ae2eb0051,2,242.63,1
1784562805861,SUI,2dd7561952a08380,4,73.3,1
1784562808487,SOL,635aced8b9257751,4,6009.14,1
1784562808487,XRP,6a5d8e4d8cad04b3,12,16401.5,1
1784562808487,HYPE,4d3e20f338a0a0e5,18,62185.0,1
1784562811496,ETH,0cd6056f68264087,2,643.49,1
1784562811496,BTC,b8b55f78fa7475d2,2,1981.3,1
1784901030817,BTC,b8b55f78fa7475d2,2,627.69,1
1784562811496,ETH,66e0ec30b860e10d,2,164.01,1
1784901312312,ETH,66e0ec30b860e10d,2,68.75,1
1784562811496,BTC,665362876476a7eb,2,797.5,1
1784562811496,ETH,e9f14387b51b7e85,2,1151.51,1
1784562811496,BTC,c924f6b3238a5536,2,349.64,1
1784562811496,BTC,dd32691ddbe852dd,2,46002.13,1
1784562811496,BTC,585dbb4a976bcaa6,4,4304.39,1
1784562811496,ETH,b4eb6a8fe3f0cc97,2,4364.79,1
1784562811496,BTC,e6a5d950e1b88302,2,1169.4,1
1784562811496,BTC,6d08c1c0f21ad44e,2,1183.81,1
1784562811496,BTC,6a92f177a6c81f01,2,20.95,1
1784562811496,BTC,fceab079a5f454f5,2,255.36,1
1784562811496,FARTCOIN,c4af5927df7ffea7,2,25.17,1
1784562811496,BTC,3c18a7d671ead42b,2,4339.75,1
1784562811496,ETH,9d39d76384ee02b1,2,270.18,1
1784562811496,BTC,02ca0df6a407fb81,6,20008.16,1
1784898330068,BTC,02ca0df6a407fb81,2,8093.12,1
1784562811496,BTC,13baa4d20ec64116,2,24.88,1
1784562811496,BTC,f0b482899a6085cc,2,40.6,1
1784562811496,BTC,f3d5ac32a2febb80,2,15242.81,1
1784562811496,BTC,6e9729127932af3e,2,112.62,1
1784562814545,BTC,27acbcb449c9b882,2,1028.05,1
1784562814545,BTC,5f1911c23e726da0,2,804.11,1
1784562814545,BTC,df2bf2bb9f77c6d1,2,12954.76,1
1784562814545,ETH,1128702d321c53c0,2,514.35,1
1784562814545,ETH,04be6cb46de63cc0,2,202.54,1
1784562814545,BTC,c9fc97ea2273c011,2,85688.44,1
1784562814545,SOL,73bc9e5e336208ac,2,241.15,1
1784562814545,BTC,4db4c963116a665a,2,1380.34,1
1784562814545,BTC,9e5a3c390bdc0836,2,113.94,1
1784562814545,ETH,908ec450aa9c4b8d,114,489437.01,2
1784562814545,BTC,72bc2abdd2d2314b,2,31336.59,1
1784562818170,SOL,4f1056f0ccd6db54,4,1098.52,1
1784562818170,SOL,c07bede8d8163056,2,219.39,1
1784562818170,SOL,65710b6938f99178,2,63.8,1
1784562818170,SOL,82e73c4bd0d3c9e0,2,894.69,1
1784562818170,SOL,b07e73359ec96234,2,290.97,1
1784562818170,SOL,f241dbfd175763b1,2,455.9,1
1784562818170,SOL,993596df0bbc706e,2,1051.84,1
1784562818170,SOL,b0fbba7081ec63aa,2,24.9,1
1784562823598,HYPE,a17220122abc7382,2,63.54,1
1784562848105,BTC,49621b90c1b7b402,2,189.88,1
1784562848105,BTC,990cd79ad99ad85e,2,388.92,1
1784562848105,BTC,2eee7198d284501a,2,1718.06,1
1784562848105,BTC,e65669b2bdf62733,2,26.19,1
1784562848105,BTC,05c5596e546a4022,2,65379.41,1
1784562848105,BTC,7f5903683b63e769,2,107.38,1
1784562848105,BTC,5bf026630b3bcdaf,2,127.02,1
1784562848105,BTC,79b704ddb82e1078,2,39.28,1
1784562848105,BTC,d9866977ad666672,2,2427.81,1
1784898394053,BTC,d9866977ad666672,2,1976.5,1
1784562852966,FARTCOIN,c3d7e7accb05e7f4,2,690.73,1
1784562858582,BTC,92dcf7ba7cf61269,2,2429.23,1
1784900196306,BTC,92dcf7ba7cf61269,4,2370.97,1
1784562858582,BTC,031b2de7c2e0a971,2,422.99,1
1784562859649,xyz:MSTR,23059da3adb1c61d,6,10487.33,1
1784562861530,BTC,03a74c92524a6cf2,2,4746.79,1
1784562861530,BTC,1f30917e1c20d5c4,2,1956.87,1
1784562861530,BTC,d5a05b5ae11a0248,2,158.49,1
1784562861530,BTC,abae9611eb0cd060,2,1025.59,1
1784562861530,BTC,ad5ac9e68298004d,2,6800.59,1
1784562861530,BTC,2c6fa52c1b779b6f,2,77.28,1
1784562861530,BTC,e64f4cd336bd9054,2,48050.75,1
1784562861530,BTC,4e8de5308a0c2856,2,4369.56,1
1784562861530,BTC,26e0a2448a81e33c,2,44.53,1
1784562861530,BTC,3d923ed674048ec6,2,2859.34,1
1784562864931,BTC,cfad3f569cae0ae1,2,456.58,1
1784562864931,PUMP,a3eadbfd12e5b975,2,211.19,1
1784562864931,BTC,23ef5c8d8ccf5d89,2,149.57,1
1784562864931,BTC,1fe64227e3e1811d,2,825.25,1
1784562864931,SOL,b47138402323a4fc,2,982.98,1
1784562864931,BTC,c31b7a802ce1250c,2,57.73,1
1784562864931,BTC,dfa5a4f4046bbc02,2,207.3,1
1784562864931,BTC,7ab5b7361b8de9b8,2,179.74,1
1784562864931,BTC,98b549b5a2a8f022,2,2841.79,1
1784562864931,SOL,18f43cfc1cd86b21,2,200.96,1
1784562864931,BTC,ae7b85d771e1ae16,2,44461.06,1
1784562864931,BTC,9d930520c3f26deb,2,1.31,1
1784562864931,BTC,c2eb00a7ca590cb7,2,2764.38,1
1784562864931,SOL,910c96ee95ea9a2f,2,1712.04,1
1784562864931,BTC,6d7c90b6154ea7a7,2,1272.64,1
1784562864931,BTC,4ba4f2a53687aa57,2,2776.19,1
1784562864931,BTC,ca161e0dce9777cf,2,3535.84,1
1784562864931,BTC,5111166068ac8017,2,52.48,1
1784562864931,BTC,a30a111d40cfffea,2,474.94,1
1784562864931,BTC,9dda51aa69b2418e,2,3136.99,1
1784562864931,BTC,9e29b31f29a34be9,2,184.99,1
1784562864931,BTC,5c69a1d817511b1a,2,718.98,1
1784562864931,BTC,7befc34b6dcfd810,2,346.37,1
1784562864931,BTC,6d0a5cccc5ae49ce,2,328.0,1
1784899911449,BTC,6d0a5cccc5ae49ce,2,421.83,1
1784562864931,BTC,b61e3294adef7e34,2,149.57,1
1784562864931,BTC,14df8f8df41ca897,2,167.94,1
1784901110881,BTC,14df8f8df41ca897,2,945.06,1
1784562864931,BTC,a3f6150e7d33a9c8,2,3210.46,1
1784562864931,BTC,a919981b9534e57a,2,329.31,1
1784562864931,BTC,0ca4df99041f7afb,2,51250.66,1
1784901230150,BTC,0ca4df99041f7afb,2,15056.48,1
1784562864931,BTC,d6be2c5c85b28d0c,2,493.31,1
1784562864931,BTC,4abf22ba75aed0e2,2,56.42,1
1784562864931,SOL,9ac6bd73a7115344,2,313.12,1
1784562864931,PUMP,f6909ec98673aba7,2,60.82,1
1784562864931,BTC,83010776e3fbce60,2,1532.42,1
1784562864931,BTC,06f1d06eab111096,2,183.68,1
1784562864931,BTC,f8f57e681aaf0bd6,2,175.81,1
1784562864931,BTC,37bba2a06d3eacef,2,4374.21,1
1784562864931,BTC,d1baa328270eddc1,2,6752.86,1
1784562864931,BTC,9d5b207a43a92c31,2,394.91,1
1784898105789,BTC,9d5b207a43a92c31,2,76.32,1
1784562864931,BTC,3a43cbb656e11398,2,50682.56,1
1784562864931,ETH,3a43cbb656e11398,8,196299.08,1
1784562864931,SOL,3a43cbb656e11398,22,71439.46,1
1784562864931,BNB,3a43cbb656e11398,4,30156.69,1
1784562864931,BTC,84448a5151d9d3c1,2,1342.18,1
1784562864931,BTC,99b6bf3bba5f1d86,2,156251.33,1
1784562864931,BTC,508c2125620f9a69,2,70.85,1
1784562864931,BTC,c661995b2acb25a5,2,810.82,1
1784562864931,BTC,ef606f1e21c6fab6,2,102.34,1
1784562864931,BTC,4034fa63b4b448c5,2,3028.1,1
1784562864931,BTC,3cfb7ce970832c05,2,77.41,1
1784562864931,BTC,1e3447a07a3c7545,2,63815.68,1
1784562864931,PUMP,4ce53ab9b6157f31,2,157.8,1
1784562864931,PUMP,eca71139f8d8e735,2,25.18,1
1784562864931,BTC,ec342a1459c684ea,2,43.3,1
1784562864931,BTC,cf6f11388505ed43,2,851.49,1
1784562864931,BTC,2276509092860283,2,6636.1,1
1784562864931,BTC,7e547f37dec820e7,2,49686.75,1
1784901351453,BTC,7e547f37dec820e7,2,15042.06,1
1784562864931,BTC,107fb2e6cac2d698,2,12066.46,1
1784562864931,BTC,4804465164342891,2,2120.19,1
1784562864931,BTC,586b1bbc2926a036,2,528.74,1
1784562864931,BTC,140fc15600566536,2,62.98,1
1784562864931,BTC,8e3392bab6aeae22,2,457.89,1
1784562864931,BTC,80a2eff6ed11d079,2,490.69,1
1784562864931,BTC,9a7d01243fee862e,2,241.41,1
1784562864931,BTC,2e076b0a956723f4,2,389.66,1
1784562864931,SOL,fac0faf03072d722,2,352.1,1
1784562864931,BTC,808355936e95600e,2,393.6,1
1784898327217,BTC,808355936e95600e,2,1031.02,1
1784562864931,BTC,139bcda3e3e86790,2,3475.49,1
1784898327217,BTC,139bcda3e3e86790,2,527.14,1
1784562864931,BTC,69b8e3f94b761410,2,80.03,1
1784562864931,BTC,e20cd8a6adf5c269,2,19533.06,1
1784562864931,BTC,bd3120e83b45a0f7,2,115.46,1
1784562864931,XRP,7d754a8caa441ba1,2,5331.75,1
1784562864931,BTC,8993d5ac74b84339,2,3432.19,1
1784899861984,BTC,8993d5ac74b84339,2,7049.3,1
1784562864931,BTC,82fc0e007f19a119,2,24.93,1
1784562864931,BTC,ea13f9d38c61f94f,2,5217.82,1
1784562864931,ETH,8c423698042ecef2,6,85921.96,1
1784562864931,BTC,cfb4e207cb975238,2,945.95,1
1784562864931,SOL,eb32329009ad0bb4,2,1811.93,1
1784562864931,BTC,7f17b1a58aa9a9b0,2,8757.6,1
1784562864931,BTC,5c9c3c343ac643bf,2,919.71,1
1784562864931,SOL,2b3da1979af48efc,2,444.02,1
1784562864931,SOL,a721822c98fed31a,2,163.59,1
1784562864931,BTC,11ecb11e0b3615a5,2,5158.78,1
1784562864931,BTC,513019482f4d6cbc,2,409.34,1
1784562864931,BTC,c37ae0e4a6e49dec,2,947.26,1
1784562864931,BTC,99e5286982896c06,2,104646.43,1
1784562864931,SOL,79f38587819b5e2f,2,22174.73,1
1784562864931,BTC,6ad8c9766e62c0fe,2,4051.46,1
1784562864931,XRP,8e345cbd12a377eb,4,50959.94,1
1784562864931,BTC,9090acaa9b11cc4c,2,143683.68,1
1784562864931,BTC,abac8a64123cc67e,2,203.36,1
1784562864931,ETH,779028707ff6d694,2,66.27,1
1784562864931,BTC,f095ee9fe234b759,2,451.33,1
1784562864931,BTC,60251f2d3e09aee1,2,359.49,1
1784562864931,BTC,ee9f35420eafea60,2,114.14,1
1784562864931,PUMP,b3de1095eeb10514,2,264.63,1
1784562864931,BTC,3cf89c66cc6a7767,2,5747.87,1
1784562864931,BTC,0841ac4898fbd0a7,2,122.02,1
1784562864931,BTC,1903654be0044852,2,337.18,1
1784899977728,BTC,1903654be0044852,2,1026.04,1
1784562864931,SOL,70d57deb3c6a9606,2,328.73,1
1784562864931,BTC,5cd61afd460b73b2,2,104.96,1
1784901030817,BTC,5cd61afd460b73b2,2,1972.83,1
1784562864931,BTC,2d4ad3363355914e,2,24.93,1
1784562864931,SOL,ffb9346aa785b1d4,2,819.5,1
1784562864931,BTC,129f2d6ec3bc5a72,2,804.26,1
1784562864931,BTC,2126a49722f404c0,2,8815.33,1
1784562864931,BTC,f49878724d2af4ac,2,139.07,1
1784562864931,BTC,ff8cf85816e8edb7,2,137513.34,1
1784562864931,BTC,2b73f79a1dc6d759,2,5209.95,1
1784562864931,SOL,47dd20a607f251d7,2,327.18,1
1784562864931,BTC,7e24f4e2f1bb57b3,2,14569.76,1
1784562865659,xyz:MSTR,655a584410d04bee,4,2095.9,1
1784562865659,xyz:MSTR,7d4fc84b28a5bba1,2,9761.69,1
1784562865659,xyz:MSTR,c5f969bb0586093d,2,102.6,1
1784562865659,xyz:MSTR,db94dec9e8691b41,2,661.79,1
1784562868466,BTC,88bfd2e79cc422d0,2,666.08,1
1784562868466,BTC,70f3aa96e9d3eeed,2,3449.71,1
1784562868466,BTC,ddf089edbae6943b,2,22490.67,1
1784562868466,BTC,5b5fd25dcf4d9704,2,371.06,1
1784562868466,BTC,72d8755455069476,12,344818.04,1
1784562919400,BTC,72d8755455069476,18,1379833.96,2
1784562868466,BTC,b465b37ca37890ba,2,1157.81,1
1784562868466,BTC,f2f8d17aeceb5b19,2,436.64,1
1784562868466,BTC,8ffd0ff440d2192a,2,1235.17,1
1784900081679,BTC,8ffd0ff440d2192a,2,2837.14,1
1784562868466,BTC,b9031aad5e0fa9bb,4,3931.06,1
1784562868466,BTC,ecfa833c3bda8273,2,1939.32,1
1784898327217,BTC,ecfa833c3bda8273,2,223.52,1
1784562868466,BTC,5344984524a14839,2,23094.87,1
1784562868466,BTC,ac1400d260af7522,2,793.3,1
1784562868466,BTC,a02180b0f2fdf6e6,2,228.16,1
1784562868466,BTC,ec02a368b7deb6c4,2,2768.03,1
1784562868466,BTC,12fcf0d1943da6fa,2,1733.46,1
1784562868466,BTC,dfb7edf64022ff79,2,948.03,1
1784562868466,BTC,8c40591f47db0fa8,2,129.81,1
1784562868466,BTC,63586a76100dd647,2,1513.17,1
1784562868466,BTC,eabd16d5e7bb53e8,2,448.44,1
1784901144452,BTC,eabd16d5e7bb53e8,2,1593.61,1
1784562868466,BTC,eb9d711eeea3b0a2,2,6764.69,1
1784562868466,BTC,1144d95126ba1ed6,2,145.55,1
1784562868466,BTC,24197db0a4f4fe16,2,1555.13,1
1784562868466,BTC,f07dd42f46c6abe5,2,132.44,1
1784562919400,BTC,ae0e1f206a1f0510,2,476.26,1
1784562919400,BTC,96bec76303f339c9,2,780.64,1
1784562919400,BTC,eeb05466491a908f,2,44.61,1
1784562919400,BTC,44370de40dbf48d6,2,4632.67,1
1784562919400,BTC,64e5bd8263e7bc61,2,421.15,1
1784562922563,BTC,d486a401770b6d3f,2,24.92,1
1784562922563,BTC,966b6be757a794ac,2,139.02,1
1784562922563,BTC,0f0892180af9bd2f,2,1434.82,1
1784562922563,BTC,d1d6d1454396c591,2,8660.89,1
1784562922563,BTC,6bb715c5d02a6de1,2,121.98,1
1784562922563,BTC,b988311b9e9a6dbb,2,1871.74,1
1784562922563,BTC,a420b1cf37bf7c87,2,8949.46,1
1784562922563,BTC,a568d202b907b45f,2,51.15,1
1784562922563,BTC,711cdbb882f66cd7,2,87.88,1
1784563069912,XRP,37d5cba50adee7a0,2,5916.18,1
1784563125391,CASHCAT,88acf6358ee5cb5d,2,22.56,1
1784563125391,CASHCAT,424003c1e7155b93,2,199.58,1
1784563125391,CASHCAT,fbbf17550d61b4a4,2,235.74,1
1784563134296,CASHCAT,2de1ceae3067d3ef,8,1499.52,1
1784563134296,CASHCAT,d3ec4011c5575135,8,4291.11,1
1784563134296,CASHCAT,09966b1ae23f5f38,2,91.05,1
1784563134296,CASHCAT,4aa99de47f39b2aa,2,103.86,1
1784563134296,CASHCAT,54fa7e171b03b76d,2,112.69,1
1784563140240,CASHCAT,9564025b41d75a33,2,35.09,1
1784563140240,CASHCAT,cd55d0ac397d15ce,2,9.34,1
1784563143401,CASHCAT,82e73c4bd0d3c9e0,2,347.49,1
1784563143401,CASHCAT,d9d176190e11d7e3,2,136.51,1
1784563143401,CASHCAT,9beb8de3232d548c,2,31.45,1
1784563143401,CASHCAT,001bea201b961d22,2,33.18,1
1784563143401,CASHCAT,6c9cbff5958cb31f,2,615.49,1
1784563172893,CASHCAT,8835c40725293e6c,2,90.76,1
1784563175846,CASHCAT,89e0d7959a2d8e61,2,90.08,1
1784563189627,CASHCAT,7879150e1522d1dc,2,644.71,1
1784563189627,CASHCAT,0247ad12a910805a,2,27.51,1
1784898067453,BTC,033fde2b8474464e,2,20.71,1
1784898067453,BTC,cbd44fdec6aeb957,2,7995.69,1
1784898067453,BTC,eb0595f4313f727b,2,67.3,1
1784898081037,BTC,2df3e019a7d77f53,2,192.9,1
1784898081037,XRP,2df3e019a7d77f53,2,718.81,1
1784898092756,ONDO,46ea60f6ef59b202,2,36.68,1
1784898095781,ONDO,761554a31fc830a4,26,41704.35,1
1784898099926,BTC,00877c7c0b2754a5,2,2989.23,1
1784901315301,BTC,00877c7c0b2754a5,2,3156.42,1
1784898099926,ONDO,3daa65b4fa017628,8,1578.32,1
1784898102941,ADA,bad01df16b3a4e29,2,440.73,1
1784898102941,FARTCOIN,b383d292d420d038,8,2288.26,1
1784898105789,BTC,ca6451098e4b77b4,2,59.5,1
1784898105789,BTC,52f1005c6b208951,2,23.28,1
1784898105789,BTC,d0983fcfe564168a,2,23.28,1
1784898105789,BTC,95f0959461dec90b,2,300.09,1
1784898105789,BTC,ab3ec1eb25d45b69,2,160.39,1
1784898105789,ENA,dee957f4d79c210c,2,62.34,1
1784898105789,BTC,c96b8d405ae028c9,2,71432.43,1
1784898351933,BTC,c96b8d405ae028c9,2,57006.34,1
1784899868144,BTC,c96b8d405ae028c9,6,45455.92,1
1784901141578,BTC,c96b8d405ae028c9,18,181096.71,1
1784898105789,BTC,62f26f153c93f256,2,9007.79,1
1784898105789,BTC,dbbd1bad63f0bb04,2,4868.66,1
1784898122040,FARTCOIN,3fa178f68db171eb,2,133.54,1
1784898140952,BTC,46354a07ff4247cd,2,100.91,1
1784898140952,BTC,cbc38006b1219745,2,23.29,1
1784898140952,BTC,aba893cebf4ec03b,2,1339.06,1
1784898143946,FARTCOIN,773e5e6735ae5ba3,2,27.97,1
1784898143946,FARTCOIN,47eaedf4e958b42d,4,1157.98,1
1784898149997,BTC,8e358029df96dda4,2,152.66,1
1784898153072,BTC,47ee943d1436e0a3,2,474.8,1
1784898153072,BTC,e30d4e4b48ed96f3,2,156.54,1
1784898168750,BTC,3e9cb1703f101673,2,119.0,1
1784898168750,BTC,8abbff4c0c4cd0a1,2,869.23,1
1784898187717,BTC,22b531cb19be2d23,18,63728.85,1
1784898187717,ONDO,76c31b8cd97e177f,2,175.15,1
1784898187717,BTC,b0059a2801093664,2,219.89,1
1784898187717,ETH,5055881b6bb6cfd5,2,157.91,1
1784898187717,BTC,8a090199e023bffd,2,682.95,1
1784898187717,BTC,209c2995157e475d,2,651.9,1
1784898187717,BTC,894c56470aa7027a,2,826.52,1
1784898187717,BTC,e95bf500db77487c,2,4012.31,1
1784898187717,BTC,565fe5acdda05f96,2,157.8,1
1784898199477,SOL,e03d39f82c0abdb0,2,127.11,1
1784898199477,BTC,854aa491b3da6eed,2,2678.71,1
1784898199477,BTC,dfa615e8ae4b0744,6,7906.8,1
1784898199477,BTC,1089f7f8ba8c8e2c,2,331.12,1
1784898199477,BTC,36c64091e46eff70,8,77606.4,1
1784898394053,BTC,36c64091e46eff70,2,61887.36,1
1784899977728,BTC,36c64091e46eff70,2,49373.18,1
1784898199477,BTC,ad6527338ee100ee,2,155.21,1
1784898199477,BTC,1853875d2d731f6c,2,14734.87,1
1784898199477,BTC,9c519838398e54fa,2,72.43,1
1784898199477,BTC,f2815d0420827bc2,2,63.38,1
1784898199477,BTC,deac1cfea907209e,2,10145.74,1
1784898199477,ETH,deac1cfea907209e,4,28790.82,1
1784898199477,SOL,deac1cfea907209e,24,114537.56,1
1784898199477,BTC,93ccbdf5d1b988ab,2,808.4,1
1784898199477,BTC,4cc9911133e614d3,2,2285.51,1
1784898199477,BTC,6cb178e682e71ab0,18,235668.54,1
1784898199477,SOL,6cb178e682e71ab0,24,80082.59,1
1784898216199,BTC,ed01ac6eb7864cd4,2,1092.92,1
1784898229791,ONDO,5f338752a1cd65e3,2,574.04,1
1784898229791,ONDO,c6143574f6f45dd8,2,30.9,1
1784898235559,ONDO,6988e7fc30921a2f,8,316.42,1
1784898235559,ONDO,fa3df0b81110ec91,2,178.26,1
1784898238574,SUI,c1c5bec528ed82ff,2,22.78,1
1784898238574,ONDO,1a8d58b2e5ab9327,2,69.33,1
1784898241615,ONDO,cf4647707b21005b,16,37813.2,1
1784898244636,SUI,5824a45b5802de8f,2,94.9,1
1784898244636,SOL,645c17738b9d6cd7,2,719.24,1
1784898244636,SUI,4210e33049ccaca5,4,773.85,1
1784898244636,SOL,b153692d89f9abf9,2,1375.68,1
1784898244636,SOL,b576e5f4cb9713df,2,74.77,1
1784898253691,SOL,94d482440626f0b9,2,56.8,1
1784898253691,SOL,5111d34189968903,2,430.47,1
1784898253691,SOL,3cdb70b1ec32a8ec,2,112.1,1
1784898253691,SOL,8fb0a1751bf8472a,2,587.41,1
1784898253691,SOL,1b989c08f8571912,2,46.34,1
1784898253691,SOL,4ebef32be170e6f4,2,1466.28,1
1784898253691,SOL,f8270e3398218ce9,2,5750.03,1
1784898253691,SOL,3ec4dcf1a8fc9dfe,2,161.43,1
1784898253691,SOL,af57f7a925cfaa10,2,1965.5,1
1784898259586,BTC,5409210a0b373f73,2,164.26,1
1784898259586,SOL,ba797bf67f72d976,10,3177.19,1
1784898259586,SOL,d4fa67718013dc7c,2,40.35,1
1784898259586,SOL,2c6a168f0ed4c30e,8,3579.13,1
1784898259586,SOL,d4063ce7244c892b,6,2266.95,1
1784898262533,XRP,90e3fd87b7b7b21d,2,72.47,1
1784898265549,ONDO,f66f49f5c05581be,8,9135.57,1
1784898274750,ONDO,ac010b0bffbc1d14,2,133.79,1
1784898274750,ONDO,4df27551298df801,2,1893.75,1
1784898284328,ONDO,271e5cba1739c9dd,2,196.06,1
1784898296362,ONDO,0e8006b15c2bffe7,2,949.35,1
1784898302414,ONDO,ea6c031540219f41,2,2877.98,1
1784898305375,ONDO,c60dde585c8c1d05,2,23.01,1
1784898305375,ONDO,eecd69b02d3c2199,4,9373.89,1
1784898314396,ONDO,55c6308746143112,4,1034.68,1
1784898320848,BTC,2993c15e693728b3,2,27823.62,1
1784898320848,BTC,a9529a507f1af802,2,210.82,1
1784898320848,BTC,573d7fe0e620a1ea,2,19310.46,1
1784898320848,BTC,92277115107c2336,2,168.14,1
1784898324195,BTC,a2207b84c4e30204,2,1874.85,1
1784898324195,BTC,282b7b8ce704f214,2,43129.31,1
1784898430379,BTC,282b7b8ce704f214,50,172011.73,1
1784898324195,BTC,a6d8ce87d8e9a4c9,2,936.13,1
1784898324195,ONDO,6b6f24536545e443,28,33980.89,1
1784898324195,BTC,e430f64aa4a4f401,2,29.74,1
1784898324195,BTC,dfe03601ee00257a,2,2984.24,1
1784898324195,BTC,95c410c4ada2fe4e,6,8338.56,1
1784898324195,BTC,246d414fc362e5a6,8,2593.76,1
1784898327217,BTC,fa4a82e9e74551f3,2,148.58,1
1784898327217,BTC,1646723533dac585,2,23.26,1
1784898327217,BTC,d50ff3a409958481,2,658.92,1
1784898327217,BTC,e1c0f93148ffe011,2,90.44,1
1784898327217,BTC,248e0bd280772bc2,2,509.05,1
1784898327217,FARTCOIN,654e69306466ccb2,2,0.15,1
1784898327217,BTC,2155b04bf3fca560,2,47.8,1
1784898327217,BTC,6d6fa037acce3c79,2,36.18,1
1784898327217,BTC,b8e93c153a37169d,2,233.85,1
1784898327217,BTC,04f24f5049d40585,2,394.06,1
1784898327217,BTC,2b1ef3b8ca900c7d,2,107.24,1
1784898327217,BTC,71f8ed3954f9cacf,2,3140.85,1
1784898327217,BTC,770eeecb76c43497,2,954.79,1
1784898327217,BTC,bb4a483dbc2d5f8b,2,24.55,1
1784898327217,FARTCOIN,4e4c8112c4c527cf,2,161.86,1
1784898327217,BTC,5a8b9c18e1e07b3b,2,686.05,1
1784898327217,BTC,1d5648cfd9b5e85f,2,9935.48,1
1784898327217,BTC,2ac8960cc1265b0a,2,807.5,1
1784898327217,BTC,45ee52a11cb77e5f,2,779.08,1
1784898327217,BTC,5694baf935df44c8,2,3487.11,1
1784898327217,ETH,5d2b7a0755ac324e,2,2385.59,1
1784898327217,SOL,5d2b7a0755ac324e,2,2163.88,1
1784898327217,BTC,7e5d3cc7a1498aea,2,545.22,1
1784898327217,BTC,a43256b6be9abb61,2,972.88,1
1784898327217,BTC,30667d18ac303812,2,23.26,1
1784898327217,BTC,2c07698a238a1b04,2,416.02,1
1784898327217,BTC,9bef39c056248a3d,2,96.9,1
1784898327217,BTC,19971c903d0f7c34,2,6757.16,1
1784898327217,SOL,87201e0708ac44bc,2,53.76,1
1784898327217,BTC,294231332d3d57a1,2,117.57,1
1784898327217,BTC,e12bb81d1278c6ff,4,968508.0,2
1784898327217,BTC,a7ae8074c5f225b9,2,1773.92,1
1784898327217,BTC,c4e3d0664b5c75a9,2,321.71,1
1784898327217,BTC,313de3f21a438638,2,23.26,1
1784898327217,BTC,3dc235dca022ed17,2,77906.31,1
1784898327217,BTC,e76a81024295e236,2,16912.28,1
1784898327217,BTC,c61ec2f2281f8161,2,23.26,1
1784898327217,BTC,d5899c1cc9f0ca69,2,404.4,1
1784898327217,BTC,89fba33157f6c5b0,2,29703.08,1
1784898327217,BTC,7cbdd0a8f295d0c7,2,79514.85,1
1784898433986,BTC,7cbdd0a8f295d0c7,2,63460.96,1
1784900193507,BTC,7cbdd0a8f295d0c7,8,50626.43,1
1784901144452,BTC,7cbdd0a8f295d0c7,2,40369.37,1
1784898327217,FARTCOIN,e71d7f64802327bc,26,49747.47,1
1784898336103,FARTCOIN,e71d7f64802327bc,50,198918.01,1
1784898327217,BTC,f38f82e5a7bd2a49,2,855.3,1
1784898327217,BTC,a9e594bcb7eebd73,2,1514.22,1
1784898327217,BTC,c2e6f859616f3677,2,1335.93,1
1784898327217,BTC,a89c6c0c31ed2ad4,2,335.92,1
1784898327217,BTC,44df9092f589f9e1,2,3565.92,1
1784898327217,FARTCOIN,f33a283b7d6b2391,2,0.05,1
1784898327217,BTC,448aaee2d292cc44,2,90.44,1
1784898327217,SOL,e18543b5c2edbebb,2,3485.5,1
1784898327217,DOT,9d4d5349b72064c1,2,129.36,1
1784898327217,BTC,7d65bc991e07aa08,2,390.18,1
1784898327217,BTC,166c955a9727483e,2,179.59,1
1784898327217,BTC,54399a7314971fd1,2,1829.47,1
1784898327217,FARTCOIN,0c69f913f9e91a80,2,31.25,1
1784898327217,BTC,b5bf9a84f44c74c6,2,162.79,1
1784898327217,BTC,2a92425b1ae91890,2,452.2,1
1784898327217,BTC,3385bdadcc3b33de,2,72.35,1
1784898327217,BTC,81d24c84bdeb9909,2,93.02,1
1784898327217,BTC,15b5a7ba21d4c25e,2,4626.65,1
1784898327217,BTC,e6628bbef5bb7b14,2,3488.4,1
1784898327217,BTC,3129d8fa48225269,2,23.26,1
1784898327217,BTC,d0257174b0179a8d,2,3989.7,1
1784898327217,BTC,f0faced2c49281f6,2,23.26,1
1784898327217,BTC,6a2ac310a172eb01,2,382.43,1
1784898327217,ETH,26c6d5d200916b9b,2,478.84,1
1784898327217,ARB,8e1a2d0c60bb14c1,2,686.8,1
1784898327217,BTC,1560bddaaa8eb6e1,2,54.26,1
1784898327217,BTC,8e1eb7312d459e36,2,299.74,1
1784898327217,BTC,14eead4f25171910,2,856.6,1
1784898327217,BTC,da419563e216ea61,2,1009.05,1
1784898327217,BTC,6034f8970ecb67b9,2,2555.58,1
1784898327217,BTC,696f85f5cd7ec86c,2,342.38,1
1784898327217,BTC,2ee485fa1f4ed803,2,658.92,1
1784898327217,BTC,092f8c67f50bec40,2,1133.08,1
1784898327217,BTC,00db4094e5ad75a1,2,1793.3,1
1784898327217,BTC,414fb49240a8296e,2,3903.13,1
1784898327217,BTC,34c401abe356263c,2,5284.28,1
1784898327217,BTC,f7081ec6ec0b941e,2,22743.08,1
1784898327217,BTC,e8f1d9d9ca824a0d,2,967.71,1
1784898327217,BTC,065063e163873b0a,2,65.89,1
1784898327217,BTC,22987bc600ab912a,2,335.92,1
1784898327217,BTC,2e75aa63733f4e33,2,11474.25,1
1784898327217,FARTCOIN,a8fb9c7adc39b333,2,283.83,1
1784898327217,BTC,6a795fb82962aef7,2,58.14,1
1784898327217,BTC,01860d0ba7b49fca,2,23.26,1
1784898327217,BTC,ab56a07044e889cd,2,603.36,1
1784898327217,FARTCOIN,0db25613ac555553,2,213.9,1
1784898327217,BTC,47301f1010b6cd9e,2,766.16,1
1784898327217,BTC,b8565a5f04e209fe,2,171.84,1
1784898327217,BTC,fc93b252c3ac87ee,2,8991.03,1
1784898327217,BTC,1fcd89cb0aa7978c,2,701.56,1
1784898327217,BTC,892c4db91268358d,2,16790.83,1
1784898327217,kPEPE,50505683276f8f57,40,75561.65,1
1784898327217,BTC,e7c2594d3a6b5f07,2,4613.73,1
1784898327217,BTC,ed2f2000746e1de7,2,23.26,1
1784898327217,FARTCOIN,7e1831d84bf20b76,2,45.41,1
1784898327217,BTC,a5a5ddeeb3b4baf6,2,1348.85,1
1784898327217,BTC,fd8099a5d05bd928,2,23.26,1
1784898327217,BTC,e3c43eecca6ba2df,2,629.2,1
1784898327217,BTC,2d9e6d8d7d6bbd75,2,8648.65,1
1784898327217,BTC,5af147cd73721690,2,1453.5,1
1784898327217,BTC,aecba4f02b2d6ca7,2,341.09,1
1784898327217,BTC,b01be4da381d1634,2,979.34,1
1784898327217,BTC,ca2c5fe844f3a2fb,2,3658.94,1
1784898327217,BTC,5f0abd724fcb4ae1,2,440.57,1
1784898327217,BTC,83f2044ae1f08e59,2,62645.2,1
1784898327217,BTC,fcdffe6bd87ff5f1,2,95.61,1
1784898327217,BTC,ed9a4a9d9aa6ee9e,2,1175.72,1
1784898327217,BTC,a9c2f7803a01954f,2,6887.65,1
1784898327217,BTC,c9020c017a62789b,2,397.94,1
1784898327217,BTC,c2dbaf55fca14b47,2,40.05,1
1784898327217,BTC,425f6d0c985bed6d,2,11528.52,1
1784898327217,BTC,f3ebb9a3ef8bad16,2,1996.14,1
1784898327217,BTC,98d9eb48e916a5cf,2,830.76,1
1784898327217,BTC,9a7cc8209605c35e,2,785.54,1
1784898327217,FARTCOIN,2ff517cd04e3c243,2,22.69,1
1784898327217,BTC,e211087b67b7ab3d,2,6626.67,1
1784898327217,BTC,97bae32bc40d7d2d,2,315.25,1
1784898327217,BTC,2b81b7dbb3a6a8d8,2,260.98,1
1784898327217,BTC,a8634d21ab5b5580,2,1873.4,1
1784898327217,BTC,30e4bb575b1def94,2,723.52,1
1784898327217,BTC,abbc61a38f92b5ac,2,23.26,1
1784898327217,BTC,42a3aaa7374e39f8,2,2281.67,1
1784898327217,BTC,a2db778d6c6c2c61,2,670.55,1
1784898327217,BTC,7c5f3bd11e1a3fe2,2,8254.59,1
1784898327217,BTC,2d7be704807aa683,2,391.48,1
1784898327217,BTC,c9027748ae6d14c3,2,26827.09,1
1784898327217,BTC,839c474c12dbcdb2,2,78.81,1
1784898327217,BTC,5c95f2929988019b,2,4130.52,1
1784898327217,BTC,c48a188b554d313d,2,8341.15,1
1784898327217,BTC,140301ac71ad16da,2,9016.87,1
1784898327217,ENA,4672a85b6c2b3ec7,2,194.89,1
1784898327217,BTC,bf469b3d9575b665,2,8589.22,1
1784898327217,BTC,a13a5ad23774e485,2,671.84,1
1784898327217,BTC,bfb86380c49b6bac,2,3957.4,1
1784898327217,FARTCOIN,ff1b52f0fd926967,2,0.3,1
1784898327217,ETH,100c2ee00c8ce57b,2,274.0,1
1784898327217,BTC,902a88100faa5be3,2,8042.7,1
1784898327217,BTC,c9c7ee69d2872465,2,1232.57,1
1784898327217,BTC,590bbfc927f8e647,2,166.67,1
1784898327217,BTC,3dcf35cd2e776484,2,439.28,1
1784898327217,ETH,76e575f3a18d1fa6,2,57329.33,1
1784898327217,BTC,e3eae8b3aadcade0,2,282.95,1
1784898327217,SOL,8e32d07b2485b979,6,2765.69,1
1784898327217,FARTCOIN,6583ecfadf1d08fc,6,473.71,1
1784898327217,BTC,f7a6641dc27d37a8,2,23.26,1
1784898327217,BTC,6bb85da6b6c79e19,2,4064.63,1
1784898327217,BTC,4a312d4b9e60ba69,2,17387.74,1
1784898327217,BTC,b18d92dd5d898a84,2,30643.66,1
1784898327217,BTC,2f3819aafbdfe798,2,108.53,1
1784898327217,FARTCOIN,48907d4fe4834340,2,94.43,1
1784898327217,BTC,74f15132f1e70421,2,9006.53,1
1784898327217,BTC,93abb5ac25c17281,2,3338.53,1
1784898327217,BTC,b2cc989d53f9f2db,2,3351.45,1
1784898327217,BTC,22b87b99986f445d,2,351.42,1
1784898327217,BTC,32369d9cbdccb68e,2,1003.88,1
1784898327217,BTC,c537e193c0411bd2,2,328.17,1
1784898327217,BTC,179dd539c5e3ade2,2,492.25,1
1784898327217,BTC,8021b12e59b59d49,2,167.96,1
1784898327217,BTC,3e9849eaa3662cc1,2,958.66,1
1784898327217,SUI,2af8fae71c06b191,2,78.97,1
1784898330068,BTC,5650b3054eacce5c,2,2471.32,1
1784898330068,ONDO,4517bc3ae3c75e42,2,750.82,1
1784898330068,BTC,c2b894690fb8a7fd,2,3017.49,1
1784898330068,BTC,76a2c542b875d7ec,2,19988.76,1
1784898330068,BTC,49721ae2fa8fbe8f,2,27.11,1
1784898330068,ONDO,e0a40a2b3c4922bf,14,23436.53,1
1784898330068,BTC,4e4e2c87ebd658c0,2,1306.67,1
1784898330068,ONDO,0a1ebc617cd72e65,2,186.5,1
1784898330068,ONDO,a06bf303c35d5827,2,22.84,1
1784898330068,BTC,1859da0f32531857,2,881.88,1
1784898330068,BTC,038e241bdd37691a,2,40.03,1
1784898330068,BTC,2f06696623f573f8,2,27.11,1
1784898330068,SOL,adad0bd82810fcc4,16,7524.73,1
1784898330068,ARB,adad0bd82810fcc4,2,4218.03,1
1784898330068,BTC,e2ae2eaf99450cf1,2,69.72,1
1784898330068,BTC,13e3b3482e574571,2,755.34,1
1784898330068,BTC,2d9005eaa0651eea,2,912.86,1
1784898330068,ONDO,e88e1d1478d5186c,2,273.28,1
1784898330068,BTC,dc6728258abc6d85,2,539.71,1
1784898330068,BTC,0b0fd899a1895527,2,395.1,1
1784898330068,BTC,02390373299440d3,2,1573.95,1
1784898330068,BTC,521713ed9c37655e,2,439.0,1
1784898330068,BTC,70a5eab338174e56,2,1448.7,1
1784898330068,BTC,3f01281e4287f248,2,318.92,1
1784898330068,BTC,4154127fa542f4ba,2,24.53,1
1784898330068,BTC,127c11816f5539f5,2,2862.55,1
1784898330068,ONDO,ea8824e8a9ac6abb,4,3394.28,1
1784898330068,BTC,8b20a5aabb4cc426,2,46.48,1
1784898330068,BTC,4f05615e7bdbb81c,2,202.72,1
1784898330068,BTC,40f798c8ce3005d7,2,18160.45,1
1784898330068,BTC,5cb9431ee672fc63,2,396.39,1
1784898330068,BTC,4453d3822b51b2e4,2,547.46,1
1784898330068,BTC,4e2a0e556e366e32,2,107.17,1
1784898330068,BTC,787bfc17128bfcdd,2,1369.94,1
1784898330068,BTC,c130b5f63bc1ac4f,2,3288.64,1
1784898330068,ONDO,0633443bbdf54307,2,7654.07,1
1784898330068,kPEPE,1adbf0961a5711a9,2,39.5,1
1784898333286,BTC,6df22851c85a9648,2,356.39,1
1784898333286,BTC,13f4a65083884094,2,37465.2,1
1784898333286,BTC,141d193b0e6c0875,2,240.18,1
1784898333286,BTC,098e3e1e3ef28eb2,2,9144.84,1
1784898333286,BTC,a63cdcffd83e0cf6,2,12406.62,1
1784898333286,BTC,f64bd3e9fe080b80,2,665.01,1
1784898333286,BTC,4b41a05a2e1c0962,2,3738.26,1
1784898333286,AVAX,72c341ad3ce217d1,2,452.86,1
1784898333286,BTC,aa3d517b41d708e9,2,613.36,1
1784898333286,BTC,b7b855cbeb952c3c,2,912.93,1
1784898333286,BTC,09a3c83ed474358a,2,712.79,1
1784898333286,BTC,e0e664b55b82ea8a,2,96.85,1
1784898333286,BTC,e834744c948f7e60,2,369.31,1
1784898333286,BTC,e750ec41c6b816d8,2,291.83,1
1784898333286,BTC,d6cb5d38a8bd1943,2,23.24,1
1784898333286,BTC,62e487752afbe83b,2,1580.53,1
1784898333286,BTC,a88982b2255d6083,2,471.32,1
1784898333286,BTC,5e56f014f752a965,2,2115.12,1
1784898333286,BTC,920b013ae94ea406,2,566.87,1
1784898333286,BTC,cd151fb4e8a9b715,2,58.11,1
1784898333286,SOL,107dd335a04bd61a,2,295.57,1
1784898333286,BTC,9683780418b5f831,2,1904.64,1
1784898333286,BTC,f7d27a630c9ef0fb,2,630.14,1
1784898333286,BTC,5a01f5fc990922f8,2,24052.67,1
1784898333286,SOL,8562012f9e81bcc8,2,22.39,1
1784898333286,BTC,efa96ffd827224b5,2,3709.85,1
1784898333286,BTC,a91599e0b4003491,2,293.12,1
1784898333286,BTC,9cc0c05abcfbb23b,4,174541.03,1
1784898333286,BTC,851712f51b7e9864,2,807.05,1
1784898333286,BTC,a73b350987d0c836,2,216.94,1
1784898333286,BTC,71f5b37d8fd98d48,2,822.55,1
1784898333286,BTC,91f5b2c69186c5de,2,2095.75,1
1784898333286,BTC,d1576f3de1060f9a,2,72824.32,1
1784898333286,BTC,a0a8dfcc78bc4d6a,2,915.52,1
1784898333286,BTC,fc5195709eccc00a,2,1673.5,1
1784898333286,BTC,9a8699c21edadaee,2,2117.7,1
1784898333286,BTC,67cd70436de0a69a,2,1326.14,1
1784898333286,BTC,85fbe1dfb4df25e2,2,4195.37,1
1784898333286,BTC,cf838dbb5177a22b,2,532.01,1
1784898333286,BTC,a00d7de83a8721fd,2,435.16,1
1784898333286,BTC,7690181691fd0333,2,23.24,1
1784898333286,BTC,f70a388754c7a183,2,163.99,1
1784898333286,BTC,4817edbb316f0c50,2,845.79,1
1784898333286,BTC,cbdd8b99256f3086,2,23.24,1
1784898333286,BTC,73edf60f3f60d006,2,299.58,1
1784898333286,BTC,2429d1bd5793cad1,2,480.36,1
1784898333286,AVAX,59053f00e89e238d,4,164.73,1
1784898333286,BTC,d067360426d3300a,2,28.41,1
1784898333286,BTC,c94e234049512fad,2,23.24,1
1784898336103,BTC,1f544a35be8c43a2,2,548.81,1
1784898336103,BTC,136c2eaaa2ef7cb3,2,968.49,1
1784898336103,AVAX,5abf0f1eb2b6582f,6,1347.83,1
1784898336103,IO,5abf0f1eb2b6582f,2,0.03,1
1784898336103,BTC,116f30625836b7f4,2,819.99,1
1784898336103,BTC,5616f08a19bc3f1d,4,2191.37,1
1784898336103,BTC,2acf55dbbecc0b4f,2,286.67,1
1784898336103,BTC,cbde46bec32886e8,2,50.36,1
1784898336103,BTC,fb366dc4851c61a6,2,668.9,1
1784898336103,AVAX,8764e6cdd4d252ec,2,38.97,1
1784898336103,BTC,d11866fdb4765070,2,3737.08,1
1784898336103,AVAX,8f3ff8d001ce4cb4,14,18914.88,1
1784898336103,BTC,ec9aa1b31a8b3ca0,2,19752.03,1
1784898336103,BTC,f04500b479eed10d,8,56501.71,1
1784898451019,BTC,f04500b479eed10d,4,45058.55,1
1784898339130,BTC,eeb40d9d3ed3a429,2,23.24,1
1784898339130,kPEPE,7a822acfa63308f2,2,130.17,1
1784898339130,BTC,ce6df19676394044,2,23.24,1
1784898339130,BTC,76a3ec0aeb01d081,2,349.89,1
1784898339130,BTC,f843eec55804d9a0,2,46480.32,1
1784898339130,SOL,f843eec55804d9a0,2,48762.6,1
1784898339130,FARTCOIN,52f1005c6b208951,2,22.7,1
1784898339130,BTC,bfa342a67dbbc40b,2,23.24,1
1784898339130,BTC,81ea6ac044a39c99,2,610.7,1
1784898339130,SOL,fad36d0aec3ac8a0,2,22.33,1
1784898339130,BTC,fe1ec0d173285cc3,2,513.87,1
1784898339130,FARTCOIN,f16744160c8321bb,2,90.14,1
1784898339130,AVAX,62521152aee044d7,2,55.68,1
1784898339130,BTC,ca4332c7e3f7181e,2,4506.01,1
1784898339130,AVAX,12de2c8e296b9713,2,476.34,1
1784898339130,SOL,7606efa9e900669f,2,494.18,1
1784898339130,BTC,af2bb0725af7a620,2,23.24,1
1784898339130,BTC,4b862af35dedc816,2,241.44,1
1784898339130,BTC,8b66b171cc2a8157,2,4817.17,1
1784898339130,SOL,c7aadac1e7934db1,2,1482.53,1
1784898339130,BTC,88cca02fe57fdca4,2,241.44,1
1784898339130,BTC,a0ac200e7d2e1239,2,61.97,1
1784898339130,BTC,1cdeb64b9e594ac7,2,8090.16,1
1784898339130,BTC,8982058762d87dd1,2,299.54,1
1784898339130,BTC,1cc063e19e7beb9a,2,1103.91,1
1784898339130,BTC,67ceb053bcea2dd9,2,380.88,1
1784898339130,FARTCOIN,e3f5af5aad481906,2,22.7,1
1784898339130,BTC,55a67f30188a0b63,2,7904.24,1
1784898339130,FARTCOIN,f6909ec98673aba7,2,22.72,1
1784898339130,BTC,a33b1a98a68c2cbb,2,23.24,1
1784898339130,BTC,671fdd89a6dd3af8,2,23.24,1
1784898339130,AVAX,d11c14fcde070cdd,2,253.51,1
1784898339130,kPEPE,8a72ac940c0a5b3f,2,19.3,1
1784898339130,kPEPE,6413428a8fedd374,4,3783.8,1
1784898339130,BTC,4a4284cc01289de2,2,163.97,1
1784898339130,kPEPE,7063b3d0906dce02,4,22.66,1
1784898339130,FARTCOIN,c307fc977f30ebee,2,22.7,1
1784898339130,BTC,3afbbfa188f43ff4,2,4304.59,1
1784898339130,BTC,a389099508778600,2,23.24,1
1784898339130,FARTCOIN,19b01a048915829e,2,166.22,1
1784898339130,BTC,b633fa446c842218,2,2750.09,1
1784898339130,BTC,e62a6b3e39b1531a,2,23.24,1
1784898339130,BTC,c69d6c3a78aceff4,2,642.98,1
1784898339130,FARTCOIN,811b42b638543c53,72,110612.5,1
1784898339130,BTC,0bf4c75c17ec3d8c,2,1182.67,1
1784898339130,BTC,640f59151c719d9e,2,14967.95,1
1784898339130,BTC,38b949c4ea2714ed,2,1812.73,1
1784898339130,kPEPE,399133b6faa8b8d8,2,28.28,1
1784898339130,FARTCOIN,186098258423fce8,2,63.16,1
1784898339130,FARTCOIN,06e80db6cc8dece1,2,110.64,1
1784898339130,BTC,6573453894b5cfe4,4,1528.68,1
1784898339130,BTC,ebf42a9bc2020563,2,109.74,1
1784898339130,FARTCOIN,a3ba7e2c074ad2a4,2,82.0,1
1784898339130,BTC,52d26fa2e8e0bd78,2,7817.61,1
1784898339130,ONDO,5922d1e8df47ae64,38,84801.1,1
1784898339130,SOL,6ffbb532fa0a36e1,2,130.99,1
1784898339130,BTC,a5cb51a2a96e4b3c,2,1883.71,1
1784898339130,BTC,b16b790a3ef4c18a,2,303.41,1
1784898339130,BTC,debf25708036a119,2,103.29,1
1784898339130,BTC,a669191a33114cb2,2,23.24,1
1784898339130,BTC,59704279f5b80a35,2,473.83,1
1784898339130,BTC,eea2e09178de8b07,2,262.09,1
1784898339130,SOL,1df3b64f5a440d5f,2,132.47,1
1784898339130,AVAX,719eca5680775645,2,24.88,1
1784898339130,BTC,74d8cb7572b95518,2,356.34,1
1784898339130,BTC,ca364fa7a57b85b8,2,11339.73,1
1784898339130,BTC,10848372c3e17098,2,2808.14,1
1784898339130,BTC,4304bea9631dfd75,2,1278.19,1
1784898339130,BTC,7f3b36df3adbd625,2,144.6,1
1784898339130,BTC,045f177e20ca33ed,2,40.02,1
1784898339130,BTC,f126ccddd10af47b,2,958.0,1
1784898339130,BTC,82506ad5d46ca9ed,2,104.58,1
1784898339130,TAO,be26bc79981d631a,2,29.45,1
1784898339130,FARTCOIN,7c5d2a662a564c57,4,376.63,1
1784898339130,SOL,8bc07aecfcdb9257,2,50.61,1
1784898339130,kPEPE,af8626cca0f13a4b,12,10420.4,1
1784898339130,BTC,058721b77034a9eb,2,82.63,1
1784898342292,SOL,3006fa3bac157349,2,487.41,1
1784898342292,BTC,7d8b9a2c832b2db0,2,23.23,1
1784898342292,ARB,1119e903fba13198,2,964.72,1
1784898342292,TIA,1119e903fba13198,6,1062.72,1
1784898342292,BTC,cb82ca933b06f623,2,70427.84,1
1784898342292,BTC,95fbd93c741c0367,2,1271.26,1
1784898342292,BTC,e2b3ed1603b3a294,2,54.21,1
1784898342292,DOT,abb519942ad4d542,2,589.2,1
1784898342292,BTC,acf0c1d905f07f8e,2,34903.53,1
1784898342292,SOL,4f94e5b4a365b2ab,2,363.69,1
1784898342292,SOL,05824847ac5defae,2,120.73,1
1784898342292,BTC,1b2f1d54d5b6a0e3,2,23.23,1
1784898342292,SOL,04ed6d79bfc452d3,2,849.61,1
1784898342292,SOL,e42cdc08c544ae96,2,4154.13,1
1784898342292,BTC,21b1c30d323f3685,2,551.09,1
1784898342292,BTC,5c302d00d51ae738,2,18843.05,1
1784898342292,ETH,5c302d00d51ae738,2,7915.18,1
1784898342292,SOL,5c302d00d51ae738,2,8664.51,1
1784898342292,LINK,5c302d00d51ae738,4,9286.08,1
1784898342292,XRP,5c302d00d51ae738,2,1401.2,1
1784898342292,HYPE,5c302d00d51ae738,6,6767.26,1
1784898342292,BTC,a87ee8e528ca97e4,2,1224.8,1
1784898342292,BTC,685ddc22eca1ea5c,2,23.23,1
1784898342292,BTC,08d449cdf589bdd9,2,41.3,1
1784898342292,BTC,19b01a048915829e,2,86.47,1
1784898342292,BTC,8f2875d375c1fb29,2,1796.54,1
1784898342292,BTC,0a59ddb5e1b978b2,2,166.49,1
1784898342292,BTC,341a7b67adfc7e74,2,948.61,1
1784898342292,FARTCOIN,a8b68c72f12fc51e,2,21.51,1
1784898342292,BTC,94413e1f00c32375,2,41.3,1
1784898342292,BTC,a696de3db5b101e4,2,23.23,1
1784898342292,BTC,b5d1ccb3ab14d5e5,2,23.23,1
1784898342292,BTC,e9014f1e17f44f8d,2,1864.95,1
1784898342292,DOT,d7bb91e83de4685e,2,22.68,1
1784898342292,BTC,add1c71faa7c868b,2,818.25,1
1784898342292,BTC,8aa4349ebaa4192b,2,1281.59,1
1784898342292,SOL,9011d0c5aa4782df,2,201.22,1
1784898342292,AVAX,9011d0c5aa4782df,2,40.54,1
1784898342292,HYPE,9011d0c5aa4782df,2,53.55,1
1784898342292,SOL,1aa5e3fc5d197430,2,268.3,1
1784898342292,BTC,9e3fe7f7e3a2b237,2,507.21,1
1784898342292,BTC,dbdbe7df715abe71,2,463.33,1
1784898342292,BTC,ed29d267e3ad43b5,2,1996.59,1
1784898342292,BTC,f4e73f40bd49af5c,2,3633.1,1
1784898342292,BTC,76ade61cbd0795df,2,1295.78,1
1784898342292,TAO,649573a25375d314,2,25.28,1
1784898342292,TAO,314663e7f6aac677,2,2506.78,1
1784898342292,BTC,2457977fd50d9aaa,6,369979.45,1
1784898570510,BTC,2457977fd50d9aaa,58,295136.7,1
1784898342292,BTC,5bb6fef70d58e9a9,2,41.3,1
1784898342292,BTC,8514ce08a19df2ed,2,1890.76,1
1784898342292,ETH,dddcc2abf771dba1,2,11200.2,1
1784898342292,SOL,9b7bda3ad89b1a0d,2,119.24,1
1784898342292,BTC,a8906a6356b0b248,2,3031.67,1
1784898342292,BTC,647b65efb812cc68,2,441.39,1
1784898342292,BTC,8bc07aecfcdb9257,2,23.23,1
1784898342292,BTC,289bdfe53d99b7b3,2,804.06,1
1784898342292,BTC,9e9467cfe09015c3,2,2009.5,1
1784898345878,BTC,37c69d9fd8dd5d1f,2,620.57,1
1784898345878,BTC,0d06f030a4cc3309,2,23.22,1
1784898345878,BTC,abb91d55b8058b9e,2,452.85,1
1784898345878,BTC,5b2a86050362b058,2,2807.39,1
1784898345878,NEAR,a03d2d17456e3db3,2,3597.3,1
1784898345878,BTC,d3d97e0025599f72,4,23277.07,1
1784898345878,SOL,d3d97e0025599f72,6,25661.77,1
1784898345878,BTC,579d0c5fccb95b08,2,1180.5,1
1784898345878,BTC,44f4fede41818bc2,2,20.64,1
1784898345878,BTC,274134a33f05cf6a,2,41.29,1
1784898345878,BTC,4bfac13cdfc619c5,2,17294.59,1
1784898345878,NEAR,102fd2c727fa267e,2,39.14,1
1784898345878,BTC,d83d2d75bfd7cb90,2,153127.8,1
1784898345878,BTC,9cfe02bcf1f558a3,10,74633.83,1
1784898570510,BTC,9cfe02bcf1f558a3,2,59562.0,1
1784901071129,BTC,9cfe02bcf1f558a3,6,47504.95,1
1784901312312,BTC,9cfe02bcf1f558a3,4,189404.38,1
1784898345878,BTC,09c7b0f2ec6d940d,2,548.31,1
1784898345878,BTC,2d5e72d93424bdca,2,4324.55,1
1784898345878,BTC,a8a46bcb36f276b4,2,38891.27,1
1784898345878,BTC,d4e0311d0a23716c,2,167.72,1
1784898345878,BTC,582a5754f121c381,2,55504.4,1
1784898345878,NEAR,b2ed83261da8eb74,2,242.55,1
1784898345878,BTC,5e3f2e76ca268c7a,8,77177.32,1
1784898345878,BTC,60a6d1a1f852cc4f,2,682.47,1
1784898345878,NEAR,88cf74dad8bf664f,2,1875.3,1
1784898345878,BTC,0ab0b0cd3cbda631,2,15087.95,1
1784898345878,BTC,963605e088f47dcf,2,303.18,1
1784898345878,NEAR,bf9e6a00f403d320,2,4882.5,1
1784898345878,BTC,ec9e735c08377850,96,3590467.85,1
1784898345878,ETH,ec9e735c08377850,48,412724.22,1
1784898345878,BTC,b86eeec581b7e10b,2,1070.72,1
1784898345878,BTC,cd8e2eb31a816e4a,2,232.2,1
1784898345878,BTC,058ec4c36379dc51,2,10376.92,1
1784898345878,NEAR,71f33e33c791d412,2,22.68,1
1784898345878,BTC,b67b72f1a7440359,2,1750.56,1
1784898345878,BTC,656a6eca65a868d4,2,4174.5,1
1784898345878,BTC,ad1a40bb94d4a9cb,2,394.75,1
1784898345878,BTC,f807af8cb295ad34,2,1896.33,1
1784898345878,BTC,ca6b5207fc8a5720,14,202809.27,2
1784898345878,NEAR,5f4724f1f259568c,2,5669.06,1
1784898345878,BTC,2362e0ad8a9559be,2,491.5,1
1784898345878,BTC,f24d489cb449bcf0,2,1041.05,1
1784898345878,BTC,7a5d88e850b9a690,2,2198.19,1
1784898345878,BTC,7c4acf328254ac70,8,185540.46,1
1784898345878,NEAR,b6a4d1c337cacea0,2,720.7,1
1784898349141,NEAR,d01ac48401a477c2,2,73.73,1
1784898349141,BTC,8bc7264520c858ee,2,107.04,1
1784898349141,BTC,12263da389d8108a,2,3200.99,1
1784898349141,FARTCOIN,debcf221a32b00fc,2,22.77,1
1784898349141,BTC,54b3c30921e1e830,2,23.21,1
1784898349141,BTC,09bae5e39b72966a,2,40989.9,1
1784898349141,NEAR,d165a81901f0cd87,2,22.74,1
1784898349141,ETH,cd64a35f4566e674,2,233.19,1
1784898349141,BTC,7d7ecade25121e8f,2,157.34,1
1784898349141,SOL,aa7d6c017a20ef86,2,32.77,1
1784898349141,SOL,0db87717a333008c,2,1355.28,1
1784898349141,ETH,fac6b76b0c8df110,2,264.15,1
1784898349141,BTC,61fc15977c3d5ae7,2,79.96,1
1784898349141,NEAR,5e50017f3ebcb647,2,22.74,1
1784898349141,NEAR,202246db550b3c7c,2,1521.94,1
1784898349141,SOL,9af0ae02cc14bc11,2,1551.87,1
1784898349141,XRP,dd99a36462015489,2,10524.98,1
1784898349141,SOL,d4e9950629b42bfa,2,558.5,1
1784898349141,SOL,ca847aef63337892,2,6229.83,1
1784898349141,BTC,9c67f4ff37000ae6,4,15236.28,1
1784898349141,OP,0b51ff5e81b9ac1c,10,706.43,1
1784898349141,XRP,c307fc977f30ebee,2,181.65,1
1784898349141,BTC,276542e7b506a0a5,2,313.39,1
1784898349141,BTC,6541bf90bc9760f3,2,23.21,1
1784898349141,BTC,7faf34be81104b54,2,1956.44,1
1784898349141,SUI,e4768bb71a1bad8c,8,1515.31,1
1784898349141,BTC,0506055ee06cd169,2,531.35,1
1784898349141,NEAR,45784c735786c845,2,19.07,1
1784898349141,NEAR,0e71ff2f429c5f01,2,3384.65,1
1784898349141,BTC,99c4249a3192c45f,2,180.56,1
1784898349141,BTC,d8711a6d3efebefd,2,557.14,1
1784898349141,NEAR,7e1831d84bf20b76,2,22.74,1
1784898349141,NEAR,6bda3e637e538a97,2,647.44,1
1784898349141,BTC,98d2228cfa07a82b,4,12829.74,1
1784898349141,BTC,bcef29b90af2c131,2,420.44,1
1784898349141,BTC,04541c771d450548,2,892.46,1
1784898349141,NEAR,57bc38b726f8b997,2,1330.46,1
1784898349141,NEAR,8871c411e4fee791,2,22.74,1
1784898349141,NEAR,271d9ac85ccffb6e,2,30.08,1
1784898349141,BTC,8d1eb71c1a84c625,4,5107.09,1
1784898349141,BTC,7f3cfeac365f1265,2,241.17,1
1784898349141,BTC,69b57bf8b0377266,2,118.65,1
1784898349141,BTC,0b06c3f441aed9e0,2,38.69,1
1784898349141,SOL,84b53a59641d8a2f,2,96.81,1
1784898349141,SOL,15a2f12556aec518,2,272.55,1
1784898349141,ARB,585cb84f3c8551b9,2,22.76,1
1784898349141,NEAR,7cf6df4191e25f6c,2,22.74,1
1784898349141,BTC,1f549ea9aaa66c8a,2,541.66,1
1784898349141,ARB,5a41d6efda06ab91,2,618.43,1
1784898349141,BTC,e8a52c1296cd1530,2,2094.41,1
1784898349141,XRP,789a064e145f280f,2,24.07,1
1784898349141,NEAR,c8a3d6dc42b4ea6c,2,236.23,1
1784898349141,SOL,3c31e8f5bff03d52,2,6234.29,1
1784898349141,BTC,5ef7ed48ee5f2728,18,43547.59,1
1784898349141,BTC,af4cc30d0af37183,2,3761.88,1
1784898349141,SOL,2627096abb18d35c,2,23.83,1
1784898349141,BTC,2f3fc4d0a4e1e453,2,60.61,1
1784898349141,FARTCOIN,c63defc27f69721f,2,12.16,1
1784898349141,FARTCOIN,ce97856b134575d2,2,22.75,1
1784898349141,BTC,22f95f37cb6009c2,2,3981.06,1
1784898349141,XRP,953ab628130ffd9f,2,229.8,1
1784898349141,BTC,5b0f84fc086794d6,2,4120.34,1
1784898349141,BTC,eb5e5256bbabdfa3,2,519.72,1
1784898349141,NEAR,cd7fa9ab741c6585,2,56.49,1
1784898349141,NEAR,c598a52fd5805f2a,2,103.08,1
1784898349141,NEAR,0b2be35b919a7dce,2,104.54,1
1784898349141,BTC,459bb73d55909852,2,8102.68,1
1784898349141,BTC,d7c2da0df33aa9bc,2,78.67,1
1784898349141,SOL,c76ecbfd97cbeb24,2,16449.54,1
1784898351933,NEAR,f8f4ddaf12eb0417,2,201.82,1
1784898351933,BTC,38d83255a062c228,2,7490.31,1
1784898351933,FARTCOIN,90de1aead7bb6b4d,26,24065.56,1
1784898351933,NEAR,45c648f17d2916e7,2,143.47,1
1784898351933,ONDO,fa5f772df7c14727,2,38.12,1
1784898351933,BTC,f6369a65762625ed,2,1034.84,1
1784898351933,ONDO,1fc89bc908d292e4,2,3487.8,1
1784898351933,BTC,38182f85eb2ebc76,2,913.55,1
1784898351933,NEAR,024272efa6b05717,2,304.19,1
1784898351933,NEAR,bd81db6d3c4116d8,2,74.49,1
1784898351933,BTC,587b426da789110e,2,121.29,1
1784898351933,NEAR,61fd6ab5e9d2acfe,2,95.77,1
1784898351933,NEAR,67f25071995c5f75,2,22.75,1
1784898366984,NEAR,c6c277bb7fcc260f,2,22.78,1
1784898366984,NEAR,8f86a52b66778949,2,56.94,1
1784898366984,NEAR,cbf78c1971549549,4,8236.95,1
1784898366984,NEAR,ee5540794e6226e0,2,54.37,1
1784898370003,FARTCOIN,4f039ad97cae87f1,2,432.63,1
1784898370003,FARTCOIN,d89b723b0efc3414,2,96.93,1
1784898370003,FARTCOIN,496b26b22a7c6419,2,125.11,1
1784898373019,ETH,60454db6ed6c1d13,2,576.63,1
1784898373019,ETH,c4e610702bb007f3,2,2547.83,1
1784898392442,BTC,51bef54bbc11de75,2,719.37,1
1784898392442,BTC,5d65e06e2dc8d40d,2,15139.08,1
1784898392442,BTC,33108002a3f9e0c5,2,1201.53,1
1784898392442,BTC,cc325011df1c2d12,2,25.78,1
1784898392442,BTC,0600fe51154f17fd,2,12153.29,1
1784898392442,BTC,e47cb34bd825bd7a,2,50.28,1
1784898392442,BTC,78dc35dfae33f2ba,2,380.31,1
1784898392442,BTC,9d2f3afa1f52dd35,2,1232.48,1
1784898392442,BTC,dfc6032513f17b33,2,1688.85,1
1784898392442,BTC,050c769c3a3c5d1a,2,520.84,1
1784898392442,BTC,0ed1a8d81fb2090d,2,17685.25,1
1784898392442,BTC,16e1d105f535c4db,2,105533.91,1
1784898392442,BTC,383096829f46adc8,2,60.59,1
1784898392442,BTC,4e03da51e677adda,2,21964.1,1
1784898392442,BTC,7fd2bbf052bb118f,2,140.52,1
1784898394053,ETH,a8a326efc4da29c2,2,23.5,1
1784898394053,BTC,cb214252c053562b,2,11999.7,1
1784898394053,BTC,bce9abb9e1cc4d3e,2,78.65,1
1784898394053,BTC,2c6a168f0ed4c30e,2,2717.89,1
1784898394053,FARTCOIN,6dff2ea76c997ecd,2,767.79,1
1784898394053,BTC,c836182373c4c0de,8,115384.26,1
1784898394053,BTC,8f2f84d81b7df729,2,1034.02,1
1784898394053,BTC,534d7be20477689d,2,594.37,1
1784898394053,BTC,965fe9c23a633ca1,2,85782.29,1
1784898394053,ETH,f5e27186f1ebe4d4,2,540.76,1
1784898394053,BTC,f8f06cffbabb982b,2,1953.29,1
1784898394053,BTC,b0c3b72fb037d888,2,114.75,1
1784898394053,BTC,ebec853e22761495,6,43689.22,1
1784898394053,BTC,d00c3a4397c24609,2,813.55,1
1784898394053,ETH,2d649fd95244c96d,2,51.47,1
1784898394053,BTC,bf7acdb75977f988,2,265.6,1
1784898394053,ETH,93abb5ac25c17281,2,101.81,1
1784898394053,BTC,dbc4939ed70cf8d8,2,24.5,1
1784898394053,BTC,279113d241dc48d9,2,605.97,1
1784898396898,BTC,ad5acfc38f04386b,2,3258.16,1
1784898396898,ETH,08d449cdf589bdd9,2,52.58,1
1784898396898,ETH,db16ea9b0e7cd094,2,101.81,1
1784898396898,ETH,92b8157d7a58f79f,2,114.87,1
1784898396898,BTC,4fa5630794a16131,2,906.41,1
1784898396898,BTC,c2e49d10bf50d4d6,2,82.52,1
1784898396898,ETH,7558c9def06a6e76,2,98.46,1
1784898427364,NEAR,27b2fe2a16733ff1,2,124.3,1
1784898427364,NEAR,f18222ab4ec61b26,2,22.73,1
1784898427364,BTC,7890e357fa770071,2,2527.07,1
1784898427364,FARTCOIN,dfa615e8ae4b0744,8,1894.82,1
1784898427364,NEAR,819ee750e1cca854,2,22.73,1
1784898427364,NEAR,56360ef091f4fb8b,2,22.73,1
1784898427364,NEAR,941b59e49c09eca6,2,22.73,1
1784898427364,NEAR,1a14f16c0fbe0b32,2,1117.64,1
1784898427364,SOL,05d1a0cbef9767d5,2,637.27,1
1784898427364,NEAR,9f564c7d12416fae,2,22.73,1
1784898427364,BTC,e3ace03659de98b8,2,2724.33,1
1784898427364,NEAR,0e8006b15c2bffe7,2,948.97,1
1784898427364,BTC,d9db5c17e805c4dc,2,25.79,1
1784898427364,ETH,4608ffb37f64ba53,2,48.1,1
1784898427364,SOL,13e82a149c698876,2,330.55,1
1784898427364,NEAR,fb8fc8b2bad75f57,2,22.73,1
1784898427364,BTC,35846c8d69615d3b,2,23.21,1
1784898427364,BTC,dc2817c7de957bd0,10,24588.54,1
1784898427364,NEAR,82e01bfa67c906aa,2,55.74,1
1784898427364,NEAR,22f6259ed69e4c78,2,166.47,1
1784898430379,BTC,2e116a0cd9114aba,2,631.75,1
1784898430379,BTC,81e2220805af5b5a,8,26178.83,1
1784898430379,TAO,e5c1dc19f5880ede,10,5204.49,1
1784898430379,NEAR,6421c6fa871fbe5d,2,284.8,1
1784898430379,SOL,1df7ac848b147653,2,3775.44,1
1784898430379,NEAR,3af45afad22b4113,2,378.27,1
1784898430379,NEAR,d885a582ff425775,2,22.73,1
1784898430379,SOL,1095536d3b72bdfb,2,22.33,1
1784898430379,SOL,f4e73f40bd49af5c,2,296.26,1
1784898430379,BTC,b45f00c82379f7bd,2,52.85,1
1784898430379,TAO,f2af75f13f43a8a9,12,5224.46,1
1784898430379,NEAR,4a220e4e5aba5cec,2,31.89,1
1784898433986,SOL,9e94f1034f8d714d,2,407.77,1
1784898433986,BTC,36f552cc3fb1ab0e,2,3433.74,1
1784898433986,BTC,0dba54c64ec9606f,2,797.85,1
1784898433986,SOL,8f49374f4b8021c3,10,124483.61,1
1784898433986,BTC,cf1b1cfc9610f258,2,9988.0,1
1784898433986,SOL,3155b7ee7d5531db,2,3146.99,1
1784898433986,BTC,4d1237a4c0a825d6,2,3208.17,1
1784898433986,NEAR,8a89199b2bec3b72,2,190.36,1
1784898433986,SOL,8d13289979f6595f,2,596.66,1
1784898433986,NEAR,8b1b5ca5b133d664,12,26722.72,1
1784898433986,SOL,63eb8da72526407c,2,81.84,1
1784898433986,ETH,0fbf110bef19cc45,2,12002.8,1
1784898433986,SOL,0fbf110bef19cc45,2,3178.24,1
1784898433986,ONDO,0fbf110bef19cc45,4,2170.05,1
1784898433986,ENA,0fbf110bef19cc45,8,2319.81,1
1784898433986,HYPE,0fbf110bef19cc45,2,2003.99,1
1784898433986,SPX,0fbf110bef19cc45,2,2981.2,1
1784898433986,ZEC,0fbf110bef19cc45,2,1870.26,1
1784898433986,BTC,1be33c206ff080a9,2,320.95,1
1784898433986,SOL,18f60d01dee167dd,2,129.45,1
1784898433986,SUI,227e911ee329b069,2,102.21,1
1784898433986,SOL,c84d675270d24ff9,2,59.52,1
1784898433986,BTC,c8a7a33f26e3ddc2,2,4644.05,1
1784898433986,FARTCOIN,1a83aaa7a3af729b,4,258.7,1
1784898433986,SOL,53d886a78dfe21b1,2,92.25,1
1784898433986,SOL,37eabd6fb2539d28,2,1339.15,1
1784898433986,SOL,6309616cddffe7c4,2,77.37,1
1784898433986,BTC,cdb4bf06518b79c1,2,4765.21,1
1784898433986,BTC,b30ef7646f205f13,2,242.32,1
1784898433986,FARTCOIN,0801bdc90f607517,2,487.3,1
1784898433986,kPEPE,9ac8f000bdef3c90,2,244.28,1
1784898433986,NEAR,850b5f060b74d803,2,406.22,1
1784898433986,SUI,6f6cc4417043139b,2,22.81,1
1784898433986,SOL,e0f8db5bb0da4f01,2,270.81,1
1784898433986,SOL,4e113456cd6a4ec9,2,1874.8,1
1784898433986,SOL,fc372160ffd183ff,2,80.35,1
1784898433986,SOL,5ded92b70ad98fde,2,312.47,1
1784898433986,BTC,ca9dfb9d48c4b2b4,2,808.17,1
1784898433986,SUI,b44d2f0cd0ae8e14,2,22.81,1
1784898433986,SOL,7a13e96f1c633b4e,2,157.72,1
1784898433986,SOL,61926d9c47921aaf,2,23.81,1
1784898433986,PEOPLE,c78d9b7c62da2d18,2,35.16,1
1784898433986,FARTCOIN,c78d9b7c62da2d18,2,277.26,1
1784898433986,SOL,aee09b4792ce015a,2,89.28,1
1784898433986,BTC,6eb98d0f59a7187c,2,757.9,1
1784898433986,SUI,00b518cb60a097dd,2,22.81,1
1784898433986,SOL,f7ca40d84c5ea282,2,357.11,1
1784898433986,NEAR,045f177e20ca33ed,2,22.69,1
1784898437033,BTC,c3014f74ec72994c,2,1635.13,1
1784898437033,BTC,d41c3104f58cbfb3,2,1172.55,1
1784898437033,BTC,b704213aca47f3d3,2,3165.89,1
1784898437033,SOL,4e1156c0f9e05507,2,43.14,1
1784898437033,AVAX,497d4d057b9c1e10,2,437.31,1
1784898437033,AVAX,bfa342a67dbbc40b,2,48.71,1
1784898437033,BTC,4517bc3ae3c75e42,8,4396.43,1
1784898437033,SOL,938df26cd1f5077d,2,235.04,1
1784898437033,BTC,62925b583b960072,6,14430.1,1
1784898437033,SOL,acec88ca9a8c715a,2,22.31,1
1784898437033,BTC,b505601cf630fe29,2,403.3,1
1784898437033,ETH,7b5c52f0260d9a0f,22,122942.72,1
1784901141578,ETH,7b5c52f0260d9a0f,26,97853.39,1
1784898437033,BTC,cf146feafc3e5158,2,199.72,1
1784898437033,NEAR,49f23344b93c588b,2,45.75,1
1784898437033,SOL,58b67d192419f417,2,264.79,1
1784898437033,SOL,abde96f4ae08340f,2,77.35,1
1784898437033,BTC,bab293c2461f10b6,2,453.55,1
1784898437033,BTC,d2153a41903ba343,2,60.56,1
1784898437033,BTC,5a31be72fbd087ac,2,24030.53,1
1784898437033,BTC,0c79b603f9422186,2,15.46,1
1784898437033,BTC,edc11b60bbbe17d0,2,23.19,1
1784898437033,BTC,59b81663f428a344,2,56.69,1
1784898437033,BTC,32a877700dbbe3bf,2,112.1,1
1784898437033,BTC,b5786ddb3103694d,2,1422.5,1
1784898437033,SUI,e7adba119c9b6503,2,1900.77,1
1784898437033,SUI,4ea3269f76d381fe,2,75.19,1
1784898437033,BTC,651845bfc3054ba2,2,612.04,1
1784898437033,BTC,a287bdc98a9c912f,2,409.74,1
1784898437033,BTC,0aefc9ac16005670,2,813.04,1
1784898437033,BTC,e3a3d257c19b3b90,2,50.25,1
1784898437033,WIF,1db2319e04abafe4,2,94.58,1
1784898437033,BTC,490ac28e56d5a933,2,64.42,1
1784898437033,BTC,fa0accf40e6c68d7,2,124.98,1
1784898437033,SOL,ca5ddbee2d5180be,2,477.51,1
1784898437033,NEAR,e36824e4de22a8e7,2,543.91,1
1784898437033,BTC,f4bd8c7fb4d9bbe2,2,155.91,1
1784898437033,BTC,c6dec30aea74ef7a,2,32474.07,1
1784898437033,kPEPE,166dce1e20cb7f2a,14,11756.57,1
1784898437033,NEAR,9e3fe7f7e3a2b237,2,127.37,1
1784898437033,BTC,1095536d3b72bdfb,2,79.89,1
1784898437033,BTC,deaa3205b44ee7e4,2,815.62,1
1784898437033,WLD,1b40d66360734afe,2,407.81,1
1784898437033,BTC,48d68f869ffb4104,4,180.39,1
1784898437033,SUI,94a7f5d7c3bd7ddb,2,87.61,1
1784898437033,BTC,aeeedd9a03862009,2,2709.72,1
1784898437033,NEAR,aee15f6d48c88e8d,4,929.32,1
1784898437033,BTC,bc354633c8f1d6bf,2,432.94,1
1784898437033,SUI,4e2a0e556e366e32,2,22.8,1
1784898437033,BTC,aea1552f1e37836b,42,37093.0,1
1784898437033,ETH,aea1552f1e37836b,2,7969.3,1
1784898437033,BTC,d0693b600829b2f4,2,190.69,1
1784898440037,BTC,698099e1e66dfd60,12,112033.65,1
1784898440037,BTC,668ea59236efb5e0,2,444.43,1
1784898440037,SUI,f088b0049c33d586,2,559.89,1
1784898440037,BTC,91d0373a378dcfb2,2,23.19,1
1784898440037,SOL,1af6d196619029c3,2,2512.22,1
1784898440037,SOL,c988ad6ea599191d,114,671650.95,2
1784898440037,BTC,4a4c7cec514fe92b,2,162.31,1
1784898440037,BTC,a8db9b2557c9b20a,2,3472.99,1
1784898440037,SOL,5a31be72fbd087ac,2,5451.25,1
1784898440037,BTC,73850731ee55a0d6,2,1379.66,1
1784898440037,BTC,1b59065784cd75c0,2,1746.8,1
1784898440037,SOL,14e1f07befab4c12,2,261.78,1
1784898440037,SOL,e7b24720e3cfb9f4,2,8524.17,1
1784898440037,BTC,4e0d17523284dca7,2,5142.49,1
1784898440037,SOL,0a59ddb5e1b978b2,2,333.17,1
1784898440037,kPEPE,49c4a2c5ddbca0d2,8,4671.93,1
1784898440037,BTC,32a3b02762972522,2,783.23,1
1784898440037,BTC,a27e5cd8307f5cef,2,5397.56,1
1784898440037,BTC,18a60f5e25bdd658,2,2651.12,1
1784898440037,SUI,d1fd3f3a8a8f5f82,2,370.86,1
1784898440037,BTC,95618c4e68709522,2,814.14,1
1784898440037,SOL,d23f3848fc22f474,2,2137.37,1
1784898440037,BTC,53cd6b6da45132dd,2,23.19,1
1784898440037,BTC,5efcbbb76468287d,8,14438.15,1
1784898440037,ETH,5efcbbb76468287d,4,10128.19,1
1784898440037,SOL,5efcbbb76468287d,2,5730.88,1
1784898440037,SOL,8a7a07ebc859f8a7,2,272.19,1
1784898440037,FARTCOIN,ef087a074344e795,2,22.77,1
1784898440037,BTC,0507e6dad52d3234,6,3887.79,1
1784898440037,SOL,47692f88e9042ce4,2,148.74,1
1784898440037,BTC,41015bb2f6742bd6,2,40047.56,1
1784898440037,BTC,dd28f08cb527d840,2,542.33,1
1784898440037,BTC,d354f84bf5645239,2,190.65,1
1784898442890,DOT,507a2304e405c16f,2,189.37,1
1784898446095,BTC,818a2e9214641a37,2,1158.84,1
1784898446095,BTC,27534d12d1f3fb2d,2,369.54,1
1784898446095,BTC,1e1e72c089a50cea,2,177.69,1
1784898446095,SOL,1e1e72c089a50cea,2,169.5,1
1784898446095,BTC,5a43c37d38d3f875,2,159.66,1
1784898446095,BTC,743a265e2ddcc9f4,2,1223.22,1
1784898446095,ETH,743a265e2ddcc9f4,2,1213.0,1
1784898446095,BTC,d5d34b25f8e2e061,2,4963.7,1
1784898446095,BTC,d35e8b137947f9d0,2,38628.0,1
1784898446095,ETH,d35e8b137947f9d0,2,5583.0,1
1784898446095,BTC,501c535f0f8e9c69,2,2400.09,1
1784898446095,SOL,5f77d7dcbf1866ce,2,246.81,1
1784898446095,BTC,4bb2757495d902ad,2,2877.79,1
1784898446095,BTC,31b95449a04bd98b,2,5469.72,1
1784898446095,BTC,61bf555653331a16,2,749.38,1
1784898446095,BTC,9d18ede9da5d0602,2,8984.87,1
1784898446095,BTC,0f3531eea18161ba,2,977.29,1
1784898446095,SOL,ec871e4679777056,2,825.17,1
1784898451019,SOL,a52bec6b4504b971,2,653.27,1
1784898451019,BTC,123b00597f9cc064,2,632.03,1
1784898451019,BTC,b4985a224870c3b8,4,194489.09,1
1784898451019,ETH,eeb40d9d3ed3a429,2,23.41,1
1784898451019,SOL,2765f9d748036c1b,2,865.58,1
1784898451019,BCH,ce89a0b2bc4bf277,2,299.21,1
1784898451019,SOL,20d5083c313960e4,2,75.72,1
1784898451019,BTC,7c392e8555390e8f,2,423.5,1
1784898451019,SOL,aaf6d46582f169d8,2,34.15,1
1784898451019,BTC,f60297889aa9079c,2,23.17,1
1784898451019,ETH,7a3cb5459b0bb865,2,1566.58,1
1784898451019,BTC,e3dbfaeb595eade9,2,37.33,1
1784898451019,AVAX,15096677cdc4d9d2,2,1748.99,1
1784898451019,ETH,495e1152c9d48f14,2,414.68,1
1784898451019,BTC,83a7fd795f0e14c8,2,835.42,1
1784898451019,WLD,1f6cb7c488d09173,2,48.24,1
1784898451019,BCH,66e0ec30b860e10d,2,43.16,1
1784898451019,BTC,7669f51764ee33a5,2,276.76,1
1784898451019,SOL,71a72f5a63b1c407,2,274.67,1
1784898451019,FARTCOIN,df28699962dc1ee2,2,1483.93,1
1784898451019,DOT,cb7de4e5fffae394,2,296.89,1
1784898451019,SOL,f05212f698e5386e,2,7490.31,1
1784898451019,BTC,eb389c0a297fe221,2,383.6,1
1784898451019,ETH,4c2941fed0f78e82,2,32074.04,1
1784898451019,BTC,051f8af1bb983a94,4,82167.1,1
1784898451019,SUI,a674996aa2bf92f5,2,43.34,1
1784898451019,SOL,5ea6613bbfa7d2a9,2,156552.71,1
1784898451019,BTC,9fa5569a8f7a8d09,2,25.74,1
1784898451019,SOL,cf0a3d9b0e4c3958,4,37810.85,1
1784898451019,BTC,01bdcd2442cc8133,2,952.56,1
1784898451019,BCH,5f4a5ac51c574bd7,2,677.28,1
1784898451019,BTC,82199865314d3e34,2,46.34,1
1784898451019,kPEPE,0849e12ae058d989,8,43189.45,1
1784898451019,ENA,00994cee22d2034f,6,1544.04,1
1784898451019,ETH,92c62ccc945fb798,2,140684.28,1
1784898451019,SOL,d0983fcfe564168a,2,22.27,1
1784898451019,BCH,d0983fcfe564168a,2,22.82,1
1784898451019,kPEPE,dfa615e8ae4b0744,2,1896.02,1
1784898451019,BCH,52125df612cf0ab6,2,76.36,1
1784898451019,XRP,d3a5b92cc4383ca2,2,1445.21,1
1784898451019,BTC,a8be20756684d0d0,2,157.04,1
1784898451019,ETH,8db85e94312b75fb,2,1110.65,1
1784898451019,WLD,8db85e94312b75fb,2,827.56,1
1784898451019,BTC,cbdfb6718d3bfb15,2,118.43,1
1784898451019,SOL,cd64a35f4566e674,2,83.14,1
1784898451019,AVAX,0893cfb4a18933bc,2,9034.84,1
1784898451019,BTC,1ab0c48ab9f35790,2,7707.99,1
1784898451019,BCH,03a74c92524a6cf2,2,623.75,1
1784898451019,INJ,d2d306f84ea30f0a,4,84.66,1
1784898451019,FARTCOIN,d2d306f84ea30f0a,2,2158.98,1
1784898451019,ZEC,d2d306f84ea30f0a,2,19.86,1
1784898451019,BCH,77922dc55e8b991a,2,97.52,1
1784898451019,BTC,6ba0053be5ce89f6,2,4192.54,1
1784898451019,BCH,8d333752f0e81435,2,59.34,1
1784898451019,SOL,6ccd787e7a15ed09,2,75.72,1
1784898451019,BTC,4a387306edf2a7c3,2,1255.06,1
1784898451019,SOL,e3c19589150eb312,2,54.93,1
1784898451019,BTC,1c47fc0e446dd087,2,444.1,1
1784898451019,BTC,c8b8fbc42a5d918a,2,3789.63,1
1784898451019,ETH,c8b8fbc42a5d918a,2,2722.57,1
1784898451019,HYPE,c8b8fbc42a5d918a,2,1184.36,1
1784898451019,BTC,2c9d91e87bfeb182,2,373.3,1
1784898451019,SOL,1134cf2d03e5cc38,2,484.01,1
1784898451019,BCH,185d4149f69391f2,2,24.48,1
1784898451019,SOL,999b65e33d4b8a84,2,75.72,1
1784898451019,JUP,51368cfa309273dc,6,381.8,1
1784898451019,BCH,d5b2fd8f0689ce89,2,27.81,1
1784898451019,NEAR,eef4c38ebc6f3dcc,2,948.47,1
1784898451019,BTC,f1f600faabc8e166,2,615.3,1
1784898451019,BTC,4ab4e46c2bd1752e,2,207.25,1
1784898451019,BCH,16d97faf585b06a9,2,371.01,1
1784898451019,SOL,3d883897d916a456,2,216.77,1
1784898451019,SOL,a0178523905bf2c2,2,6832.59,1
1784898451019,ETH,af22d87f2914aa2e,2,979.11,1
1784898451019,SOL,af22d87f2914aa2e,2,388.99,1
1784898451019,ETH,a29a3d026cd83f48,2,81.0,1
1784898451019,BTC,f69fee29896ae782,2,849.58,1
1784898451019,BCH,f0c2bd469066d0da,2,54.78,1
1784898451019,BTC,b411b125f24d26a3,2,7863.75,1
1784898451019,SOL,dd99a36462015489,2,5261.78,1
1784898451019,ETH,674e6c62de8e97e5,2,54.62,1
1784898451019,BTC,540df28abd70d2e6,2,616.59,1
1784898451019,TRUMP,d40795e5f3c9c87c,2,230.1,1
1784898451019,TAO,f256b943c5119876,4,305.01,1
1784898451019,XRP,fb9cee8771898726,2,98.39,1
1784898451019,BTC,02620988c26c206e,2,13487.7,1
1784898451019,BTC,48117886bd368ba1,2,487.86,1
1784898451019,ETH,24b5fedc431ddf8d,2,2015.82,1
1784898451019,BTC,ac488b276ab211e5,2,7884.35,1
1784898451019,SOL,9f7febbfd71fb1b1,2,1223.39,1
1784898451019,BTC,8a719950c5c6f96b,2,91.39,1
1784898451019,BTC,39c5a76379cfe081,2,2175.44,1
1784898451019,SOL,7df0272061c747e0,2,973.96,1
1784898451019,BTC,b96ca72a6670dd10,2,598.57,1
1784898451019,ETH,e8ac2e5843f4064b,2,1190.91,1
1784898451019,BTC,a085b38eeb024c5e,2,5450.17,1
1784898451019,BTC,cf43d069cc553bf6,2,785.22,1
1784898451019,ETH,eade71a37bcfa69a,2,95.5,1
1784898451019,BTC,c18feccacc1d7b0d,2,804.53,1
1784898451019,ETH,50d6f81c9f7f1e75,2,251.19,1
1784898451019,PYTH,c50a85ddde38537c,2,21.33,1
1784898451019,SOL,1aebe509b62cee73,2,65.33,1
1784898451019,BTC,b065581dd759745d,2,7813.55,1
1784898451019,ETH,5c8e5aa3c57df5a0,2,75.06,1
1784898451019,SUI,3875341ec9cb2a8e,2,586.08,1
1784898451019,BTC,4f355b89b4143250,2,310.22,1
1784898451019,ETH,a15b651baeb26dd4,2,47817.89,1
1784898451019,BTC,29962e8f8205c6ed,2,1780.25,1
1784898451019,BTC,2414f4da3d443ebf,2,14494.32,1
1784898451019,ETH,bb7ed1e43a3002e3,2,1626.41,1
1784898451019,SOL,80658a164046385a,2,286.55,1
1784898451019,ETH,49cc303de434cc1b,2,747.99,1
1784898451019,BTC,d8ee02ffb60eab67,2,85459.86,1
1784898451019,BTC,bfb55fbcfe47b979,2,373.3,1
1784898451019,BTC,b4dd0ec82f59d3bc,2,8839.48,1
1784898451019,SOL,5ca2ae24618c985c,2,1588.63,1
1784898451019,BTC,fd010323edd48ac2,2,16130.4,1
1784898451019,ETH,28fab90d26d8592f,2,1937.05,1
1784898451019,SOL,5a7f9ec2a0a972c2,2,394.93,1
1784898451019,SOL,5778c4c11d286ee8,2,164.8,1
1784898451019,SOL,6f8f19be19169908,2,56.42,1
1784898451019,WLD,655f2e9b7db722ec,2,102.46,1
1784898451019,ETH,ae7265d47ca3f2c8,2,826.02,1
1784898451019,BCH,9bcc6caa70d3df7e,2,1353.73,1
1784898451019,ETH,fc372160ffd183ff,2,147.15,1
1784898451019,ETH,dfeb34fbde3025aa,2,1043.03,1
1784898451019,ETH,1b989c08f8571912,2,58.71,1
1784898451019,XRP,114b58fabda31543,2,33432.24,1
1784898451019,BTC,21690281ebd2c62c,2,1060.69,1
1784898451019,SOL,0382f8cfee60760d,2,22.27,1
1784898451019,SOL,9aa82b47ed86e632,2,120.26,1
1784898451019,BTC,5492168274258c8f,2,1522.8,1
1784898451019,ETH,30e40c020e0952e2,2,1331.0,1
1784898451019,ETH,34a273c4799945f3,2,332.19,1
1784898451019,BTC,692ca7a3f4b1ddee,2,121.0,1
1784898451019,ETH,6c30c4f401f3fe93,2,3329.36,1
1784898451019,ETH,7be226e6dcea03f2,2,2058.92,1
1784898451019,ETH,caae01d54675ddbc,2,965.74,1
1784898451019,DOGE,dd5388638526cccd,2,7774.69,1
1784898451019,ARB,dd86223034f65909,60,48750.6,1
1784898451019,ETH,a317aec5ee7740da,2,61020.12,1
1784898451019,SOL,a317aec5ee7740da,2,59070.27,1
1784898451019,NEAR,a317aec5ee7740da,18,28552.44,1
1784898451019,HYPE,a317aec5ee7740da,14,52470.28,1
1784898451019,GRAM,a317aec5ee7740da,62,37785.48,1
1784898451019,SOL,70286255cb19b5eb,2,169.26,1
1784898451019,BTC,575fff942c52bb0f,2,903.64,1
1784898451019,SOL,d7307174b1e6b006,2,255.37,1
1784898451019,BTC,6235ab36d04a0b67,2,189.22,1
1784898451019,ETH,cace3626153618a9,2,148.26,1
1784898451019,SOL,99ba2753899595bb,2,71.27,1
1784898451019,SOL,c6dfabe2d90cd234,2,1947.93,1
1784898451019,ETH,2e19a81c35e233fa,2,15730.1,1
1784898451019,ONDO,2e19a81c35e233fa,6,3814.52,1
1784898451019,ZEC,2e19a81c35e233fa,2,9283.43,1
1784898451019,BTC,993596df0bbc706e,2,1073.56,1
1784898451019,NEAR,39ad79171de7c74b,2,75.22,1
1784898451019,NEAR,e664492a3030f73a,2,2164.55,1
1784898451019,SOL,be4c6f1a26835211,2,1122.43,1
1784898451019,BTC,8992f6eaeaee742f,2,1143.07,1
1784898451019,BCH,5cecd7bc9c8b52d1,2,42.33,1
1784898451019,SOL,382ae8031998f82b,2,75.72,1
1784898451019,BTC,4a3b03ccc36ebf29,2,355.28,1
1784898451019,BTC,09eecc63dd780998,2,5460.47,1
1784898451019,SOL,de551a1f2b8e8fce,2,57.9,1
1784898451019,SOL,18b0121f39e173ac,2,75.72,1
1784898451019,ETH,f1a954656a911189,2,7956.64,1
1784898451019,SUI,da752fe33557d511,4,1307.07,1
1784898451019,SUI,8743bb2862f006d8,2,241.63,1
1784898451019,SOL,5d4afa044fbae80d,2,75.72,1
1784898451019,BTC,16f4fa475e81d631,84,822174.21,2
1784898451019,CRV,3a00d0af2c5c5566,6,1317.27,1
1784898451019,ENA,a568d202b907b45f,4,409.36,1
1784898451019,BTC,b57ce3de16164623,2,1047.76,1
1784898451019,SOL,1bbef80e6694ef2f,2,194.5,1
1784898451019,BTC,b04562b16ab35b4f,2,577.94,1
1784898451019,SOL,6da0c52b3621d0cf,2,23.76,1
1784898451019,ETH,ef83ce5f809dc0c9,2,23.41,1
1784898451019,ETH,0730aa0e98c3261a,2,1080.55,1
1784898451019,BCH,8ef103ab48dcbdf3,2,173.88,1
1784898451019,ETH,db4e5eae1e785346,2,1823.71,1
1784898451019,BTC,a05503814ca8ac8e,2,151.89,1
1784898452050,JUP,8a3498f1c5fc2eb1,2,103.71,1
1784898452050,JUP,2c60fcf92d92bdc5,2,139.51,1
1784898452050,JUP,55bf0d0cb777fec3,2,49.83,1
1784898452050,SOL,ed07fea7f65370ff,2,22.28,1
1784898452050,SOL,a30a111d40cfffea,2,57.92,1
1784898452050,ETH,c797a7fc7c4bcc05,2,539.08,1
1784898452050,JUP,a2ff7685ef0b5749,2,155.38,1
1784898452050,ARB,82d6afd36dc64c60,2,212.1,1
1784898452050,TAO,608895fb3b588cac,2,145.7,1
1784898452050,FARTCOIN,b3ce0edbf71c480b,6,1332.99,1
1784898452050,DOGE,8dafc66930f46563,2,532.25,1
1784898452050,SOL,06ed7a781809e720,2,1878.73,1
1784898452050,SOL,1a74b439c25c0a71,58,493982.53,2
1784898452050,SOL,99e465297951a2c4,2,163.37,1
1784898452050,NEAR,8437e55a3c4cdf36,2,1624.6,1
1784898452050,NEAR,ba8b3b956dee61ce,2,453.16,1
1784898452050,ETH,894c56470aa7027a,2,735.24,1
1784898452050,ETH,e48cc241dc217ca7,2,65417.24,1
1784898452050,WLD,4210e33049ccaca5,2,378.88,1
1784898452050,SOL,fe214f2a60a8a654,2,178.22,1
1784898452050,NEAR,73ee3de167dce68b,2,23.37,1
1784898452523,hyna:DOGE,e49626316b7898cf,2,786.25,1
1784898455143,ETH,1045b2a563f1e123,2,8814.23,1
1784898455143,SOL,a74d9243a95d477c,2,439.39,1
1784898455143,ETH,1f9ddfb39ed8b750,2,1251.11,1
1784898455143,ETH,c0be4019d782856e,2,1141.19,1
1784898455143,SOL,3446cac6d5f2480b,2,37.11,1
1784898455143,ETH,e2c098bbb0a4d015,4,18826.84,1
1784898455143,BTC,ed23f580b4e0ad75,2,257.44,1
1784898455143,ETH,bfb1638b650ce816,10,78665.93,1
1784898455143,ETH,0861d6dbff453db3,2,301.54,1
1784898455143,ETH,bd730aec58c05e51,2,1586.08,1
1784898455143,BTC,af5270383eb43b3a,2,23.17,1
1784898455143,BTC,821f4cd7a2159e15,2,1917.96,1
1784898455143,SOL,7861fffc314a1ba6,2,385.95,1
1784898455143,ETH,e38a8fcc703b7f93,2,2450.6,1
1784898455143,SOL,063f44426876ce97,2,789.72,1
1784898455143,TIA,23eb01c1331c7fa7,2,96.15,1
1784898455143,ETH,5a4b88541b49dcba,2,5957.73,1
1784898455143,ETH,abde96f4ae08340f,2,82.07,1
1784898455143,ETH,00877c7c0b2754a5,2,1429.74,1
1784898455143,ETH,66d285c0ef5dc435,2,401.07,1
1784898455143,SOL,b269453a2d0b5447,2,786.75,1
1784898455143,ETH,ab3ec1eb25d45b69,2,473.11,1
1784898455143,ETH,b27cdf5c9f904b9d,2,50.13,1
1784898455143,XRP,3357185507faac14,4,5126.64,1
1784898455143,ETH,8937b98e3f442556,2,23963.86,1
1784898455143,BTC,d107c5c9732ca2a2,2,23.17,1
1784898455143,ETH,54fe0e04da9ed271,2,342.77,1
1784898455143,XRP,e9c00e79b36a91ce,2,24.05,1
1784898455143,SOL,29f0418cb459851a,2,222.67,1
1784898455143,ETH,59ba411f567a4a4b,2,196.08,1
1784898455143,ETH,fd50beec5efb1b2a,2,38.62,1
1784898455143,BTC,686b1f329d2e8df8,2,317.94,1
1784898455143,FARTCOIN,8d6542570b47284e,2,265.17,1
1784898455143,BTC,fd60dd395668519c,2,140.31,1
1784898455143,BTC,6d6b46f5c81436d3,2,146.74,1
1784898455143,ZEC,ccae6e9cbf3a9a0f,4,3444.6,1
1784898455143,BTC,aafb32ef281da564,2,2955.46,1
1784898455143,ETH,65fabdb93a081373,2,246.58,1
1784898455143,SOL,116b3bfc8570dddb,2,1517.1,1
1784898455143,BTC,a8f8fc5006cb06af,2,54.06,1
1784898455143,SOL,59a4badde2225793,2,80.16,1
1784898455143,SOL,d3a9cb5621a8c76d,2,74.22,1
1784898455143,ETH,fd8099a5d05bd928,2,23.4,1
1784898455143,SOL,519e7274bd4fde1b,2,295.4,1
1784898455143,SOL,e0723f56c95c36eb,2,218.21,1
1784898455143,ETH,74b86c404e610415,2,601.97,1
1784898455143,ETH,db9adca38c4491b8,24,185108.03,1
1784898455143,SOL,0b105303611958b2,2,157.35,1
1784898455143,BTC,4da00573b4b472ea,2,38.62,1
1784898455143,SOL,d76694c974df9f89,2,14.84,1
1784898455143,ETH,866f7c5b24bd1299,2,274.79,1
1784898455143,SOL,1eb6bfe8f93321d2,2,385.85,1
1784898455143,ETH,bcfea475db098056,2,505.39,1
1784898455143,ETH,517eefa352a43eff,2,487.2,1
1784898455143,BTC,365b946c7e1442a4,2,87.53,1
1784898455143,SOL,bf646caa548f375f,2,581.74,1
1784898455143,BTC,8968563a0a249293,2,2692.86,1
1784898455143,SOL,057b0ceb89e9ff12,2,317.58,1
1784898455143,BTC,67a242063a452d9f,2,561.23,1
1784898455143,ETH,67e71b66252da446,2,650.59,1
1784898455143,ETH,dc4fc65247782d58,2,3243.65,1
1784898455143,ETH,0085d58252210608,2,2465.7,1
1784898455143,ETH,61926d9c47921aaf,2,38.25,1
1784898455143,ETH,7d4309d61bac4971,2,480.89,1
1784898455143,SOL,7d4309d61bac4971,4,75.69,1
1784898455143,BTC,245f677b8e5bbeea,2,196.94,1
1784898455143,ARB,7f633bd638bd4dc2,18,4987.16,1
1784898455143,SOL,ce555500a69fd5a9,2,428.88,1
1784898455143,SOL,c63e84cfdd165736,2,609.93,1
1784898455143,SOL,68a297620da63778,4,783.56,1
1784898455143,SOL,b6f236189085fa34,2,734.58,1
1784898455143,BTC,e6cea0557fdef582,2,401.61,1
1784898455143,FARTCOIN,0fbd1bf9406dd8f7,12,19937.97,1
1784898455143,BTC,0b87f6b4d4545432,2,30545.73,1
1784898455143,BTC,8e412864d45adde7,2,485.28,1
1784898455143,DOGE,94794091d4612b75,2,22.8,1
1784898455143,ETH,08f35ba8f76cac93,2,161.53,1
1784898455143,BTC,6a4ae55036e7c701,2,3158.84,1
1784898455143,ETH,6a4ae55036e7c701,2,2493.55,1
1784898455143,SOL,6a4ae55036e7c701,2,2300.2,1
1784898455143,XRP,6a4ae55036e7c701,2,109.32,1
1784898455143,HYPE,6a4ae55036e7c701,2,984.76,1
1784898455143,ETH,513819c9ae71b074,2,31404.22,1
1784898455143,ETH,e1a97dc6fbc0fc65,2,466.4,1
1784898455143,SOL,f24756583ed0e691,2,23.74,1
1784898455143,ETH,b16b0ea565599859,2,56814.28,1
1784898455143,BTC,977154c34e06549a,2,476.27,1
1784898458168,BTC,76e57c87b56dce0d,2,1831.69,1
1784898458168,BTC,a71ebbd9a4a3ad03,2,799.35,1
1784898458168,BTC,092110b2e584cf83,2,969.26,1
1784898458168,BTC,b2ba0f721d569956,2,46.34,1
1784898458168,BTC,0d6cf3beb8a38916,2,393.88,1
1784898458168,BTC,e764002d3ee77694,2,20.6,1
1784898458168,BTC,64c8640bb6a7ba66,2,2894.91,1
1784898458168,BTC,e91ca51061d4fd64,2,1977.14,1
1784898458168,JUP,e9efc14db12376b7,2,22.89,1
1784898458168,BTC,675e51a1cda110b9,2,104368.75,1
1784898458168,BTC,2e1d494ab8b9b551,2,902.33,1
1784898458168,BTC,1d942e1c7a560267,2,87.53,1
1784898458168,BTC,1137ac92170eae33,2,1753.17,1
1784898458168,BTC,a27a90c33283bcec,2,2301.51,1
1784898458168,BTC,c0319afba4befa69,2,1745.44,1
1784898458168,BTC,1ff4dbf322db07cd,2,1525.33,1
1784898458168,BTC,56050bf6f9500c68,2,6281.54,1
1784898458168,BTC,7cc1a5f074b888b1,2,28.32,1
1784898570510,BTC,62b3f3b88f7297bd,2,561.14,1
1784898570510,BTC,419c2c402eed2fe8,2,118.41,1
1784898570510,BTC,90eef11ae96fad5b,2,23.17,1
1784898570510,BTC,0f5525912407b543,4,4175.09,1
1784898570510,BTC,15531718430b3a60,8,12939.61,1
1784898570510,BTC,d6b545a0419b22ae,4,7621.61,1
1784898570510,BTC,b2867f6225598d5e,4,702.7,1
1784898570510,BTC,645c17738b9d6cd7,6,13652.5,1
1784898570510,BTC,5f88a81f02d4ce78,2,458.17,1
1784898570510,BTC,71d1c0477db26d17,2,517.33,1
1784898573699,BTC,623285c408749b2a,2,261.23,1
1784898573699,BTC,8cd218b21ec2c346,2,2735.82,1
1784898573699,BTC,56bccba7eecad037,2,660.15,1
1784898573699,BTC,7d058a8bf8be5698,2,167.29,1
1784898573699,BTC,856b6e097d4249da,2,203.32,1
1784898573699,BTC,dbaf784efb0183c8,2,30311.52,1
1784898573699,BTC,d8fe723231b53db0,2,34295.57,1
1784898573699,BTC,39b0f9f33a852594,2,6667.12,1
1784898573699,BTC,21b6233bb70928c6,2,29.6,1
1784898573699,BTC,933c2c93cb5b50f7,166,1737961.45,1
1784901082979,BTC,933c2c93cb5b50f7,108,1386134.49,1
1784898573699,BTC,85fb8710c7acaa31,2,1533.6,1
1784898573699,BTC,a5ebcfe79ddca815,2,23.16,1
1784898573699,BTC,867f2712e3f6584d,2,913.47,1
1784898573699,BTC,75cd939187871277,2,1933.73,1
1784898573699,BTC,2fa810c64ff9e4fd,2,990.67,1
1784898573699,BTC,41160b4121930143,2,150.53,1
1784898573699,BTC,320d0b666ef79203,2,283.05,1
1784898573699,BTC,19bfb92b9fd6b477,2,1263.42,1
1784898573699,BTC,a0d934a5c3697f65,2,254.74,1
1784898573699,BTC,46c9acf4ba6bd266,4,13184.87,1
1784898573699,BTC,e541e5415f48a15e,14,169451.93,1
1784901074275,BTC,e541e5415f48a15e,2,135196.4,1
1784901312312,BTC,e541e5415f48a15e,8,107794.43,1
1784898573699,BTC,593699cddc01e990,2,388.54,1
1784898573699,BTC,bab24e8b10ba7ad0,2,5569.52,1
1784898573699,BTC,724d4c6f47b1848c,2,2719.79,1
1784898573699,BTC,89127299e3e3c1c4,2,23.16,1
1784898573699,BTC,9bd8323ee18d70d2,2,638.13,1
1784898573699,BTC,32053cc1ac94bdb3,2,6040.4,1
1784898573699,BTC,0b8569bb6f33547d,2,944.34,1
1784898573699,BTC,4a63e60f80f1841d,2,1573.46,1
1784898573699,BTC,33209f6911beabd2,2,108.07,1
1784898573699,BTC,58c99b59a580403f,2,117.08,1
1784898576516,BTC,a3fff4811d5e0615,2,427.19,1
1784898576516,BTC,74873227c30135b8,2,384.73,1
1784898576516,BTC,b59202da0a1dd178,2,719.28,1
1784898576516,BTC,d6495ef7f12bf62e,4,912.28,1
1784898576516,BTC,b5ba3679f0ec527c,2,386.02,1
1784898576516,BTC,1d9acf97f9bafd76,4,3064.97,1
1784898576516,BTC,97dc9dc60150ac3b,2,1291.87,1
1784898576516,FARTCOIN,d95b02dbd54604b8,2,22.79,1
1784898576516,BTC,a4fea8d55b08098d,2,182.71,1
1784898576516,BTC,1ee0ab7c84d1b118,2,6903.25,1
1784898576516,BTC,e1ffc5bc82790e90,2,649.79,1
1784898576516,BTC,b1031363f6a9d81b,2,36.03,1
1784898576516,BTC,5b031f4fe71613b1,2,1405.1,1
1784898576516,BTC,5b46d4a2c8769aec,2,55.33,1
1784898576516,BTC,c25b67da84fb81b1,2,1537.63,1
1784898576516,BTC,c699804d556ab36c,6,2856.52,1
1784898576516,BTC,6974f69dd1ae3375,40,360261.88,1
1784901227096,BTC,6974f69dd1ae3375,2,256112.0,1
1784898576516,BTC,075d5890c55ab654,2,1547.73,1
1784898576516,BTC,9550b1c2d0a994e8,2,923.75,1
1784898576516,BTC,057b0ceb89e9ff12,2,431.0,1
1784898576516,BTC,a306b091a790ae7a,2,7880.18,1
1784898576516,BTC,2b727532f134e6cc,2,93.92,1
1784898576516,BTC,92e63f2ed0dc864b,6,9957.97,1
1784898576516,BTC,2d777f9b6ca76adc,2,3638.39,1
1784898576516,BTC,eedc8462adff27ab,4,2741.66,1
1784898580624,BTC,61751b8d4fd49494,2,667.72,1
1784898580624,BTC,0e792321467a9113,2,15923.75,1
1784898580624,BTC,f16744160c8321bb,2,1488.55,1
1784898580624,BTC,5881402706888f4a,2,234.15,1
1784898580624,BTC,8ccb38aaca117f14,2,761.64,1
1784898580624,BTC,e07ec82e4e6b3133,2,4858.05,1
1784898580624,BTC,d8d34beb75e30216,2,279.18,1
1784898580624,BTC,d1f4b447df2716ae,2,23.16,1
1784898580624,BTC,4c097aae4df548fc,2,618.84,1
1784898580624,BTC,82a141573311205c,2,316.49,1
1784898580624,BTC,36dba756a90d4593,2,993.22,1
1784898580624,BTC,7b7e7fbe987ba850,2,196.84,1
1784898580624,BTC,b2c19495e7631ecf,2,216.14,1
1784898608073,FARTCOIN,d0f56310b4285539,10,6491.13,1
1784898608073,FARTCOIN,aac9c61c86dde44c,6,746.76,1
1784898616946,FARTCOIN,45a894c12c6f14f4,2,61.37,1
1784898616946,FARTCOIN,7be40a5334867ff0,6,937.96,1
1784898616946,ZEC,35d68e66f73ef57b,2,336.95,1
1784898616946,FARTCOIN,07110f0b82d85dba,2,22.76,1
1784898616946,ZEC,1a6b973f393add62,2,852.28,1
1784898643863,ZEC,50e8e79432174e10,2,19.72,1
1784898643863,FARTCOIN,fb7865ce43bcb2b7,2,43.96,1
1784898643863,ZEC,e86ca8c34900137d,2,39.44,1
1784898643863,ZEC,c134dd5f00a1f5b7,4,295.8,1
1784898643863,ZEC,0db36035f8732694,8,7621.57,1
1784898643863,ZEC,6b73e7f0735408f7,2,956.38,1
1784898643863,ZEC,9ac158f8095657b6,2,552.14,1
1784898643863,ZEC,08bc47aca13636ce,2,276.07,1
1784898643863,ZEC,fee120c18487926f,2,59.16,1
1784898643863,ZEC,7780812aeb801a33,26,37572.51,1
1784898643863,ZEC,a63fb39a913d0b12,2,18611.15,1
1784899179846,KAITO,596dcb5bb8e44d69,2,420.56,1
1784899666169,xyz:MRVL,d84980c36b1986f7,6,1144.49,1
1784899666437,ENA,73401c0c9c233ce1,18,4789.4,1
1784899684467,ENA,d5d9318de5f18a0b,6,745.22,1
1784899687046,xyz:INTC,971112911e4fea60,4,27411.81,1
1784899708073,xyz:MRVL,908438d73e0e53d1,2,44.57,1
1784899708073,xyz:MRVL,704fae20efecb790,2,275.55,1
1784899711044,xyz:INTC,55013c2d436a602c,2,946.54,1
1784899738088,xyz:DRAM,52aeb9922a00b6ca,46,111798.79,1
1784899810205,xyz:DRAM,52aeb9922a00b6ca,12,88663.4,1
1784900446149,xyz:DRAM,52aeb9922a00b6ca,20,70660.91,1
1784900542128,xyz:DRAM,52aeb9922a00b6ca,10,56129.1,1
1784901139186,xyz:DRAM,52aeb9922a00b6ca,6,44514.67,1
1784899757052,ENA,a6f31c260e8bfc2e,4,61.55,1
1784899759066,xyz:INTC,dddcc2abf771dba1,2,3020.7,1
1784899774157,xyz:MRVL,a697b92bf19b8d66,4,1297.53,1
1784899777998,para:COHR,99ca45abe7e034e9,2,92.84,1
1784899804253,xyz:SNDK,a1adb01985cc68e8,2,15.41,1
1784899807195,xyz:SNDK,e4ff23f245c50289,2,27.7,1
1784899810205,xyz:SNDK,aef84e95f67b1f22,2,79.62,1
1784899810205,xyz:DRAM,b071aea33bc9b4b2,4,26733.01,1
1784899810205,xyz:SNDK,847fdcbec2018ccb,2,14205.55,1
1784899810205,xyz:MU,8104da13c781d00e,2,5097.29,1
1784899810205,xyz:SNDK,8484e16604b42790,2,2161.91,1
1784899810205,xyz:MU,375fa60b2c351cee,2,93.41,1
1784899810205,xyz:SNDK,e10817e2207785bc,2,76.55,1
1784899810205,xyz:SNDK,41d379a9b8949c7a,2,70.43,1
1784899816087,xyz:SNDK,2896ae7d624cf494,10,5401.99,1
1784899816087,xyz:SMH,248d4600282fba3a,4,1222.13,1
1784899816087,xyz:SNDK,cab396b793071013,16,214860.4,2
1784899816087,xyz:MU,f269db65b05733df,2,555.71,1
1784899816087,xyz:SNDK,cc628884cc26a37a,2,377.09,1
1784899819105,xyz:CBRS,418649fe5e8319f9,2,3062.26,1
1784899819105,xyz:SNDK,12d65f427732f88b,2,36.77,1
1784899819105,xyz:MRVL,70e1aa6dff8f79b9,2,455.8,1
1784899819105,xyz:INTC,71f7e3937adf7d4d,2,5471.55,1
1784899819105,xyz:INTC,1602e88cbba5de80,2,19.93,1
1784899822109,xyz:SNDK,dae90353dd2e622f,2,937.09,1
1784899822109,xyz:MRVL,a6edb33e9d40fa0b,2,1019.34,1
1784899822109,xyz:INTC,84a6fc6610856c77,24,163098.56,1
1784899822109,xyz:INTC,799209c3b8c599a1,2,27.84,1
1784899822109,xyz:WDC,bbc53f20367f3758,2,421.21,1
1784899822109,xyz:INTC,db4f5c27ffd5baf8,2,37.78,1
1784899822109,xyz:SNDK,6b7f78a0b52b30f7,2,67.37,1
1784899822109,xyz:INTC,aa4b45e100094965,2,57.67,1
1784899822109,xyz:NBIS,d2155718792bc5e2,2,8.57,1
1784899822109,xyz:INTC,6ce02bd73132638d,2,188.92,1
1784899822109,xyz:SNDK,f9654e01412ac505,2,214.37,1
1784899822109,xyz:SNDK,4a094f0a0b04e13f,2,21.44,1
1784899825073,xyz:INTC,e38a573008559fac,2,337.16,1
1784899825073,xyz:INTC,d4f10253291efefb,2,1130.47,1
1784899825073,xyz:INTC,f5d1bdd400b1e7bb,2,1886.1,1
1784899825073,xyz:INTC,555c6556bd493f9e,2,75.36,1
1784899825073,xyz:INTC,e6ad32055de6bda0,2,37.68,1
1784899825073,xyz:INTC,61c4590bbc601b19,2,196.34,1
1784899825073,xyz:INTC,4d6726c0eaba1910,2,9916.4,1
1784899825073,xyz:INTC,55c91332021c2b63,2,91.23,1
1784899828119,xyz:INTC,4eff5b9ea401f7fe,2,2181.3,1
1784899828119,xyz:INTC,0951f0820dbd518d,2,283.57,1
1784899828119,xyz:DRAM,6fbd1e90d725c03c,2,44.32,1
1784899828119,xyz:BE,31007eac5bb0d38f,4,7497.61,1
1784899831159,xyz:INTC,d18dcd3382863dfe,10,6895.33,1
1784899840113,xyz:NBIS,5b4c657491c05d11,8,42585.74,1
1784899843148,xyz:HIMS,12bc5d3f341ba85b,2,223.03,1
1784899846110,xyz:HIMS,7b7e7fbe987ba850,2,2103.06,1
1784899855199,xyz:HIMS,25fe2dcbd40b4a36,16,58032.47,1
1784899855199,xyz:HIMS,bab8277d2eb38042,2,2077.05,1
1784899858170,xyz:HIMS,97ce401e5263ac05,36,103691.64,1
1784899861096,xyz:CRCL,4c35a5eb6225c49b,2,419.1,1
1784899861984,BTC,cc7c8a2624fb3e2e,2,2971.95,1
1784899861984,BTC,7cfaa3aa4ace4022,2,1754.1,1
1784899861984,BTC,40658869f2dd096f,2,398.66,1
1784899861984,BTC,094bbc015e7c6827,2,158.18,1
1784899861984,BTC,ace01c7f3c65c4eb,2,2647.87,1
1784899861984,BTC,14b516844fbe5d76,2,54.01,1
1784899861984,BTC,f088b0049c33d586,2,4924.09,1
1784899861984,BTC,1b4ebac0e4a49b63,2,12253.01,1
1784899861984,BTC,88790b4f64615b7d,2,23.15,1
1784899861984,BTC,b6c5072036c49a99,2,992.79,1
1784899861984,BTC,72984030254d0b4b,2,190.33,1
1784899861984,BTC,7dae74504012cfa2,2,3990.46,1
1784899861984,BTC,ab246be7bb26049d,2,385.8,1
1784899861984,BTC,bf1be0e489aeb49c,2,7903.76,1
1784899861984,BTC,b071aea33bc9b4b2,2,52209.03,1
1784899861984,BTC,a951efc6801f9d96,2,2336.66,1
1784899861984,BTC,bd6c10559499e2bb,2,23.15,1
1784899861984,BTC,36aa388b8ad75c1b,2,29889.21,1
1784899861984,BTC,5b05e2dbac9ad002,2,480.96,1
1784899861984,BTC,60d6f71064bb678a,2,79056.85,1
1784899861984,BTC,bac865ce76902145,2,243.05,1
1784899861984,BTC,0580a1fd4026103d,2,3280.59,1
1784899861984,BTC,94e98ebe9ac05279,2,47.58,1
1784899861984,BTC,7c509e716aa812d7,2,10245.56,1
1784899861984,BTC,7a15f47e29c1ea41,8,93664.72,1
1784899861984,BTC,990f4d6e2dfd7207,2,95.16,1
1784899861984,BTC,68b80925b1498464,2,1454.44,1
1784899861984,BTC,e9f10c9554e72534,2,23.15,1
1784899861984,BTC,9185a7b762bd9609,2,437.23,1
1784899861984,BTC,157569b7a33dba1d,2,23.15,1
1784899861984,BTC,2c8d43679aba28e2,2,7886.92,1
1784899861984,BTC,121f8355d0eebfda,2,790.88,1
1784899861984,BTC,f5350374fb755b48,2,32149.5,1
1784899861984,BTC,0ca6b89f2f54082d,2,62637.51,1
1784899861984,BTC,aef7833e01ae7794,2,394.8,1
1784899861984,BTC,ad623c360340a0bc,10,37114.67,1
1784899861984,BTC,7cc60412f5895efc,2,23.15,1
1784899861984,BTC,c58a44af527d8acf,2,405.08,1
1784899861984,BTC,82ba10376f3790e7,2,1003.06,1
1784899861984,BTC,4d895f5929a8167f,2,456.52,1
1784899861984,BTC,9e8e2203c6ae4040,2,2775.14,1
1784899861984,BTC,cd25e64c5e72fc85,6,41978.25,1
1784899861984,BTC,1da8357986716eb1,2,160.75,1
1784899861984,BTC,13df22a84bf0c555,2,1534.17,1
1784899861984,BTC,fd7db11a30dcb21f,2,259.77,1
1784899861984,BTC,2d75a1c855b4e122,2,95.16,1
1784899861984,BTC,615426ce0e202352,2,97.73,1
1784899861984,BTC,6ea6d91dd441d8eb,8,175304.05,1
1784899861984,BTC,b3824ff76f6de226,2,525.96,1
1784899861984,BTC,ba6b61bd12284599,2,5403.6,1
1784899861984,BTC,bc1fdd345e70f0f6,2,23.15,1
1784899861984,BTC,78d3ae0a50f585be,2,1579.16,1
1784899861984,BTC,1ec4a69158d86e05,2,1096.92,1
1784899861984,BTC,e7b6203f8fa52725,2,394.79,1
1784899861984,BTC,46ebf85f554591df,2,2973.14,1
1784899861984,BTC,06cc62f092dc3bbb,2,462.95,1
1784899861984,BTC,381b1a68b1ebfe01,2,15533.11,1
1784899861984,BTC,89570b77fa7051a2,2,524.67,1
1784899861984,BTC,7bf57d5a3d88e31f,2,50.15,1
1784899861984,BTC,f891379dd8f375a2,2,546.53,1
1784899861984,BTC,9aad1708e157c1dd,2,352.35,1
1784899861984,BTC,d773e182d009aff2,10,15238.39,1
1784899861984,BTC,f3dc75141dd5c3a5,8,2472.84,1
1784899861984,BTC,5b10d9cf33ecee01,2,23.15,1
1784899861984,BTC,e2fb478c1dd37ba1,2,673.82,1
1784899861984,BTC,b4a6c2d82e633284,8,31322.37,1
1784899861984,BTC,1828451fc7803e0c,2,1743.68,1
1784899861984,BTC,eb80bddf315c07a1,4,915.56,1
1784899861984,BTC,bc17d6e719df0185,2,23.15,1
1784899861984,BTC,0ba236aff8fc9e3b,2,1989.29,1
1784899861984,BTC,8d9ede7232302fca,6,110368.8,1
1784899861984,BTC,c38601522917ac90,2,84.87,1
1784899861984,BTC,881e09dd819ad28d,2,246.89,1
1784899861984,BTC,15272d937d144572,2,191.6,1
1784899861984,BTC,a8453051e61a00aa,2,513.07,1
1784899861984,BTC,3c80f8f4d979fead,2,3983.72,1
1784899861984,BTC,242c03aed12a9552,2,1789.97,1
1784899861984,BTC,1b63a05d43991251,2,765.11,1
1784899861984,BTC,c14be6ef1a77f2a4,2,187.74,1
1784899861984,BTC,b708205fe8271688,2,372.91,1
1784899861984,BTC,ad9d67e5d2b9ddc2,2,70.72,1
1784899861984,BTC,3f38bfaef4d9bd70,2,1503.22,1
1784899861984,BTC,b92fe972608e1a2d,2,429.49,1
1784899861984,BTC,9e14db7f456e7657,2,1143.17,1
1784899861984,BTC,23aa51457e46d212,2,1030.01,1
1784899861984,BTC,9d9831210359d071,2,75848.81,1
1784899861984,BTC,4bd52aac4835dc5f,2,23.15,1
1784899861984,BTC,fdcd203dc54c4d8f,2,12889.86,1
1784899861984,BTC,c919ed823ad6b081,2,1453.07,1
1784899861984,BTC,dda4d8dca43ff7bf,2,696.96,1
1784899861984,BTC,4137dfb65c862b9b,2,23.15,1
1784899861984,BTC,441e619f917c4406,2,32.15,1
1784899861984,BTC,6aa5c916e98e016a,2,1986.72,1
1784899861984,BTC,22256161739c9155,2,65.58,1
1784899861984,BTC,e9e2acd41fddd6dd,2,23.15,1
1784899861984,BTC,1450051641ae2af3,2,26551.26,1
1784899861984,BTC,79da9682f55b659f,2,92.58,1
1784899861984,BTC,f35b2ff590d8798a,2,1762.97,1
1784899861984,BTC,cfa8c258184347d5,2,1602.23,1
1784899861984,BTC,815491ab2ad5c780,2,610.8,1
1784899861984,BTC,aa07ccc1489641f1,2,1532.79,1
1784899861984,BTC,6c00fc3627bcd4ae,2,844.84,1
1784899861984,BTC,129d473a242f7d0c,2,105.44,1
1784899861984,BTC,2c26bcc19eb45ce4,2,756.11,1
1784899861984,BTC,fbaaaba653ba60fd,2,15797.28,1
1784899861984,BTC,62a8995cd4e1d205,2,442.35,1
1784899861984,BTC,9d402e35575946c4,2,23.15,1
1784899861984,BTC,074ae35bbadb2cb2,2,631.38,1
1784899861984,BTC,aff369f82c47da16,2,2372.49,1
1784899861984,BTC,db9456919af3e7c5,2,19768.14,1
1784899861984,BTC,f42dded87a1d56f4,2,7841.42,1
1784899861984,BTC,79ad4c4f9d42c601,2,369.05,1
1784899861984,BTC,8eba7a00d7a5c8ff,2,1014.58,1
1784899861984,BTC,2d5fe1389bfc6434,2,1620.23,1
1784899861984,BTC,c69184e885ac79d2,2,659.67,1
1784899861984,BTC,e0ad7a8262915ba3,2,1451.78,1
1784899861984,BTC,710b54c5a91f5074,2,735.53,1
1784899861984,BTC,27dbe3f08d114122,2,96.44,1
1784899861984,BTC,53ef85af7218c8e0,2,59.15,1
1784899861984,BTC,5441a6da927b7fc8,2,1244.75,1
1784899864781,BTC,ef6c1c6efe158826,2,464.34,1
1784899864781,BTC,b8b1de08f025722d,2,235.39,1
1784899864781,BTC,32536912f3b4da02,2,922.25,1
1784899864781,BTC,f225f313ea627b7f,2,942.83,1
1784899864781,BTC,ca85d823afb268e0,2,2461.9,1
1784899864781,BTC,7fa8dfd6dae58cd1,2,2779.61,1
1784899864781,BTC,dbcff825b653f198,2,159.5,1
1784899864781,BTC,81007ed64cf45730,2,263.68,1
1784899867150,xyz:SPCX,96a02bc336cce775,2,3503.24,1
1784899867150,xyz:SPCX,125f7e9d5d8153cb,2,164.97,1
1784899867150,xyz:SPCX,f0cd716804a2aa71,2,14368.12,1
1784899868144,BTC,90c490690f8912e5,2,180.05,1
1784899868144,BTC,f2b39c089edc235b,2,4168.25,1
1784899868144,BTC,c27dc66fff7af7a5,6,55785.87,1
1784899868144,BTC,00218919fe4cd1f2,2,1223.08,1
1784899868144,BTC,e864277f5012c1a6,2,994.16,1
1784899868144,BTC,7c9310b6df1a2ce0,2,1428.86,1
1784899868144,BTC,8d075861637ab2ed,2,523.44,1
1784899868144,BTC,51440e6be9c036b2,2,23.15,1
1784899868144,BTC,539215f940421d4f,2,365.25,1
1784899868144,BTC,da5d2bf4248e5abf,2,110.6,1
1784899868144,BTC,380f3fc02be79d63,2,1252.66,1
1784899868144,BTC,fd92e8a9f21a0e93,2,95.17,1
1784899868144,BTC,91f9aef3023fd8da,2,4035.78,1
1784899868144,BTC,52aeb9922a00b6ca,10,102888.0,1
1784901034033,BTC,52aeb9922a00b6ca,2,82164.48,1
1784901153357,BTC,52aeb9922a00b6ca,2,65579.01,1
1784899868144,ETH,52aeb9922a00b6ca,6,59670.4,1
1784901034033,ETH,52aeb9922a00b6ca,2,47572.48,1
1784901153357,ETH,52aeb9922a00b6ca,32,189665.28,1
1784899868144,BTC,4793fcfd7696d7cf,2,844.97,1
1784899868144,BTC,eaede0706e0d990c,2,155.62,1
1784899870142,xyz:BE,d88a964b4e87a62d,2,662.46,1
1784899870142,xyz:SPCX,4356a12778ae687a,2,1915.86,1
1784899871148,BTC,829da7eab9fe4a00,2,316.36,1
1784899871148,BTC,43a57406c2ff2350,2,69.45,1
1784899871148,BTC,a70ec21b158c0e71,2,3047.87,1
1784899871148,BTC,b3c6b5da1f1fdfbf,2,185.19,1
1784899871148,BTC,4360d98b730b5392,2,23.15,1
1784899871148,BTC,430afa81ab57c458,2,102.88,1
1784899871148,BTC,97d0711157be4750,2,23.15,1
1784899871148,BTC,92aeceb089650f33,2,289.35,1
1784899871148,BTC,b5cb1fae55a54947,8,45203.6,1
1784899871148,BTC,873b3fb2e9d2792d,2,23.15,1
1784899871148,BTC,320e9b79d657b4c1,2,461.68,1
1784899871148,BTC,2f56b4836c583994,2,1831.29,1
1784899871148,BTC,0a3c26aa38de32cd,2,1935.46,1
1784899871148,BTC,ce8f90cc03d4aa71,16,128602.0,1
1784899871148,BTC,bdc6709edec0e63f,2,315.07,1
1784899871148,BTC,2431ab09f0330a52,2,23.15,1
1784899871148,BTC,56d76f94cf48a21d,2,293.21,1
1784899871148,BTC,045d4da5d51689a0,4,16912.45,1
1784899871148,BTC,19b2ac11f2f3988c,2,637.87,1
1784899871148,BTC,f248a394591e1cd3,2,945.22,1
1784899871148,BTC,be48fb0bc2490d0c,2,681.59,1
1784899871148,BTC,b0225d4ccbf58531,2,3553.27,1
1784899871148,BTC,c0e3e55b1c1a695d,2,72.02,1
1784899876207,xyz:BE,50abb67742954157,12,15141.92,1
1784899882174,xyz:DRAM,11ecac201e05d0ce,2,154.57,1
1784899882174,xyz:NBIS,31abfb1b62ff8842,2,6472.61,1
1784899882174,xyz:DRAM,f35ffc65a482fff3,4,6270.28,1
1784899882174,xyz:BE,fedd6fba9061ac3f,2,1665.27,1
1784899882174,xyz:COIN,ec8751f933fa9fee,2,110.94,1
1784899885068,xyz:SNDK,525c3c22ba874e0a,192,1967081.1,2
1784899885068,xyz:BE,06725541d8556426,2,3089.35,1
1784899885068,xyz:CRCL,ee058dfbbe641e96,4,435.78,1
1784899885068,xyz:NBIS,e34ae843a30cb687,2,1892.18,1
1784899888090,xyz:BE,a3f9a494c1451a48,2,430.07,1
1784899888090,xyz:SNDK,cddb7aa0926ac9f3,2,51.9,1
1784899888090,xyz:NBIS,9ca38322266a966c,2,16.86,1
1784899888090,xyz:SNDK,0485e4468869c7c8,2,2347.91,1
1784899891145,xyz:HOOD,786d270e10c91c45,2,1895.36,1
1784899894115,xyz:HOOD,0ad9dc497fa7fa5a,4,29836.65,1
1784899909134,xyz:HOOD,24e5952e8fbbb686,2,937.81,1
1784899909134,xyz:COIN,f1af065777a3952a,2,966.12,1
1784899909134,xyz:COIN,49fb6ef86856c609,6,28306.87,1
1784899909134,xyz:COIN,40a3c7ba17e69313,2,207.9,1
1784899909134,xyz:HOOD,a333fad9eb4ff4da,2,37.87,1
1784899909134,xyz:CRCL,cc5bc66b860c8595,2,28.35,1
1784899909134,xyz:COIN,e43ffd6fdb961dc1,2,188.97,1
1784899909134,xyz:CRCL,f1c62ff0cbee794a,2,5501.88,1
1784899911449,BTC,f2a16503f21ed10e,2,688.05,1
1784899911449,BTC,7479a715fe5c8e58,6,50557.09,1
1784899911449,BTC,fe536d1e1519b8d4,2,3422.26,1
1784899911449,BTC,0ed2e79a1f0165fd,2,7944.12,1
1784899911449,BTC,dcc3d44a9c4205ba,2,1005.71,1
1784899911449,BTC,8413ee8f76a95669,2,679.05,1
1784899911449,BTC,db9b465eb81a3878,2,4205.48,1
1784899911449,BTC,35dba1234b227305,2,1939.41,1
1784899911449,BTC,2bb8334531bae6bc,2,758.79,1
1784899911449,BTC,3f4a26b92f27d071,2,2245.5,1
1784899911449,BTC,74c9817f2bed0254,2,1180.62,1
1784899911449,BTC,e59f9f660e531da2,2,432.12,1
1784899912142,xyz:COIN,413f3b3db6105dbb,4,7046.59,1
1784899915124,xyz:COIN,194c2e5da3bc07e1,2,315.74,1
1784899915124,xyz:HOOD,65a37282dcc4a60d,2,0.2,1
1784899917353,BTC,ea554ec832933bab,2,23.14,1
1784899917353,BTC,265e11a0b4fbb0ac,2,888.49,1
1784899917353,BTC,3fa178f68db171eb,2,542.61,1
1784899917353,BTC,1d028d7d8bc406fa,2,10682.43,1
1784899917353,BTC,9bab5e9bb33bef71,2,497.6,1
1784899917353,BTC,ca0e2231b395db08,2,1645.82,1
1784899917353,BTC,af95f586671a6ffd,2,403.74,1
1784899917353,BTC,c57d7a2331d98799,2,1593.11,1
1784899917353,BTC,cbdc8b7b89c2e286,2,142.72,1
1784899917353,BTC,800bb4d60a740e4a,2,4891.18,1
1784899917353,BTC,7d568d6e8a8a1627,2,1072.36,1
1784899917353,BTC,705ebf5f2a6f3bda,2,54.0,1
1784899917353,BTC,9cb1466ea516a1eb,2,723.91,1
1784899917353,BTC,bbca77edf9783325,2,1643.25,1
1784899917353,BTC,61017dff5dbe4420,2,4019.41,1
1784899917353,BTC,6bbb3c2417ec86d6,2,2394.16,1
1784899917353,BTC,453cb1b829e294c7,2,585.04,1
1784899917353,BTC,9580f9c657901499,2,362.6,1
1784899917353,BTC,71ddece6fd8c6f95,2,330.45,1
1784899917353,BTC,74a0ffab3ecac1ea,2,23.14,1
1784899917353,BTC,090ee62f5587862d,2,374.17,1
1784899917353,BTC,94a6cccf89dce0d1,2,23.14,1
1784899917353,BTC,2cb2d981a137b6a1,2,1983.99,1
1784899917353,BTC,2516f04beac051fa,2,160.72,1
1784899917353,BTC,406e3221a4a3669b,2,1693.4,1
1784899917353,BTC,8510c762b5bd1264,2,723.91,1
1784899917353,BTC,b44d2f0cd0ae8e14,2,23.14,1
1784899917353,BTC,bcfda1b1a3c0c2d6,2,987.49,1
1784899917353,BTC,26f9abfbd0ee36f5,2,23.14,1
1784899917353,BTC,3e00817d16334681,2,7633.79,1
1784899917353,BTC,8d7df1075ceb3646,2,786.91,1
1784899917353,BTC,658ee307644f6bbb,2,858.91,1
1784899917353,BTC,4425684137691c65,4,138787.97,1
1784899917353,BTC,3b014c9e9c4c9fe0,4,2670.58,1
1784899920040,BTC,1f652892178d961f,2,23.14,1
1784899920040,BTC,3c7825e5ddd77c6f,2,1618.82,1
1784899920040,BTC,588f53c0ec0a8811,2,1188.08,1
1784899920040,BTC,066e5f3983dc2d49,2,879.49,1
1784899920040,BTC,54b2eb38ab98188d,2,6791.6,1
1784899920040,BTC,fbe0fb5c0e2da9fd,2,30.86,1
1784899920040,BTC,17463cc97ee79ff8,2,514.32,1
1784899920040,BTC,c0e9891d83e6554e,2,7442.21,1
1784899920040,BTC,7ca20ed4c27fa05a,2,11776.64,1
1784899920040,BTC,0d4ea715a642a965,2,32027.99,1
1784899920040,BTC,aeec7c3fdc54fdf4,2,482.17,1
1784899936062,xyz:HOOD,9e97b6f890116773,2,89.85,1
1784899975109,BTC,017c28c36561de3c,2,514.31,1
1784899975109,BTC,fbd83aee92188c7a,2,2534.27,1
1784899975109,BTC,8e29e4a93c70bd0b,2,239.16,1
1784899975109,BTC,5c4e27c8d1450c9a,2,248.15,1
1784899975109,BTC,bd514d09226984a1,2,118.29,1
1784899975109,BTC,0cffeed201dbddda,2,1143.04,1
1784899977728,BTC,cbddbf93cbb0e9b1,2,2887.82,1
1784899977728,BTC,8daf556e09cd3e80,2,176.15,1
1784899977728,BTC,27b997ae551fa05f,2,20.57,1
1784899977728,BTC,59c92eda44aa9551,2,191.58,1
1784899977728,BTC,c95cb86693b97724,2,6098.36,1
1784899977728,BTC,0ff3bf1ac7c3aa5f,2,420.44,1
1784899977728,BTC,1548da69f205821b,2,394.73,1
1784899980728,BTC,37349868fe86a943,2,96.43,1
1784899980728,BTC,10fdc9899454e21c,2,696.87,1
1784899980728,BTC,ecbad1b8ead66879,2,453.87,1
1784899981220,xyz:CBRS,35871fe76692a680,6,22610.25,1
1784899984205,xyz:CBRS,9af8ebcf12445f88,2,37.48,1
1784899984205,xyz:CBRS,0346c14eda7ca386,2,58.31,1
1784899984205,xyz:CBRS,08ec0179ce2809d4,2,137.44,1
1784900005102,xyz:BIRD,b34c52d64181c0a0,2,255.34,1
1784900005102,xyz:CBRS,88e53a9776d3425f,2,8.32,1
1784900008262,BTC,7945a336bd30f90f,4,6183.03,1
1784900008262,BTC,c8270d2fea77d599,2,498.86,1
1784900008262,BTC,86c0216683a2e868,2,3151.3,1
1784900024304,BTC,3f550c42923449a4,2,21455.38,1
1784900024304,BTC,8bba182f817826f0,10,89103.65,1
1784900024304,BTC,f9574c4ef3104a81,2,2050.53,1
1784900024304,BTC,57bb1b42db47a9f0,2,134.99,1
1784900024304,BTC,2e1a5b85b387a8d3,2,550.24,1
1784900024304,BTC,ca15d25e4b1f0895,2,3215.29,1
1784900024304,BTC,b0bf0a9b5be78a67,12,147320.29,1
1784901144452,BTC,b0bf0a9b5be78a67,8,117438.65,1
1784900027298,BTC,0b899045e98a7bfd,2,36954.0,1
1784900027298,BTC,872ad00e39d897ef,2,903.76,1
1784900027298,BTC,4847e1e810f1d17e,2,251.97,1
1784900027298,BTC,6cb82a023465386c,2,181.27,1
1784900027298,BTC,6309616cddffe7c4,2,240.4,1
1784900027298,BTC,8c53105168aaafd7,2,3162.53,1
1784900027298,BTC,62908655e24f79c3,2,23.14,1
1784900027298,BTC,40e00567aed2c51e,2,848.48,1
1784900032094,xyz:CBRS,3cafb749ef0051f5,2,107.59,1
1784900032094,xyz:BIRD,e24fbd9aa1b94499,2,454.1,1
1784900032094,xyz:CBRS,9532d6816d9d53c0,4,293.76,1
1784900032094,xyz:BIRD,57a7dad34ce84621,2,317.27,1
1784900050131,xyz:CBRS,2caaf4de796580e8,2,33.0,1
1784900050131,xyz:CBRS,e82f4d97610a2075,2,2198.73,1
1784900050131,xyz:CBRS,880dfb033913eebc,2,3291.91,1
1784900070767,BTC,e603488599850dbe,2,60.42,1
1784900070767,BTC,dba7daac13fc589d,2,3098.2,1
1784900073784,BTC,d237a05e262a2ee9,4,146.55,1
1784900073784,BTC,7f5366983b8bb238,2,23.14,1
1784900073784,BTC,bc31ccb21ec913a2,2,7580.95,1
1784900073784,BTC,f0aa0c068a5a0569,2,23.14,1
1784900073784,BTC,b4e27bc77ea9ffb0,10,141330.61,1
1784901144452,BTC,b4e27bc77ea9ffb0,6,112667.1,1
1784900073784,BTC,57b5a6f7232cfae6,2,118.27,1
1784900073784,BTC,81e5de44a518093d,2,6101.27,1
1784900073784,BTC,f9ab169c70176ae5,2,1856.35,1
1784900073784,BTC,fdde2d9cece2e825,2,641.49,1
1784900081679,BTC,5a4b88541b49dcba,14,37930.55,1
1784900081679,BTC,27cf70cceedcb814,2,47.56,1
1784900081679,BTC,eb068abfa8d6bd6f,2,23.14,1
1784900081679,BTC,555bca30d9235f0b,4,3437.48,1
1784900081679,BTC,21986ab917775358,2,5365.76,1
1784900081679,BTC,d5a68d38abdf9b9e,2,1938.56,1
1784900081679,BTC,bf91ed865cf2a0fe,2,906.29,1
1784900083087,BTC,2b90bd1767447fb2,2,169.68,1
1784900083087,BTC,c3a4b964aa658708,2,179.96,1
1784900083087,BTC,1a187c0525c04e7d,2,795.67,1
1784900083087,BTC,1ce2337efbd44946,2,1394.68,1
1784900083087,BTC,2221ef9b531c0eb7,4,2255.91,1
1784900083087,BTC,27b0d336da0a654e,2,10306.5,1
1784900083087,BTC,e4d584ec76a0181d,2,1789.3,1
1784900083087,BTC,0e6a7d8d78ccf3e6,4,3045.16,1
1784900083087,BTC,796062ab1674daca,2,314.93,1
1784900085910,BTC,80feadbdeb45c9e3,16,244808.24,1
1784901144452,BTC,80feadbdeb45c9e3,10,195200.58,1
1784900085910,BTC,2e8e8d2617eb842f,2,1285.42,1
1784900085910,BTC,f9e04bc812734a28,2,2932.04,1
1784900085910,BTC,773cb97e92e9fe16,2,23.14,1
1784900085910,BTC,8d0a87d5595f3106,2,2587.55,1
1784900085910,BTC,0dd66503d65df971,2,23.14,1
1784900085910,BTC,2188bf9c07ebfdff,2,23.14,1
1784900085910,BTC,78a911e1c4700451,2,393.34,1
1784900085910,BTC,331c296f8896292e,2,859.95,1
1784900164217,xyz:COIN,aba80e41985c76ff,4,313.79,1
1784900167109,xyz:CRWV,7951e2be6c7ec288,4,4526.78,1
1784900167109,xyz:CRWV,248d4600282fba3a,2,832.33,1
1784900167109,xyz:NBIS,a33008e4ca8571f0,2,9809.26,1
1784900170142,xyz:HOOD,931e12721a792fbd,2,170.75,1
1784900176178,xyz:INTC,eb7b8817dd539030,2,116.6,1
1784900176178,xyz:INTC,d5d886fe0e0ba200,2,8211.53,1
1784900176178,xyz:INTC,657be4f07d5ccbd2,2,9525.77,1
1784900176178,xyz:INTC,72126eee52f844b3,2,160.08,1
1784900176178,xyz:INTC,07bc329ebcb38501,2,21.74,1
1784900185138,xyz:INTC,7cc6ce37a71b6dbe,2,27.65,1
1784900185138,xyz:INTC,f265fe70ecf5e827,8,11460.1,1
1784900185138,xyz:INTC,29fc4109280a4267,2,2743.3,1
1784900185138,xyz:NBIS,c3a0073bbeda09e0,2,188.36,1
1784900185138,xyz:NBIS,8869a58e793889d1,4,460.42,1
1784900188116,xyz:INTC,f627cd7d145c0e5d,64,392804.72,2
1784900188116,xyz:INTC,e4ff23f245c50289,2,27.53,1
1784900188116,xyz:HOOD,f4eacdfb9bdbf79d,10,18939.91,1
1784900188116,xyz:INTC,592bc68ada64f6a5,2,1048.29,1
1784900188116,xyz:INTC,a675f4bfaa333e82,2,19.67,1
1784900188116,xyz:INTC,5ee97ad8413e664d,2,955.86,1
1784900188116,xyz:INTC,5c880ce20caa230c,2,8400.12,1
1784900188116,xyz:INTC,95975530abd7802e,2,983.39,1
1784900188116,xyz:INTC,c797e445dabfb295,6,6364.28,1
1784900188116,xyz:INTC,4c243662fb301f57,10,90232.82,1
1784900188116,xyz:INTC,21ff8ed60d3dfbf1,2,440.51,1
1784900188116,xyz:INTC,ed4201a0d2d5ab5e,2,1077.67,1
1784900188116,xyz:INTC,c8a2c217445f4a04,2,1882.0,1
1784900188116,xyz:INTC,70c5dad5ff128c4a,42,392568.66,2
1784900188116,xyz:INTC,ae1b7bd8fdc3c21d,2,519.1,1
1784900188116,xyz:COIN,405243702573f3e4,2,237.82,1
1784900189393,BTC,6333db894999bb4b,2,3851.06,1
1784900191166,xyz:INTC,1ad64590040b02a5,2,2331.4,1
1784900191166,xyz:INTC,ca91347c448e5cef,2,8970.4,1
1784900191166,xyz:INTC,ef0156abcff50099,2,447.44,1
1784900191166,xyz:INTC,85f05cca1ac873fa,2,60.84,1
1784900191166,xyz:INTC,e24fbd9aa1b94499,2,92.24,1
1784900191166,xyz:CRWV,29e7b93ce95317a1,2,10.79,1
1784900191166,xyz:NBIS,58eb02e2c1d095c4,4,9981.94,1
1784900191166,xyz:NBIS,4356a12778ae687a,2,5651.36,1
1784900191166,xyz:INTC,f404d4890ac4eede,2,1333.89,1
1784900193507,BTC,7c53c51f40bd616f,2,1241.66,1
1784900193507,BTC,478296090abe4b67,2,28437.3,1
1784900193507,BTC,f05e706d084a3f3c,2,706.95,1
1784900193507,BTC,06f669856e35d0c9,2,2404.91,1
1784900193507,BTC,45a01f10f0c3b9e0,2,6600.32,1
1784900193507,BTC,9d4cdf77559b9a39,2,528.28,1
1784900193507,BTC,b5437be4ea9a4a95,2,23.14,1
1784900193507,BTC,509f707d24a38c2c,2,2080.93,1
1784900193507,BTC,31b8b5f064016760,238,3797402.25,2
1784900193507,BTC,27b7e354057ee000,2,510.18,1
1784900193507,BTC,d40795e5f3c9c87c,2,854.58,1
1784900193507,BTC,3f34ced610a59122,2,83.53,1
1784900193507,BTC,2954f16091d0746e,10,42164.76,1
1784900193507,BTC,250fd975bac887c6,2,633.54,1
1784900193507,BTC,11036e49a0c2c9d6,2,758.2,1
1784900193507,BTC,207b670cae4b7480,2,15496.78,1
1784900193507,BTC,d9d0d06b4dd176f2,10,33996.29,1
1784900193507,BTC,b7ad94ff2d4f1bf2,4,71372.23,1
1784900193507,BTC,c2788b1ee8c88916,2,250.59,1
1784900193507,BTC,59ed779ab907e641,16,9056.99,1
1784900193507,BTC,016769307d87e444,2,7904.28,1
1784900193507,BTC,292ff58a7980b02b,2,23.13,1
1784900193507,BTC,ffdb8781a5c4fa08,2,172.2,1
1784900193507,BTC,b6377497ef1631a4,2,3157.34,1
1784900193507,BTC,a7d00ee85f7d5b05,4,889.25,1
1784900193507,BTC,8e7d6df88db409b9,2,497.31,1
1784900193507,BTC,8ac7044b39a4914e,2,12751.45,1
1784900193507,BTC,a4efec774566db09,2,23.13,1
1784900196306,BTC,4c0896b428e93320,2,34.7,1
1784900196306,BTC,eb5c0e8f1fcd8383,2,1296.73,1
1784900196306,BTC,f8c2e32e5415e4e4,2,77.11,1
1784900196306,BTC,a0b4f59e34956bd8,2,23.13,1
1784900196306,BTC,577542bde643c1c3,2,115.66,1
1784900196306,BTC,2263861da9541218,2,8232.73,1
1784900196306,BTC,34ec76f104023114,2,24.42,1
1784900196306,BTC,feca203b9f3a8978,2,1858.34,1
1784900196306,BTC,ea102723a750a5c4,2,5630.29,1
1784900196306,BTC,70fe231d23b627ea,2,23.13,1
1784900196306,BTC,e36133f09032e330,2,765.96,1
1784900196306,BTC,a9c5401bcf82a833,2,23.13,1
1784900196306,BTC,b0a8f1675937c6c8,2,23.13,1
1784900196306,BTC,1ac9327787c288cf,2,39.84,1
1784900196306,BTC,e32817de2c2c09f2,2,79.68,1
1784900196306,BTC,579e53646f9b3261,2,4063.68,1
1784900196306,BTC,eae40c6d8ed8e7aa,2,23.13,1
1784900196306,BTC,0b94ab32147b509c,2,395.83,1
1784900196306,BTC,1f9d4db87b704e2e,2,23.13,1
1784900196306,BTC,25cb83b1c70a35b4,2,386.83,1
1784900196306,BTC,f1e3572e48b47952,2,102.81,1
1784900196306,BTC,45e6e4cdd7d4d906,2,241.6,1
1784900196306,BTC,d1f1d1826f07d3fb,2,23.13,1
1784900196306,BTC,3014a1a5c6e60422,2,2635.7,1
1784900196306,BTC,d78dec58ad3db98a,2,3152.3,1
1784900196306,BTC,7c7e7b438b68f76b,2,28.27,1
1784900196306,BTC,4209d17c51f3443b,2,11861.29,1
1784900196306,BTC,326c3361e5b53b89,2,5534.84,1
1784900196306,BTC,c307fc977f30ebee,2,1833.81,1
1784900196306,BTC,8562012f9e81bcc8,2,222.32,1
1784900196306,BTC,b24edbee9e6d19d6,2,284.0,1
1784900196306,BTC,8f99b38daf394a7b,2,1935.33,1
1784900196306,BTC,91e43a920014207c,4,11967.95,1
1784900196306,BTC,3da3b9dc5f37b633,2,23.13,1
1784900196306,BTC,8bb3043b64b5f4b7,2,3071.34,1
1784900196306,BTC,389bd3853c210906,2,87.39,1
1784900196306,BTC,76a11b8368920690,2,756.91,1
1784900196306,BTC,a3affb67d6b79e93,2,23.13,1
1784900196306,BTC,e690e044c610afa9,2,776.19,1
1784900196306,BTC,93156321a6bcc745,2,344.4,1
1784900196306,BTC,af7cd64eeea671bd,2,23.13,1
1784900196306,BTC,f7f0fae1ded86630,2,524.31,1
1784900196306,BTC,6131ca49203ef469,2,553.87,1
1784900196306,BTC,7cbd8fb13b51dbf3,2,4220.2,1
1784900196306,BTC,98a71013edd110a0,2,904.7,1
1784900196306,BTC,ecf3a86ed21d2ca7,2,84.82,1
1784900196306,BTC,094fe6704243af13,2,6.43,1
1784900196306,AVAX,094fe6704243af13,2,0.25,1
1784900196306,DOT,094fe6704243af13,2,0.16,1
1784900196306,BTC,496327b21fe7447d,2,25.7,1
1784900196306,BTC,d7a2a7faaecf963e,2,4064.71,1
1784900196306,BTC,9aa82b47ed86e632,2,83.53,1
1784900196306,BTC,d493ce6fd64e8470,2,276.29,1
1784900196306,BTC,b0599a24f7baab2e,2,291.71,1
1784900196306,BTC,cd28bdf2a26da20a,2,553.87,1
1784900196306,BTC,10a4e415925dec95,2,999.79,1
1784900196306,BTC,6c8d8e9d73c64c5f,2,2129.38,1
1784900196306,BTC,4dffdd91cb86de7e,2,462.63,1
1784900196306,BTC,a76bfa419535728e,2,23.13,1
1784900196306,BTC,72c8a3a33ef3776b,2,1599.92,1
1784900196306,BTC,dc7a1148df5c337f,2,470.34,1
1784900196306,BTC,32d5f837a44a8b51,2,3212.7,1
1784900196306,BTC,9846f386eb8786d6,2,1042.2,1
1784900196306,BTC,b4c01fbd3d5a0d86,2,23.13,1
1784900196306,BTC,86e98198b5ec0f95,2,23.13,1
1784900196306,BTC,c0ae1aee1ff44f2f,2,23.13,1
1784900196306,BTC,a10cbdaaed7a3f18,2,773.62,1
1784900196306,BTC,c106455ce307782c,2,23.13,1
1784900196306,BTC,1b9b4ccd36f41441,2,379.1,1
1784900196306,BTC,5f337eb9f84208b7,2,421.51,1
1784900196306,BTC,65cbbc61ca519421,2,23.13,1
1784900196306,BTC,ec20cd386b874ce6,2,186.34,1
1784900200132,xyz:NBIS,e85086c8769922a1,242,2902904.0,2
1784900203204,xyz:HOOD,bca68d957d28ad3c,2,86.93,1
1784900212082,xyz:INTC,0147ead7e80b42b9,2,1468.11,1
1784900212082,xyz:INTC,058b1ad9a5ac542d,4,4958.95,1
1784900215118,xyz:INTC,f481fac499f53424,2,9017.93,1
1784900215118,xyz:INTC,69f3debc48015070,2,385.62,1
1784900215118,xyz:INTC,61e5301105eff349,2,121.36,1
1784900215118,xyz:HOOD,28f949402cea7b61,2,621.28,1
1784900215118,xyz:HOOD,663ed05c4753a666,2,3396.01,1
1784900215118,xyz:INTC,9c48c5752a793249,2,140.94,1
1784900224115,xyz:CBRS,8a42fbcd3730986c,6,23824.3,1
1784900224115,xyz:CBRS,3b936cf138687130,2,2537.01,1
1784900224987,para:CRDO,99ca45abe7e034e9,2,187.13,1
1784900230147,xyz:INTC,6bf04a2630824b3d,2,497.23,1
1784900230147,xyz:INTC,5c35b72b832b4089,2,1299.85,1
1784900230147,xyz:INTC,a2855a3fc306dc2d,2,1536.72,1
1784900239703,BTC,a209a4ce9ec8f500,2,357.23,1
1784900239703,BTC,cf10672806c282b4,2,1634.52,1
1784900239703,BTC,293248ef25ebd38a,2,1084.54,1
1784900239703,BTC,0bdd399ba8bc11cf,2,458.75,1
1784900239703,BTC,233a1167889950d1,2,362.37,1
1784900239703,BTC,d0155fdadcb55753,2,194.03,1
1784900239703,BTC,72f895b2d7f13a4b,2,560.26,1
1784900245158,xyz:INTC,f88e0eb716958058,2,148.29,1
1784900245158,xyz:INTC,4a26fdcd4270e61c,2,472.19,1
1784900245158,xyz:INTC,819d02cc234249e2,2,7560.82,1
1784900245158,xyz:INTC,af960c289daa4f37,2,23.41,1
1784900245158,xyz:INTC,201176a1ab3834ef,2,327.8,1
1784900245158,xyz:INTC,44f88f205145cf5f,2,2415.56,1
1784900245158,xyz:INTC,13f7c6ec93f30f29,4,29745.59,1
1784900246562,BTC,314f4c6bb427eaa4,2,865.94,1
1784900246562,BTC,21143effd18e73eb,2,23.13,1
1784900246562,BTC,8a6dc51d910377b6,2,56.53,1
1784900246562,BTC,f47c2ec4523bf066,2,4309.15,1
1784900246562,BTC,62196e85d8e8b947,2,201.71,1
1784900246562,BTC,67b92d5bf048e443,2,982.86,1
1784900246562,BTC,f34558386ed43ebd,2,2241.94,1
1784900246562,BTC,28ab3100367af4e8,2,23.13,1
1784900249580,BTC,98b91ecb672f1de3,2,683.68,1
1784900323621,XRP,836611c0bf3895f6,2,111.5,1
1784900329122,xyz:MU,c6cc9bdd77bb567e,2,1.9,1
1784900329122,xyz:CBRS,bf4b0378b0446e0e,4,5276.79,1
1784900329122,xyz:CRCL,89ff13e8252e3b87,2,141.92,1
1784900332196,xyz:COIN,6a427dfbe329c7ba,2,1401.83,1
1784900353195,xyz:HOOD,663a3dd7c1453241,6,43567.52,1
1784900395150,xyz:HOOD,002a793e7a347c5e,106,768777.57,2
1784900395150,xyz:HOOD,a9e6a173be87fb72,4,18931.87,1
1784900395150,xyz:HOOD,977ab4c88df362d5,2,94.02,1
1784900395150,xyz:COIN,59f508120f7f9d4d,2,35.43,1
1784900407136,xyz:COIN,17b3eee3171ae3c6,2,101.13,1
1784900407136,xyz:HOOD,edeb8ea4344ba02e,4,15538.07,1
1784900407465,BTC,9645f42e3e274d51,2,776.0,1
1784900407465,BTC,ba5466ca8dfbf932,2,5938.16,1
1784900407465,BTC,ab2448a90e893c0f,2,5643.95,1
1784900407465,BTC,dd9a2da0b41825e2,2,533.18,1
1784900407465,BTC,0efb85e4e42cae61,2,921.17,1
1784900407465,BTC,8df1ae4fef69c07f,2,535.74,1
1784900407465,BTC,6c794cc6db3005be,2,1146.01,1
1784900407465,BTC,2179f575ddd15808,2,316.05,1
1784900407465,BTC,0f883a995fa6ea1a,2,277.51,1
1784900407465,BTC,a2edb73002b0ef23,2,23.13,1
1784900407465,BTC,5b2e4c2698627a38,2,4499.23,1
1784900407465,BTC,b4d3f8cd0bbfaa34,2,759.29,1
1784900407465,BTC,5f08edbdf264da08,2,412.41,1
1784900407465,BTC,7e36182583773ec5,2,776.0,1
1784900407465,BTC,373fcde19d4644f6,2,495.92,1
1784900407465,BTC,719315344963027c,2,13523.38,1
1784900407465,BTC,c7ce44c154d95e13,2,280.08,1
1784900407465,BTC,9a0a4e285ccc5570,2,1819.22,1
1784900407465,BTC,5b7ef44e632075ca,2,4426.0,1
1784900407465,BTC,8ed0504631633302,2,2243.19,1
1784900407465,BTC,a8650d333bf3fee8,2,142.61,1
1784900407465,BTC,3a9ea041b2b9de03,2,1968.25,1
1784900407465,BTC,f2569c1d6e22b4a3,2,671.93,1
1784900407465,BTC,846f6b5e53424327,2,23.13,1
1784900407465,BTC,80658a164046385a,2,137.47,1
1784900407465,BTC,ea57e5e1a544b635,2,205.56,1
1784900407465,BTC,44577fc9c49473a6,2,75.8,1
1784900407465,BTC,37e5b15eb869a0a2,2,84778.74,1
1784900407465,BTC,b19cdf19dd1a6b3d,2,177.3,1
1784900407465,BTC,734a8fd3c0099385,2,396.99,1
1784900407465,BTC,abe4648ec79a95c5,2,880.06,1
1784900407465,BTC,0adac67d110720c6,2,23.13,1
1784900407465,BTC,a0bc1cff2dfdac19,2,240.25,1
1784900407465,BTC,8c1d5c0d093c75ef,2,195.28,1
1784900407465,BTC,077255180df4ccea,2,163.16,1
1784900407465,BTC,f1993d32beb823fe,2,395.71,1
1784900407465,BTC,a31711f721d43a45,2,6930.0,1
1784900407465,BTC,a01a9cfc59c9a930,2,23503.4,1
1784900407465,BTC,3467bd221341469b,2,1543.0,1
1784900407465,BTC,76fbd21d562bf737,2,921.17,1
1784900407465,BTC,fd5f4edbe6ff7f5a,2,1427.37,1
1784900407465,BTC,45db6c38b685e6bd,2,334.04,1
1784900407465,BTC,6afb9c0a76e8bb99,2,344.32,1
1784900410097,xyz:CRWV,e8b76c1fbf648d18,2,36.84,1
1784900410428,BTC,939526f218f02503,2,222.26,1
1784900410428,BTC,73e9d336480b90a7,2,1510.88,1
1784900410428,BTC,288d906065863f39,2,2414.06,1
1784900410428,BTC,c57e6b88eef372fb,2,128.48,1
1784900410428,BTC,475d1856880a8e85,2,300.63,1
1784900410428,BTC,c00ea51b5a20862a,2,827.39,1
1784900410428,BTC,28663f82a1a708a4,2,161.88,1
1784900410428,BTC,1d350db09bd9cdf1,2,41.11,1
1784900410428,BTC,b10c3cd9bc75f1e9,2,177.3,1
1784900410428,BTC,f7f434135ae1c5f0,2,3048.74,1
1784900410428,BTC,e69057a0879acf3b,2,395.71,1
1784900410428,BTC,33790559766540cf,2,1012.39,1
1784900410428,BTC,816b92f55ac1a594,2,1824.36,1
1784900410428,BTC,917bc06819d35965,2,533.18,1
1784900410428,BTC,7bfdd5d55f3ee97c,2,1363.13,1
1784900410428,BTC,33bc5d892b0c5142,2,24.41,1
1784900410428,BTC,ed2b14411a130a28,2,556.3,1
1784900410428,BTC,46be30deb1319363,2,41.11,1
1784900410428,BTC,7aabef115bac5aec,2,26.98,1
1784900410428,BTC,6b6e3ada48edc590,2,815.82,1
1784900410428,BTC,bc5f51edd13920c0,2,4048.28,1
1784900410428,BTC,94eaedc999ae5b57,2,635.96,1
1784900410428,BTC,8c36eeee79b354e4,2,386.71,1
1784900410428,BTC,3d43a02104e8e66d,2,1085.62,1
1784900410428,BTC,fd7b8f6f43244eda,2,23.13,1
1784900410428,BTC,2be370846adf0c85,2,7679.01,1
1784900410428,BTC,519e7274bd4fde1b,2,637.24,1
1784900410428,BTC,2f3ebd1a6a0e6bcb,2,1442.79,1
1784900410428,BTC,ed16c93613aefba3,2,3450.87,1
1784900410428,BTC,a18f2f2ea3d82ec8,2,23.13,1
1784900410428,BTC,9c308b91a67d455e,2,1153.71,1
1784900410428,BTC,0d56a4079821bfca,2,23.13,1
1784900410428,BTC,ae6f2618712d720f,2,741.31,1
1784900410428,BTC,b019aa73fba5cb4a,2,935.31,1
1784900410428,BTC,61bb0b8222d7f21f,2,23.13,1
1784900410428,BTC,4437ee10be3f1d34,2,238.97,1
1784900410428,BTC,1aa5e3fc5d197430,2,158.03,1
1784900410428,BTC,2b580d540eeac1c5,2,119.48,1
1784900410428,BTC,91f0c31fdc9f2def,2,1196.11,1
1784900410428,BTC,4b9582a619903647,2,1383.69,1
1784900410428,BTC,2e3a5ec56dc6a817,2,3115.54,1
1784900410428,BTC,ff5d89310c0564a9,2,1397.82,1
1784900410428,BTC,6f95752bb0be9f37,2,341.75,1
1784900410428,BTC,c76113a9d7dcd904,2,23.13,1
1784900410428,BTC,6876d327a1dd6b0d,2,2218.78,1
1784900410428,BTC,639ed10243e7c05a,2,1596.96,1
1784900410428,BTC,6da0c52b3621d0cf,2,79.66,1
1784900410428,BTC,f2375a48c09b219f,2,111.77,1
1784900413504,BTC,8d55cc896af56357,2,79.66,1
1784900413504,BTC,97e28430a1533d82,2,349.45,1
1784900413504,BTC,88b94650bcfe0d2c,2,220.98,1
1784900413504,BTC,559a8c917b032fa4,2,655.23,1
1784900413504,BTC,fd5e1225b372720d,2,23.13,1
1784900417130,BTC,4c785202488f1205,2,201.73,1
1784900417130,BTC,2978308b9adc1057,2,908.42,1
1784900417130,BTC,c112dac4af9cc9b5,2,794.07,1
1784900417130,BTC,150c5d1eb7c6223a,6,28330.76,1
1784900417130,BTC,229646b9f5ff73d5,4,15378.97,1
1784900417130,BTC,5bf986a9a7a4b74e,2,336.64,1
1784900417130,BTC,e4f0b67eaca4c9ae,2,353.35,1
1784900417130,BTC,6cc015dbbc059f45,4,10055.63,1
1784900417130,BTC,b0a004213e85c083,2,860.88,1
1784900417130,BTC,81976b66e3fb30f4,4,2478.57,1
1784900417130,BTC,1aebe509b62cee73,2,3723.64,1
1784900417130,BTC,057e3acf3b7b443b,4,760.66,1
1784900417130,BTC,8bc3b9664f125fcc,2,2370.64,1
1784900417130,BTC,a6674ba47a5a708b,2,265.97,1
1784900417130,BTC,31216437acd5a71e,2,1845.12,1
1784900417130,BTC,3a6c7372798be91b,2,747.81,1
1784900417130,BTC,fe5708ea70040190,2,114.36,1
1784900419132,xyz:HIMS,02b1baecad76c422,2,94.43,1
1784900428128,xyz:HIMS,29e7b93ce95317a1,2,52.25,1
1784900434201,xyz:COIN,d12e7fa3231e2f3f,2,461.48,1
1784900441257,BTC,b34793202e34ace2,2,42.39,1
1784900441257,BTC,78c088fcd220f6cf,2,95.06,1
1784900441257,BTC,b83d1ec281e97931,2,1627.51,1
1784900441257,BTC,50e996a34ad505c9,2,3402.75,1
1784900441257,BTC,da4bf76afc7ca5b7,2,786.14,1
1784900441257,XRP,5a4b88541b49dcba,2,9266.1,1
1784900441257,BTC,99a1aca58d789932,2,1311.52,1
1784900441257,BTC,1b2b1f53f0898d05,2,246.63,1
1784900441257,BTC,1d01b98829c718f0,4,46252.43,1
1784900441257,BTC,5abdcf28110f49d7,2,3537.62,1
1784900441257,BTC,6f3ebf7579821638,2,7176.72,1
1784900441257,BTC,5876450447fc57ab,2,1581.27,1
1784900441257,BTC,2292fe8bf0ac80ab,2,45851.66,1
1784900441257,BTC,13a047a97b3a51ba,2,1596.68,1
1784900441257,BTC,7c6bd42a32f2aaae,14,17103.42,1
1784900441257,BTC,765054c30fb64e50,2,3177.9,1
1784900441257,BTC,aae8639c1ab47922,2,1231.85,1
1784900441257,XRP,83035b9d3fccee46,26,45120.63,1
1784900441257,BTC,0a060c2ab1a005c4,2,25.69,1
1784900441257,BTC,529c976a6ad5d5e5,2,24.41,1
1784900441257,BTC,8cd9f34e1ec8fb6d,2,1911.37,1
1784900441257,BTC,33001d9087b5ad85,2,2305.71,1
1784900441257,BTC,84fd315c883f2948,2,1379.57,1
1784900441257,BTC,9bcfa31df65f4261,4,1236.99,1
1784900441257,BTC,64ee1a6710f1a740,2,1361.59,1
1784900443878,BTC,cdbeaeaf84cc6a83,2,204.26,1
1784900443878,BTC,ef5f2b31c4e12f9d,2,2069.56,1
1784900443878,BTC,062a8a6e431d537a,2,7187.56,1
1784900443878,BTC,f646cd7ed0d5f3f3,2,793.91,1
1784900443878,BTC,4e04ad9781a0fac1,2,96.35,1
1784900443878,BTC,5c0ae197619f6686,2,6455.32,1
1784900446149,xyz:CRWV,7fb28142bb28fe16,4,918.09,1
1784900446887,BTC,8837f7013b5de996,2,858.02,1
1784900446887,BTC,8ad54fb1f6831f1b,2,773.24,1
1784900446887,BTC,a1f02b486519f215,2,336.53,1
1784900446887,BTC,c02e689ad2f63d53,2,8497.99,1
1784900446887,BTC,a4160d042980058b,2,768.11,1
1784900446887,BTC,aa7d6c017a20ef86,2,35.96,1
1784900446887,BTC,9e5a83071d9bcb28,2,376.35,1
1784900446887,BTC,98eba68311094349,2,8201.28,1
1784900446887,BTC,b0e93ad5574d404d,2,23.12,1
1784900446887,BTC,c316b874cf6060c8,2,2878.47,1
1784900446887,BTC,ee8c226a9fece906,4,101233.43,1
1784900446887,BTC,ec6903447c3232c6,2,1.28,1
1784900446887,BTC,e30dcb66091fa43a,2,4889.94,1
1784900446887,BTC,7c7a38eedd32a85c,2,1433.46,1
1784900446887,BTC,828450213633c9b6,4,1042.98,1
1784900446887,BTC,fcfa549b131b714e,2,84.77,1
1784900446887,BTC,545425ba9ebb0ab0,4,218373.46,2
1784900446887,BTC,fc6cfa9d82dd6957,2,755.26,1
1784900446887,BTC,ac3bf99bee5c148c,2,8223.11,1
1784900446887,BTC,70286255cb19b5eb,2,210.65,1
1784900446887,XRP,d92cdcecc4c9b6fd,2,32.77,1
1784900446887,BTC,6ad6f0ce859ab0be,2,4299.09,1
1784900446887,BTC,f1ef934388b2decd,2,598.56,1
1784900446887,BTC,efd7224205a9ac73,2,1254.92,1
1784900446887,BTC,5afaac3fe8f0a940,2,833.61,1
1784900446887,BTC,1e0f0eed718b5a27,2,3564.38,1
1784900446887,BTC,40bd155f49044480,2,187.53,1
1784900446887,BTC,6f8e8309b4ec38fa,2,584.43,1
1784900446887,XRP,b2579d8fb3055b24,2,351.79,1
1784900446887,BTC,f44467acd529a772,2,489.38,1
1784900446887,BTC,dc8d9769f6d6d21e,2,833.61,1
1784900449066,xyz:SMH,97c9ff05dd85cabf,4,405.66,1
1784900449066,xyz:MU,7fb9d0bdd0453bd5,2,1922.25,1
1784900449066,xyz:SNDK,7fb9d0bdd0453bd5,2,1852.56,1
1784900449066,xyz:SKHX,7fb9d0bdd0453bd5,2,4550.27,1
1784900449066,xyz:HOOD,f5e767b1b76e8c69,2,0.19,1
1784900450801,BTC,cf02461c508c00c7,2,869.57,1
1784900450801,BTC,fa84f9004a33a1ac,2,682.04,1
1784900450801,BTC,367d3013adec0ea6,2,17788.21,1
1784900450801,BTC,63b96b6e40723d40,2,747.54,1
1784900450801,BTC,f147e02d855e4c98,2,715.43,1
1784900450801,BTC,f423b5d146400b19,2,1090.49,1
1784900450801,BTC,809dc83e01ab523a,2,1343.52,1
1784900450801,BTC,054c67890323a561,2,888.83,1
1784900450801,BTC,23d389ceaeb530f1,2,769.38,1
1784900450801,BTC,bca1e194c869b801,2,213.22,1
1784900450801,BTC,b4bbbfb781aeb19c,2,7010.47,1
1784900450801,BTC,61bcb175cbfe6dd6,2,134.87,1
1784900450801,BTC,367195519c746333,2,193.95,1
1784900450801,BTC,b7b31f9396f37acb,2,1159.85,1
1784900455178,xyz:NBIS,d2d890b4dd8ab2a0,10,20758.54,1
1784900458207,xyz:HOOD,77fcaa37b8d1269a,2,18.93,1
1784900458207,xyz:HOOD,3dc1684c9ab7cbae,2,10.52,1
1784900458207,xyz:HOOD,12bc5d3f341ba85b,2,25.43,1
1784900458207,xyz:HOOD,ffb1b8cf702c467e,2,0.19,1
1784900461124,xyz:CRCL,d12e7fa3231e2f3f,4,354.12,1
1784900461124,xyz:CRCL,55013c2d436a602c,4,1589.06,1
1784900461124,xyz:DRAM,e362e4e842a9704c,2,220.62,1
1784900461124,xyz:COIN,786d270e10c91c45,2,982.24,1
1784900464112,xyz:HOOD,611d4c94f048ce3f,2,60.16,1
1784900464112,xyz:DRAM,9174b2985b6089d4,2,969.97,1
1784900464112,xyz:HOOD,e3c5343f11a8656c,2,149.73,1
1784900464112,xyz:COIN,8e660026523a4a52,2,3120.6,1
1784900464112,xyz:DRAM,3ad10d90d06c7693,2,44.09,1
1784900464112,xyz:MSTR,8cd71f8ebd597905,2,949.91,1
1784900467082,xyz:ORCL,008953a709697ff3,2,57.48,1
1784900473167,xyz:INTC,03383e4e1f38a442,2,17502.14,1
1784900473167,xyz:INTC,2a629035cb0c523a,2,1891.49,1
1784900476120,xyz:HOOD,855cc45e7265236f,4,35871.17,1
1784900485200,xyz:DRAM,af5fc7659ee56b95,2,4457.19,1
1784900485200,xyz:DRAM,70524eed0f6a6ffc,2,7890.87,1
1784900488036,BTC,8fa906f66a150bd6,2,2969.54,1
1784900494091,xyz:INTC,af6e39598ae0ad76,4,1944.1,1
1784900494091,xyz:DRAM,65f455c3cc8f29ba,2,220.06,1
1784900497115,xyz:INTC,fd8a30697052b17c,6,9457.22,1
1784900497115,xyz:INTC,5ffb842bd0b100b9,2,1065.37,1
1784900497115,xyz:INTC,29e7b93ce95317a1,2,151.36,1
1784900497115,xyz:INTC,06dba9804bfe7ffc,2,9483.52,1
1784900500141,xyz:DRAM,6d710919fb694eaf,2,220.0,1
1784900500141,xyz:DRAM,ab85f2143501bbbe,18,8250.0,1
1784900500141,xyz:DRAM,7c3f6d48963395bc,8,11000.0,1
1784900500141,xyz:DRAM,25c8b6e67e5bff78,2,1914.0,1
1784900500141,xyz:MU,07c6243653b4b697,2,384.37,1
1784900503156,xyz:DRAM,5a74271fd437159f,2,395.91,1
1784900503156,xyz:SPCX,97330093be392ba2,2,355.48,1
1784900503156,xyz:ORCL,49b345e339aa04f6,4,409.79,1
1784900512117,xyz:NBIS,dfaaf0a556754178,2,33.07,1
1784900512117,xyz:NBIS,1e1d24d231c6e626,2,41.33,1
1784900512117,xyz:NBIS,c947e54e10610df5,2,1041.62,1
1784900512117,xyz:INTC,62b0232d72c963aa,2,39117.79,1
1784900512117,xyz:INTC,b4797152683bb143,8,56881.21,1
1784900512117,xyz:DRAM,185ecb684c8d7c43,2,3745.88,1
1784900512117,xyz:MU,0e2dd6e41dc84514,2,4766.76,1
1784900512117,xyz:DRAM,5d3c46813a5d2d42,4,13630.51,1
1784900515139,xyz:DRAM,d5c3f30db860f5cc,2,98.79,1
1784900515139,xyz:DRAM,59f90b2fa90c58a2,10,9600.84,1
1784900515139,xyz:INTC,1bccc2a213b509aa,2,403.3,1
1784900524138,xyz:SPCX,7b5a9c7c495852f3,2,22.91,1
1784900527168,xyz:ORCL,dfa615e8ae4b0744,2,1894.16,1
1784900527168,xyz:SKHX,28ec7432096e46cb,4,9027.47,1
1784900530148,xyz:SPCX,54536e16ad88f596,2,48828.06,1
1784900530148,xyz:SPCX,eab8e602ae83f8d4,2,246.95,1
1784900530148,xyz:SPCX,9764cb76bd7f6682,2,944.37,1
1784900530148,xyz:SPCX,59a9acfc350d0691,6,128273.69,1
1784900533095,xyz:SPCX,1738ae650a42e74e,2,6782.14,1
1784900542128,xyz:ORCL,8cee098fc418bf0b,4,6719.57,1
1784900542128,xyz:NOK,7919c373e48383f6,18,99512.83,1
1784900542128,xyz:DRAM,01aaf92637257a25,2,43.86,1
1784900542128,xyz:BOT,99755bb671a17ca5,6,351.51,1
1784900542128,xyz:MU,84b02386a4d011a0,2,960.98,1
1784900542128,xyz:EWY,90cc71596a1036a4,2,12.3,1
1784900542128,xyz:DRAM,94f97c40a8b60726,6,6962.05,1
1784900542128,xyz:MRVL,4f7d43acf7bafb26,2,15816.17,1
1784900542128,xyz:ORCL,52634b452f41513f,2,776.13,1
1784900542128,xyz:SNDK,970b076b6cc05fc1,2,775.61,1
1784900545022,xyz:MU,c1a0d5b3744e20c5,2,111.33,1
1784900545022,xyz:MRVL,d2d890b4dd8ab2a0,2,15987.2,1
1784900545022,xyz:SKHX,206187c3c980d111,2,2501.38,1
1784900545022,xyz:ORCL,3ea8094efcdc1620,2,1035.21,1
1784900548067,xyz:BOT,0f5f16df9e244908,2,38.0,1
1784900548067,xyz:BOT,20ab90a65b96452b,6,809.0,1
1784900548067,xyz:SKHX,77d132a325448819,4,1142.78,1
1784900551136,xyz:BOT,89a15ef8862f86c8,2,692.0,1
1784900557119,xyz:SKHX,5e96846941c0a3d5,2,3420.95,1
1784900557119,xyz:SKHX,a079bd2f078e4fe9,2,491.43,1
1784900566047,xyz:NOK,0ec75a028a5484c8,2,62.41,1
1784900590067,xyz:SPCX,21bb17f5df63defc,2,416.42,1
1784900590067,xyz:SPCX,b357d1755d5ac672,2,1214.93,1
1784900590067,xyz:SPCX,7fef9ca9ad54c792,2,455.31,1
1784900593111,xyz:SPCX,ea3b38a8463ea12b,2,992.91,1
1784900593111,xyz:ORCL,657be4f07d5ccbd2,4,6217.57,1
1784900605051,xyz:SPCX,9af8ebcf12445f88,2,41.11,1
1784900605051,xyz:SPCX,4f85e5c7aa6365e5,2,214.68,1
1784900605051,xyz:SPCX,a3a814cada9ea6fe,2,13426.46,1
1784900620111,xyz:SPCX,e68bef2259893ea5,10,17156.1,1
1784900674050,xyz:TSLA,13c0f1d07aaf37c1,2,1550.52,1
1784900734264,xyz:ORCL,141ae220427cd4ec,2,142.91,1
1784900746126,xyz:BE,85773e3c2345a6e1,2,977.32,1
1784900755025,xyz:ORCL,55013c2d436a602c,2,466.1,1
1784900755025,xyz:ORCL,eef196f66e793e87,2,236.0,1
1784900755025,xyz:ORCL,4fa58b9644e97cc0,4,404.74,1
1784900755025,xyz:ORCL,f20c42d416862c47,14,11001.06,1
1784900767108,xyz:ORCL,8bae0c7d8594cca3,2,28.51,1
1784900767108,xyz:ORCL,58a3b8e458c9be9e,2,3345.9,1
1784900770170,xyz:ORCL,c9ef6ded7c1be030,2,930.23,1
1784900770170,xyz:ORCL,ed69ae80088a413e,2,23.57,1
1784900776050,xyz:LITE,be0e0429c6a0b616,4,7607.12,1
1784900776050,xyz:MRVL,f1c9558df925aea6,4,37147.96,1
1784900791136,xyz:NOK,29e7b93ce95317a1,2,7.24,1
1784900830130,xyz:NBIS,0406a8f2411c4e72,6,11027.23,1
1784900845167,xyz:CBRS,c3a0073bbeda09e0,2,187.38,1
1784900887105,xyz:NBIS,99ca45abe7e034e9,2,375.16,1
1784900896167,xyz:LITE,b48204cc4c3465c0,26,151361.78,1
1784900917197,xyz:SKHX,b1df1af4222db579,38,176500.32,1
1784900923092,xyz:AMD,32cb0bdf21411ad2,2,16814.81,1
1784900926105,xyz:LITE,c3a0073bbeda09e0,2,188.88,1
1784900926105,xyz:AMD,06725541d8556426,4,13715.2,1
1784900989119,xyz:BIRD,1445d87aa9932eb7,4,719.72,1
1784901018785,BTC,bdf322585064b005,4,5523.09,1
1784901018785,BTC,f4c38df06c92e07b,2,2057.19,1
1784901018785,BTC,761310b2c24c5f8e,2,1520.42,1
1784901018785,BTC,be0a61dc0f474c1a,2,326.17,1
1784901018785,BTC,e7bf1433ad4d9a72,2,1281.57,1
1784901018785,BTC,aabd00ed5e7e1b30,2,7320.88,1
1784901018785,BTC,05824847ac5defae,2,146.39,1
1784901018785,BTC,3b83a1dae481ee45,2,314.61,1
1784901018785,BTC,d86fe545f0caa2f5,2,23.11,1
1784901018785,BTC,8f7f407a04ec4dbb,2,391.66,1
1784901018785,BTC,edab2b840d6b78fc,2,167550.73,1
1784901018785,BTC,59bc6fbb4461a4ca,2,268.39,1
1784901018785,BTC,cb06aa24135dea8f,2,1612.88,1
1784901018785,BTC,58534c35c3c7ad3d,2,3370.87,1
1784901018785,BTC,37eff24cfa531a95,2,2260.09,1
1784901018785,BTC,69164baf810573cd,2,23.11,1
1784901018785,BTC,7bc37b7d6a665d3f,2,4416.16,1
1784901018785,BTC,037474d9ae84a4ba,2,1557.66,1
1784901018785,BTC,910d21cca6f92a2e,2,1237.91,1
1784901018785,BTC,bca62b3f98634bc2,2,4866.89,1
1784901018785,BTC,5f8ba9968a355b49,2,4810.39,1
1784901018785,BTC,7ac30ab2501c4bd2,2,653.63,1
1784901018785,BTC,79aca45828c79aa6,2,23.11,1
1784901018785,BTC,0d3a9d02e1bce4dc,2,446.88,1
1784901018785,BTC,0f3c5265ff70744f,2,453.3,1
1784901018785,BTC,f55add99ac18b1eb,8,30486.74,1
1784901018785,BTC,6c1918447dbf2ce4,2,3298.9,1
1784901018785,BTC,8396dbaf26575036,2,468.7,1
1784901018785,BTC,24219f12b9e565f4,2,241.41,1
1784901024623,XRP,930265d3614d17f8,2,487.21,1
1784901024623,XRP,abde96f4ae08340f,2,24.03,1
1784901024623,XRP,458fc29ac751a40c,2,78.65,1
1784901025084,xyz:CRWV,c75363e240c33422,8,45544.97,1
1784901025084,xyz:DRAM,8484e16604b42790,2,4574.09,1
1784901025084,xyz:SNDK,06725541d8556426,6,21511.25,1
1784901028173,xyz:SNDK,96bfdb9119f68fe9,2,60.74,1
1784901028173,xyz:DRAM,6f87ba2fd182e5f9,12,24692.16,1
1784901028173,xyz:LITE,bf4b0378b0446e0e,2,188.47,1
1784901029393,BTC,491158f4148576c8,2,3161.45,1
1784901029393,BTC,c8af9b1f34f64b3b,2,145.1,1
1784901029393,BTC,22ac576b38c367ca,2,356.98,1
1784901029393,BTC,1d73afa5417b3430,2,803.85,1
1784901029393,BTC,3caf1c43cb6d4533,2,137.4,1
1784901029393,BTC,02d748a415990c5e,2,2712.02,1
1784901029393,BTC,eda72a7ceae03e06,2,1236.59,1
1784901029393,BTC,5c5bb83a60573125,2,133.55,1
1784901029393,BTC,f17df7bb5299e992,16,29616.33,1
1784901029393,BTC,7b387d50e7c905c5,2,2063.52,1
1784901029393,BTC,cba145d0a8d092d5,2,717.8,1
1784901029393,BTC,9e8925bda346ec5d,2,408.34,1
1784901029393,BTC,285b9fe13e13735b,2,23.11,1
1784901029393,BTC,16e83b300bddec33,2,33047.08,1
1784901029393,BTC,4002914e796d5f33,2,4924.45,1
1784901029393,BTC,c3b30e207b7c6c75,2,413.47,1
1784901029393,BTC,e253fb1690eb6762,2,12121.72,1
1784901029393,BTC,27e5ae6a2eddddd8,2,182.34,1
1784901029393,BTC,186098258423fce8,2,1578.13,1
1784901029393,BTC,2f9e35f5e85ceab0,2,1245.56,1
1784901029393,BTC,035952f6f7d6da70,2,1842.65,1
1784901029393,BTC,258176ef1b0ba911,2,9595.93,1
1784901029393,BTC,daf013b21c51ac85,2,107.86,1
1784901029393,BTC,41bfaf4c40876d88,24,263247.5,2
1784901029393,BTC,5a553f0be90c8813,2,23.11,1
1784901029393,BTC,6ebad68a4994ed6e,2,5116.98,1
1784901029393,BTC,dbfc29513e185764,2,792.27,1
1784901029393,BTC,30ac1d5de2483807,46,79571.63,1
1784901029393,BTC,4c303c6324aabf35,2,95.02,1
1784901029393,BTC,d9948eee6c6fa691,2,715.19,1
1784901029393,BTC,05ba7818f8e74fa7,2,166.92,1
1784901029393,BTC,cd54a40dab376afb,2,1042.61,1
1784901029393,BTC,bcb306f94424e954,2,145.09,1
1784901029393,BTC,1052fb807409f3e9,2,25.68,1
1784901029393,BTC,f9a462161c34f834,2,1308.4,1
1784901029393,BTC,d625d44797259296,2,2871.02,1
1784901030817,BTC,2036795bf05729a6,2,4056.24,1
1784901030817,BTC,6559e42a697e6261,2,35.94,1
1784901030817,BTC,f647b55222eb12c4,2,23.11,1
1784901030817,BTC,98802f1b25009080,2,170.72,1
1784901030817,BTC,b3da82e58952a781,2,8192.06,1
1784901030817,ENA,d4b8723c91ee9960,2,47.29,1
1784901030817,BTC,901cf71038a45822,2,23.11,1
1784901030817,BTC,89de524b48532e5f,2,1580.14,1
1784901030817,BTC,9036bea9868555df,2,1028.18,1
1784901030817,BTC,d1122df36d623a99,2,507.03,1
1784901030817,BTC,2fda472bafd6eb3b,2,1052.57,1
1784901030817,BTC,07b7fb67d5a55a5a,8,99643.54,1
1784901030817,BTC,27fda6aac803d2fd,2,89.85,1
1784901030817,BTC,35ac41e022777030,10,33512.23,1
1784901030817,BTC,5c9b78680709190f,2,1630.17,1
1784901030817,BTC,9cb6af4717fc3fb7,2,243.88,1
1784901030817,BTC,dead5db2911b8e9c,2,132.21,1
1784901030817,BTC,0c80bab89cdc1270,2,966.55,1
1784901030817,BTC,94fe3cf89163eecb,2,77.02,1
1784901030817,BTC,5dbc5763e25b40c0,2,23.1,1
1784901030817,BTC,3b9d9456b11f9776,2,2.57,1
1784901030817,BTC,e2598cbe83d9fa54,4,88568.4,1
1784901030817,ETH,e2598cbe83d9fa54,4,27066.75,1
1784901030817,BTC,9191fa48c1f10f0e,2,877.98,1
1784901030817,XRP,e7adba119c9b6503,4,3861.02,1
1784901030817,BTC,c963a16c8a57d4fd,2,112674.41,1
1784901030817,XRP,c720c3743a688050,2,24.01,1
1784901030817,BTC,a79e85b2bc7d0545,2,156.6,1
1784901030817,BTC,fe052cda09e9ed89,2,43207.26,1
1784901232903,BTC,fe052cda09e9ed89,8,172259.43,1
1784901030817,BTC,41bfd29b94d94e55,2,178.42,1
1784901030817,BTC,f124757451be2e21,2,25.67,1
1784901030817,BTC,c58dd526c6ee2191,2,23.1,1
1784901030817,BTC,77a340b33e8a41f7,2,1771.37,1
1784901030817,BTC,ada60a8b0bb42dfe,2,486.48,1
1784901030817,BTC,b4e1a8cfb5cabd16,2,1477.42,1
1784901030817,BTC,3a0ace9c0259f8b2,2,590.46,1
1784901030817,BTC,9de8d45c09fa2560,2,6380.78,1
1784901030817,BTC,33051bd4ef708d5e,2,3167.92,1
1784901030817,BTC,5b4bf3c6e60987ad,2,2241.17,1
1784901030817,BTC,f24ebfbf1e0cdd2d,2,205.38,1
1784901030817,XRP,a93365026df8aee0,2,275.01,1
1784901030817,BTC,45f9f795acfc9335,2,19254.0,1
1784901030817,BTC,0fdac3805b4c0bf2,2,109510.33,1
1784901030817,BTC,3977618547891801,2,74.45,1
1784901030817,BTC,8ac06f847cc9bcf1,2,438.99,1
1784901030817,BTC,3e8b870129276e2f,6,80317.42,1
1784901030817,BTC,e4a80d1e4605119b,2,635.38,1
1784901030817,BTC,056b87bde2e6d17b,2,34.66,1
1784901030817,BTC,e162accc93a657aa,2,1984.45,1
1784901030817,BTC,575fd8bc4b5ac1fa,2,4957.26,1
1784901030817,XRP,f050a99867b6f804,2,1606.39,1
1784901030817,BTC,47b929dde3c80b8f,2,649.5,1
1784901030817,BTC,dba4f9e3d9f3f4d9,2,130483.07,1
1784901030817,BTC,277b5c785e86081f,2,2936.88,1
1784901030817,BTC,3d7df8d89f16b250,2,1184.76,1
1784901030817,BTC,fca45d40d1120ba9,2,13458.55,1
1784901030817,BTC,7c4227ad60f9baef,2,28126.24,1
1784901030817,BTC,0e8c2ef7ab784e8e,16,94442.76,1
1784901030817,BTC,fc372160ffd183ff,2,156.6,1
1784901030817,BTC,4079b7e2b29c6dcc,2,7798.91,1
1784901030817,BTC,9afdaaab13a77861,2,2378.44,1
1784901030817,BTC,9b3f1b64375890da,2,82.15,1
1784901030817,XRP,8d2d85ed6107e673,2,6508.51,1
1784901030817,BTC,f523778f5b5d107c,2,555.78,1
1784901030817,BTC,bcff4efbf8cb055e,2,379.93,1
1784901030817,BTC,59a7c591d002ee75,2,736.76,1
1784901030817,BTC,b1ea895253019c23,2,65641.26,1
1784901030817,BTC,f980662fa498c379,4,13500.48,1
1784901030817,BTC,7727306972dc25f1,2,37.22,1
1784901030817,BTC,dd06ccd047166b24,2,23.1,1
1784901030817,BTC,e56bf1859458baf9,2,23.1,1
1784901030817,BTC,d0ff8aeb84a6491b,2,232.32,1
1784901030817,BTC,81b00799d4921de0,2,237.46,1
1784901030817,XRP,b60476dabe67722d,2,168.06,1
1784901030817,BTC,d5f1e8668f7a299d,2,1179.59,1
1784901030817,BTC,180f0f3defa4fcb0,2,926.73,1
1784901030817,BTC,e836885f7f7d73c4,2,2667.24,1
1784901030817,XRP,eaf535dd98de8450,2,6844.63,1
1784901030817,BTC,60bbddd37782e0ac,2,106.54,1
1784901030817,BTC,bad89915ab01c565,14,5836.3,1
1784901030817,BTC,aec6690ff5e4ff91,2,933.13,1
1784901030817,BTC,842a2e4f92c813a2,2,11293.87,1
1784901030817,BTC,c5691f1f24320cd2,2,281.1,1
1784901030817,BTC,b5e918817aefd46e,2,53.91,1
1784901031210,xyz:MU,f9abe9a38bb84fc5,2,194.09,1
1784901031210,xyz:DRAM,bd8b0f5286e29407,2,32.78,1
1784901031210,xyz:HIMS,bd579e2d2c43c70b,2,30.38,1
1784901031210,xyz:LITE,0913fc4ee579c066,2,1662.59,1
1784901031210,xyz:MU,c6dfabe2d90cd234,2,945.94,1
1784901031210,xyz:DRAM,8a34d04007f92d24,4,3900.7,1
1784901031210,xyz:XYZ100,94f09c5d16a0d362,2,118.7,1
1784901034033,BTC,bf11ebde99a7c7c4,2,1796.06,1
1784901034033,BTC,1736b65bde55883d,2,840.9,1
1784901034033,BTC,7cf2e6c5bac77ca0,2,11158.96,1
1784901034033,BTC,dcfd3bba8960ff40,2,790.83,1
1784901034033,BTC,ba51b37c53db7802,2,313.25,1
1784901034033,BTC,bd3d58aea484582b,2,50.07,1
1784901034033,BTC,564f30441f13949f,2,630.36,1
1784901034033,BTC,9f9dfd83d41e3c74,2,112.98,1
1784901034170,xyz:TSLA,6fdd53fc98adcda8,2,1537.6,1
1784901034170,xyz:XYZ100,e92276efd33db7a1,2,1905.2,1
1784901034170,xyz:AMD,85fe8bac98c69681,2,268.91,1
1784901034170,xyz:AMD,f6c3d8bda0cfb262,2,93.49,1
1784901034170,xyz:NBIS,c46eb16dd0178db1,2,445.46,1
1784901034170,xyz:AMD,1527ff52fc9de36c,2,9483.19,1
1784901034170,xyz:AMD,9de704d080e4febb,2,284.66,1
1784901034170,xyz:NBIS,fd3242d0cf6811b3,6,12144.6,1
1784901037195,xyz:NOK,e2726a51c03ca4c9,2,4142.87,1
1784901038402,mkts:USTECH,3438fc8ca4cb4f39,4,66357.61,1
1784901043103,xyz:CBRS,1a382ac5000e34ea,4,24093.75,1
1784901046128,xyz:RKLB,9af8ebcf12445f88,2,40.05,1
1784901046128,xyz:HIMS,b3c329cb5dbcbad6,10,24644.12,1
1784901046128,xyz:SKHX,20ab2a6e35e77aed,2,2722.21,1
1784901061765,BTC,eafce1c837b140c7,2,157.87,1
1784901061765,BTC,98b4c2424a05568d,2,5182.69,1
1784901061765,BTC,cc75437cbdc1bef5,2,858.65,1
1784901061765,BTC,4f548c1cd656c2e7,2,646.87,1
1784901061765,BTC,6278278be67f1595,2,1037.05,1
1784901061765,BTC,52481e1ff022d7fb,2,23304.15,1
1784901061765,BTC,4da8075288912578,2,4466.51,1
1784901061765,BTC,ef5c3f8bf2936e61,2,424.83,1
1784901061765,BTC,b20c769f305b00b3,2,11.55,1
1784901061765,BTC,d8c4c6bfd9086a1c,2,918.97,1
1784901061765,BTC,646c6e67938e9cfb,2,6428.95,1
1784901061765,BTC,8b0a4d4caccf9b61,2,10583.58,1
1784901061765,BTC,3b55e4652369490b,2,1929.07,1
1784901061765,BTC,d460018367ac3580,2,170.7,1
1784901061765,BTC,975dff887e915f66,2,1651.84,1
1784901061765,BTC,ef7cb6304c42174b,2,1886.72,1
1784901061765,BTC,72b4d3a274c829bb,2,481.31,1
1784901061765,BTC,db6b099feb415965,2,1719.86,1
1784901061765,BTC,8281760d7423c552,2,510.83,1
1784901061765,BTC,b64caaa93c8bca86,2,939.51,1
1784901064106,xyz:TSLA,a49b8ea5fa2a9014,2,779.28,1
1784901064106,xyz:TSLA,c75363e240c33422,16,31675.5,1
1784901064106,xyz:NBIS,65a37282dcc4a60d,2,12.1,1
1784901064106,xyz:TSLA,c3e3fddd346ab670,8,38210.23,1
1784901065167,BTC,a69e1fdde0275371,2,17258.96,1
1784901065167,BTC,cda7386c0b0acb0b,2,856.08,1
1784901065167,BTC,61a66be501ed6c55,2,405.58,1
1784901065167,BTC,b90f6b9ac9ce05b9,2,274.66,1
1784901065167,BTC,40ce7248e6dcad94,2,106.53,1
1784901065167,BTC,b14d230995c947dc,2,74.44,1
1784901065167,BTC,afb16ade3b6614f6,2,437.67,1
1784901065167,BTC,b409483278fa729e,2,545.48,1
1784901065167,BTC,ccce91ac98e03f74,2,314.45,1
1784901065167,BTC,c11354adecf67116,2,587.83,1
1784901065167,BTC,f0a040e3b47aa917,2,687.95,1
1784901065167,BTC,22b1e72378de15a8,2,2240.96,1
1784901065167,BTC,dc8015b8180fdea5,2,5983.58,1
1784901065167,BTC,601a2354873e3bd5,2,23.1,1
1784901065167,BTC,225aa89d25c9365f,2,171.99,1
1784901065167,BTC,f63a1907d3d1491a,2,1635.15,1
1784901065167,BTC,0396193925ad4fc4,4,3288.28,1
1784901065167,BTC,8a72ac940c0a5b3f,2,37.22,1
1784901065167,BTC,57344f85132beedc,2,182.25,1
1784901065167,BTC,fb6c3e984f9d7443,2,449.22,1
1784901065167,BTC,0a007a6342f9a1d4,2,8345.19,1
1784901065167,BTC,17d8d169f68fcae1,2,10054.78,1
1784901065167,BTC,dd53e510ca585ffa,2,23.1,1
1784901065167,BTC,19c3774aa0d1b007,6,66683.2,1
1784901065167,BTC,63135b6d7a999c97,2,1218.02,1
1784901065167,BTC,d21e3cea08edce59,2,1816.12,1
1784901065167,BTC,23f9263065c7e301,2,1581.25,1
1784901065167,BTC,376cf17f109ae934,2,782.92,1
1784901065167,BTC,d99a0df72743a4a9,2,6734.42,1
1784901065167,BTC,99ba2753899595bb,2,1161.55,1
1784901065167,BTC,08b39c7c73d4217e,2,541.63,1
1784901065167,BTC,8ae9fa356c86bcd5,2,1339.95,1
1784901065167,BTC,e4a2896ddd796ccb,2,107.81,1
1784901065167,BTC,6561191c2de872cb,2,23.1,1
1784901067114,xyz:KR200,290cec8eba5b8785,6,480.1,1
1784901067114,xyz:SNDK,c46eb16dd0178db1,2,926.14,1
1784901067114,xyz:ARM,ff165ce89a60634a,2,27.37,1
1784901067114,xyz:USAR,b0bd26c46c191156,2,18.48,1
1784901067114,xyz:TSLA,7ff33729f0f38e15,2,1559.49,1
1784901067114,xyz:SNDK,d6c6c0a222c06eca,2,187.65,1
1784901068103,BTC,11c0c71081125101,2,1423.27,1
1784901068103,BTC,c956ed1bcc3c996b,2,1701.76,1
1784901068103,BTC,8d0f0575d6fd8928,2,1579.84,1
1784901068103,BTC,308a936d1b821c3a,2,316.99,1
1784901068103,BTC,0c5d7fa04a12bf55,2,639.12,1
1784901068103,BTC,eb9f1b2c74548ef5,16,55458.7,1
1784901068103,BTC,9086a4bcdf325205,2,789.28,1
1784901068103,BTC,fef8440e8a606ba8,2,57.75,1
1784901068103,BTC,7dee825a6b66bc1d,2,1905.82,1
1784901068103,BTC,1087f478a283cdb8,2,873.98,1
1784901068103,BTC,84d5acb03b6d1c72,8,49021.27,1
1784901070215,xyz:XYZ100,91ac06cf6fb013b0,2,124.35,1
1784901070215,xyz:TSLA,092669e02f37654e,2,305.86,1
1784901070215,xyz:CRCL,da86ae95c4a74427,4,2469.95,1
1784901070215,xyz:CRCL,42587fc029f88d97,2,357.2,1
1784901071129,BTC,c14089a3b30ef887,2,565.86,1
1784901071129,BTC,3bb038855d2f727e,2,144.99,1
1784901071129,BTC,f395cec22d27576c,2,42.34,1
1784901071129,BTC,65e0a21b902eb36a,2,1905.43,1
1784901071129,BTC,5add0bf3c3b303bb,2,866.11,1
1784901071129,XRP,a93b40b6045e8cef,4,432.16,1
1784901071129,BTC,356feb4183a89754,2,23.1,1
1784901071129,BTC,bf43a36ffd10ffdb,2,1007.25,1
1784901071129,BTC,647bc843b1bf4188,2,1807.92,1
1784901071129,XRP,75ce9afeaeadb43d,2,1115.31,1
1784901071129,BTC,fd8f6f993a75569e,2,814.78,1
1784901071129,BTC,759938d44976117e,2,1514.08,1
1784901071129,BTC,43edb9f326910031,2,314.36,1
1784901071129,BTC,8ff2b69beef8a419,2,9868.48,1
1784901071129,BTC,a77aa8bd15d9ab2d,2,30377.87,1
1784901071129,BTC,7952ed3ae68ea37e,8,63332.24,1
1784901071129,BTC,4274111f816f0149,2,995.7,1
1784901071129,BTC,d785df88c30c4c97,2,1053.44,1
1784901071129,BTC,0e512fea15b50ada,2,107.78,1
1784901071129,BTC,6e0cefc1dd08fc2f,2,270.74,1
1784901071129,BTC,3d912ee9a5cda07b,2,354.14,1
1784901071129,BTC,cb84d462af5b0748,2,195.03,1
1784901071129,BTC,85b7add883783f5c,2,37.21,1
1784901071129,BTC,574e6267750f390d,2,6364.28,1
1784901071129,BTC,de9edde7a0b784fe,2,1546.16,1
1784901071129,BTC,cfd4e26e71d3ecb2,2,11699.49,1
1784901071129,BTC,1433c1428a8c913d,2,426.0,1
1784901071129,BTC,40080f227bb65155,2,735.23,1
1784901071129,BTC,25ca14f99b60d284,2,32.08,1
1784901071129,BTC,a3385be57dd23038,22,57050.95,1
1784901071129,BTC,fb039860f26623a4,2,1539.72,1
1784901071129,BTC,b7bbe8c562ef18b5,2,2480.23,1
1784901073173,xyz:RKLB,5b1419eca7df85dd,2,128.63,1
1784901073173,xyz:TSLA,8dbf479732186bae,2,118.37,1
1784901073173,xyz:RKLB,5bb1ba07ce2294e3,2,356.72,1
1784901073173,xyz:DRAM,cf75c57d682b7076,6,70271.82,1
1784901073173,xyz:CRCL,251b9b40b1d4c060,4,4929.76,1
1784901073173,xyz:USAR,067b688a1f1f2503,2,46.31,1
1784901074275,SOL,460eaf314be3b1c2,2,175.11,1
1784901074275,SOL,f826dd1782743722,2,963.12,1
1784901074275,SOL,2d75a1c855b4e122,2,89.04,1
1784901074275,SOL,cbd593a94a0d5a12,2,427.39,1
1784901074275,SOL,5e33892b1bc090d4,2,274.54,1
1784901074275,XRP,dde246c02890ab75,2,4487.01,1
1784901074275,SOL,6316ef4474014613,2,1942.56,1
1784901074275,XRP,07ffeedc65cc3467,6,5320.51,1
1784901074275,BTC,2caed0dde3357f35,2,242.51,1
1784901074275,SOL,b44d2f0cd0ae8e14,2,77.17,1
1784901074275,BTC,1836dabae3055ddb,2,822.47,1
1784901076088,xyz:MRVL,65a37282dcc4a60d,2,3.97,1
1784901076088,xyz:DRAM,719bdd28ad4c5963,2,806.11,1
1784901077213,SOL,4c0896b428e93320,2,28.2,1
1784901077213,BTC,ac105867c0d42e95,2,355.35,1
1784901077213,SOL,287b280e81e183d5,2,449.65,1
1784901077213,BTC,c32fb8cd1ff6f505,2,301.47,1
1784901077213,BTC,1103f2b96f9ed004,2,796.64,1
1784901077213,BTC,397c2cc5e00b6c87,2,23891.61,1
1784901077213,SOL,df99f7982c338186,2,2451.57,1
1784901077213,BTC,b3ce0edbf71c480b,2,906.97,1
1784901077213,BTC,4d07007145fff174,2,47769.11,1
1784901077213,BTC,4c852ab389719c3a,2,33.35,1
1784901077213,BTC,6a17173328cade3f,2,6817.01,1
1784901077213,SOL,a8634d21ab5b5580,2,994.28,1
1784901077213,BTC,5d4afa044fbae80d,2,23.09,1
1784901077213,BTC,9e9fe2bdd2057473,4,75260.37,1
1784901077213,BTC,65317289367210d4,2,6901.68,1
1784901079094,xyz:KR200,a6281e4439bc8db2,2,45.54,1
1784901079094,xyz:SNDK,257ae626fe50e685,2,298.9,1
1784901079094,xyz:SNDK,91352187df0cd44b,2,21837.87,1
1784901079094,xyz:CRWV,e77db4cd600ad2a0,6,36219.29,1
1784901079094,xyz:DRAM,69dde6c874c70257,70,575133.5,2
1784901079094,xyz:MU,100b26f88ddb51d7,2,575.46,1
1784901082127,xyz:MU,1ed027e6ce600be7,2,1685.07,1
1784901082127,xyz:MRVL,1e58581b2aa96e5f,2,218.08,1
1784901082127,xyz:XYZ100,57e3f1c48239f860,2,39.55,1
1784901082979,BTC,bb4a978829214983,2,2309.08,1
1784901082979,BTC,6b00ab7332cfa500,2,50.02,1
1784901082979,BTC,f5e601d95f53f412,2,12725.27,1
1784901082979,BTC,2d3aa520d308cec3,2,371.97,1
1784901082979,BTC,a91a699db82283ab,2,596.44,1
1784901082979,SOL,1baf2ed4fbe3f17a,4,20691.41,1
1784901082979,BTC,3f07a8bf4ad7e535,2,4037.81,1
1784901083179,BTC,1fdd4c4b5d11f1c2,2,561.8,1
1784901083179,BTC,8bd77dd229db0809,2,94.92,1
1784901083179,BTC,233dded450ac59b4,2,656.71,1
1784901085084,xyz:CBRS,45386ed9f16e4557,2,188.03,1
1784901085084,xyz:CBRS,92e015512be8e3c3,2,160.02,1
1784901085084,xyz:XYZ100,4a521b5a705d18db,62,1606158.58,2
1784901085084,xyz:CBRS,a19af88339ad9d99,2,4.0,1
1784901085084,xyz:CBRS,04149cfdb316d9e6,2,80.01,1
1784901086197,BTC,28ffbe1085e74848,2,9204.66,1
1784901086197,BTC,3d8b131341cfa4e6,2,25945.17,1
1784901086197,BTC,bbe2e9d0522cf911,2,814.51,1
1784901086197,BTC,684ff289ca262bf3,2,3985.35,1
1784901086197,BTC,996802128fb8f4fa,2,2352.47,1
1784901086197,BTC,cd55d0ac397d15ce,2,1599.53,1
1784901086197,BTC,35972e0792617851,2,23.09,1
1784901086197,BTC,0bc6b424f266a2b2,2,1627.75,1
1784901086197,BTC,88e896f1a7e07891,12,70077.75,1
1784901086197,BTC,ac8167cad9fd4e9c,6,37835.8,1
1784901086197,BTC,7c5d2a662a564c57,4,710.62,1
1784901088095,xyz:MRVL,953ee5ac6f8dd9a1,2,18289.07,1
1784901088095,xyz:SNDK,9346715b599da208,18,103695.4,1
1784901088095,xyz:SOFTBANK,48b0ab8f5d7d3244,4,722.62,1
1784901088095,xyz:MRVL,25ce8def42b40dfe,2,237.98,1
1784901089216,ETH,9472343f0f1c0905,6,1104.05,1
1784901089216,BTC,a2d6215b12b5d952,2,406.59,1
1784901089216,ETH,1ed57ba1bdc1b647,2,4614.89,1
1784901089216,BTC,d0d19c9154ec7c0e,2,106.46,1
1784901089216,BTC,58b94193d1bcbfc9,28,168244.47,1
1784901089216,ETH,4ebef32be170e6f4,2,8349.29,1
1784901089216,ETH,1b44c2dd03e7caf6,2,1756.9,1
1784901089216,BTC,58e7a62ef95c10e7,4,29748.16,1
1784901089216,BTC,d05d191d81073f93,2,92.35,1
1784901089216,BTC,895bc322a614c7e2,6,13904.38,1
1784901089216,ETH,dc61fc61ef0a2bb7,2,136.29,1
1784901091064,xyz:DRAM,81816e52bcf25277,2,391.6,1
1784901091064,xyz:XYZ100,73b679138aa5987a,2,321.82,1
1784901091064,xyz:CBRS,d3034e168f858508,10,94326.96,1
1784901091064,xyz:AMD,e5e4a9479621c746,2,64.87,1
1784901091064,xyz:SNDK,8d6a940529092c34,2,301.36,1
1784901091064,xyz:AMD,050e403beaf7bc48,2,80.56,1
1784901091064,xyz:DRAM,abf707702774d746,6,34602.24,1
1784901091064,xyz:MU,31df50b2ea4dcc56,4,7293.1,1
1784901091064,xyz:XYZ100,c85a9ef46e46fc4c,2,141.15,1
1784901091064,xyz:MRVL,fa1d40b57eca407c,2,91.09,1
1784901091064,xyz:AMD,12bc5d3f341ba85b,2,4.18,1
1784901091064,xyz:DRAM,4b9f954058860580,2,9789.84,1
1784901092581,BTC,41d406c4c6380154,2,857.94,1
1784901092581,ETH,42f67eb62a4db662,2,97.27,1
1784901092581,BTC,dd92f768bb70e3c3,2,242.38,1
1784901092581,BTC,179c8738f500f402,2,1006.7,1
1784901092581,BTC,3022c850cc917772,2,42.32,1
1784901092581,BTC,6f3d4e49535da453,2,120.55,1
1784901092581,SOL,3b22824f36c7f1fc,2,44.5,1
1784901092581,BTC,5d68a77a0a5fee0f,2,1288.83,1
1784901092581,BTC,26ee991ead0885d8,2,4396.14,1
1784901092581,SOL,b64d061d55bf39d6,2,15787.19,1
1784901092581,BTC,a2e80696a7ddeea5,2,79.51,1
1784901092581,BTC,9d7a1fa11b47b339,2,2791.83,1
1784901092581,ETH,47762250b501c9e5,2,512.34,1
1784901092581,BTC,398ee6240723898b,2,924.62,1
1784901092581,ETH,31312e8ca2c6341b,2,1058.46,1
1784901092581,BTC,ef592b52b6c5d11e,2,2558.43,1
1784901092581,SOL,7739dc5612bd8db1,2,896.02,1
1784901092581,BTC,3bd5d0a51e9d2aaa,2,91.05,1
1784901092581,BTC,f54a5119170c1378,2,2100.6,1
1784901092581,ETH,692ca7a3f4b1ddee,2,54.58,1
1784901092581,BTC,8a66bec0d1acbd34,2,1408.1,1
1784901092581,BTC,2fc2a0f5e65d4c1e,2,57.71,1
1784901092581,SOL,8f0a3bad5a662cef,2,197.3,1
1784901092581,ETH,902a88100faa5be3,2,718.39,1
1784901092581,BTC,f57967d0f72196fb,2,642.49,1
1784901092581,BTC,e51835bc203b2307,2,47.45,1
1784901092581,BTC,efa799e579a1b3a3,2,4788.56,1
1784901092581,BTC,b58f1f4f7cd20cc0,2,310.35,1
1784901092581,ETH,ab28a8851c69bf65,2,1659.16,1
1784901092581,BTC,6f4dccf3a9b8d2b3,2,23.08,1
1784901092581,BTC,e584f5e5a214b24d,2,10178.57,1
1784901094154,xyz:TSLA,9ec89a7c75638b77,2,368.27,1
1784901094154,xyz:TSLA,e03cce4579a22f25,8,22085.63,1
1784901094154,xyz:USAR,959120e6621434f6,2,29.55,1
1784901094154,xyz:XYZ100,9d0874cb9c19ba52,2,1389.06,1
1784901094154,xyz:TSLA,fc604c4829b5b323,4,29.1,1
1784901095774,BTC,8a52f8e0e4301b03,2,23.09,1
1784901095774,BTC,9b2259085897f280,2,5566.83,1
1784901095774,BTC,1bea5be5b3e51eb4,2,731.13,1
1784901095774,BTC,32ad59c7aa5eba6c,28,363819.36,1
1784901107862,BTC,32ad59c7aa5eba6c,60,1454880.56,1
1784901097109,xyz:MU,ec81a65e64d8b7b5,2,2445.75,1
1784901097109,xyz:MU,0e88ff9b087fc727,2,4078.14,1
1784901097999,para:COHR,947fce37b56c5566,2,3817.86,1
1784901099821,mkts:USTECH,515fbfb182799d3e,2,58652.67,1
1784901100197,xyz:USAR,141ae220427cd4ec,2,127.93,1
1784901107862,ETH,f2099f9252873fef,4,20407.5,1
1784901107862,ETH,c43b4e9d78c2d75f,2,207.04,1
1784901107862,BTC,679cfde1d5b8c0a5,2,23.08,1
1784901107862,SOL,5a4b88541b49dcba,2,8295.03,1
1784901107862,BTC,3fa3cf44cbd2f32b,2,848.96,1
1784901107862,BTC,ec683290972228a2,2,614.28,1
1784901107862,BTC,aa5614fd56c303bf,6,5130.91,1
1784901107862,ETH,2e1ff4a417da4705,2,139.88,1
1784901107862,ETH,cbc38006b1219745,2,23.38,1
1784901107862,ETH,2da560c7159ebee6,2,519.46,1
1784901107862,ETH,87103a72c80c3e6c,2,139.51,1
1784901107862,ETH,d23f3848fc22f474,2,3697.78,1
1784901107862,BTC,5beb680b4a1629c0,2,2149.13,1
1784901107862,ETH,d8581ca6a8e4d0b1,2,124.67,1
1784901107862,ETH,9ef60b6fecddf914,2,280.88,1
1784901107862,ETH,eab2cb932bafa8a3,2,1007.74,1
1784901107862,ETH,63ea7dee29c113f6,4,3795.37,1
1784901107862,ETH,92277115107c2336,2,99.07,1
1784901110881,BTC,69a3b4be08b88999,2,4913.77,1
1784901110881,BTC,20354cc73d3f4f9f,2,264.15,1
1784901110881,BTC,3ec9c163179e4597,2,79.5,1
1784901110881,BTC,743036ce1d4add89,2,124.38,1
1784901110881,BTC,267afa04153d0f01,2,217.99,1
1784901110881,BTC,187845bbf61021b0,2,1783.68,1
1784901110881,BTC,f617ab38728f0e94,2,752.71,1
1784901110881,BTC,a66ade7c10321215,2,87395.16,1
1784901321456,BTC,a66ade7c10321215,4,69700.21,1
1784901110881,BTC,4b6e693d188d214c,2,391.1,1
1784901110881,BTC,e185794e3f489906,2,3791.76,1
1784901110881,BTC,d88b2e9f68d0110d,2,792.46,1
1784901110881,BTC,b86db9aec3567914,2,455.22,1
1784901110881,BTC,bfe4de827db80913,2,562.93,1
1784901110881,BTC,ed1ab5a34f79b16f,2,801.44,1
1784901127311,xyz:TSLA,69da36432e7511a6,2,9031.71,1
1784901127311,xyz:TSLA,3d71681dba33ebf3,2,1720.21,1
1784901127311,xyz:TSLA,99a412340212969b,2,163.56,1
1784901127311,xyz:TSLA,056cc897b66840a0,2,48.63,1
1784901127311,xyz:TSLA,fb96c9e1c1b26bf4,2,3387.37,1
1784901127311,xyz:TSLA,2dc623c5363e32dc,2,682.65,1
1784901127311,xyz:TSLA,f37aa7d8fde0afa6,2,2337.18,1
1784901127311,xyz:TSLA,76de299a24cbf4cd,2,973.77,1
1784901127311,xyz:TSLA,bf8826f39abf5b5e,2,1051.45,1
1784901127311,xyz:TSLA,0fe8147781cdd47a,2,5804.12,1
1784901127311,xyz:TSLA,412dec691cbe0c87,2,26306.4,1
1784901127311,xyz:TSLA,70a3b05fc4338e46,2,373.22,1
1784901127311,xyz:TSLA,8a25d95778cad897,2,1402.56,1
1784901127311,xyz:TSLA,9e26cfd648707ea9,2,37.89,1
1784901127311,xyz:TSLA,4063d29bdb28d09e,2,548.14,1
1784901127311,xyz:TSLA,26a7d32a251a9005,4,9850.88,1
1784901127311,xyz:TSLA,e800375797c5726c,2,1829.91,1
1784901127311,xyz:TSLA,a29ef3385e40f4e7,4,3893.46,1
1784901127311,xyz:TSLA,a15e954601dc245e,4,661.73,1
1784901130143,xyz:TSLA,e75d4f044d859909,8,81597.68,1
1784901130143,xyz:TSLA,31d8e333aea7dedf,2,821.54,1
1784901130143,xyz:TSLA,8b746a9b6bede146,2,2572.51,1
1784901130143,xyz:TSLA,94d4d767fd1e9ba2,2,3936.05,1
1784901130143,xyz:TSLA,93fec3592c5f9629,2,1247.45,1
1784901130143,xyz:TSLA,9dfe7bf0c9afbbb4,2,266.9,1
1784901130143,xyz:TSLA,383074647bee2c29,4,11444.6,1
1784901130143,xyz:TSLA,ebba0f11550bb5a2,4,28628.55,1
1784901132020,ENA,9b29a46e94773724,10,3868.49,1
1784901133100,xyz:SPCX,2c57ec2c12d2f26f,2,232.72,1
1784901133100,xyz:XYZ100,fef26fada62dd1f8,4,45.16,1
1784901133100,xyz:TSLA,b4c9654c461b091d,2,1481.12,1
1784901133100,xyz:TSLA,fc4907ae5a1df3d4,6,5518.87,1
1784901133100,xyz:SPCX,fc4907ae5a1df3d4,2,9448.11,1
1784901133100,xyz:TSLA,c717a4d69aa72130,2,935.48,1
1784901138424,BTC,44906d0fc5d01808,2,52.57,1
1784901138424,ETH,0546f418b336c5ee,2,23.35,1
1784901138424,ETH,4e535d5d9f7bd6a5,2,2382.36,1
1784901138424,ETH,3238dc6f813d8e16,2,307.66,1
1784901138424,BTC,10583bb60248963d,2,18247.84,1
1784901138424,ETH,0ed2e79a1f0165fd,4,3072.57,1
1784901138424,SOL,54c15bae5f78cd0f,2,3432.87,1
1784901138424,BTC,d879cce6988032ae,2,75.64,1
1784901138424,ETH,334fa0664ff5136e,2,136.04,1
1784901138424,ETH,1d89e767f7b6c752,2,3344.27,1
1784901138424,BTC,82aca48161743882,2,37771.36,1
1784901138424,BTC,e169b1a196b0cba2,2,492.32,1
1784901138424,ETH,33b63445b131ed2e,2,434.44,1
1784901138424,ETH,1410ba38c2b7cad1,2,20804.42,1
1784901138424,ETH,2c26bcc19eb45ce4,2,738.02,1
1784901138424,ETH,e141197e9bfa0fa6,2,11365.79,1
1784901138424,BTC,17cdd1768d45a3c1,2,126.93,1
1784901138424,BTC,8e2d17e60bdc3b4a,4,19595.31,1
1784901138424,ETH,f24756583ed0e691,2,23.35,1
1784901138424,ETH,9fa921e99b2a41a7,2,1332.97,1
1784901138424,SOL,a7b315f0db7bb7b8,2,117.2,1
1784901138424,ETH,289bdfe53d99b7b3,2,269.86,1
1784901139186,xyz:SKHX,81816e52bcf25277,2,381.51,1
1784901139186,xyz:SPCX,2f5673be39d9aefe,2,189.26,1
1784901139186,xyz:SMSN,95d8ee62a3351032,2,152.08,1
1784901139186,xyz:MU,7cf073b8fe3dc722,2,35.66,1
1784901139186,xyz:INTC,16e82ffc77d8f629,4,11300.66,1
1784901139186,xyz:SPCX,7f4162cb88d56d7d,2,43.32,1
1784901139186,xyz:INTC,be5e0bac3c02546f,2,528.09,1
1784901139186,xyz:TSLA,6bb5645ec40e8bcf,10,23613.29,1
1784901139186,xyz:NBIS,1bdce86dad27f7ce,2,742.26,1
1784901139186,xyz:TSLA,cd98c3d4b275dc95,2,23.33,1
1784901139186,xyz:RKLB,f5ea69074693060b,2,94.03,1
1784901139186,xyz:AMD,e10817e2207785bc,2,74.35,1
1784901139186,xyz:DRAM,227fcc9dd1568272,2,32286.45,1
1784901141578,BTC,98ac096de70574b4,2,407.34,1
1784901141578,BTC,1624fac7087ac0c0,24,457912.45,2
1784901141578,SOL,13ae6811f094d398,2,84.48,1
1784901141578,ETH,20d5083c313960e4,2,75.58,1
1784901141578,SOL,c12a1691a98d953d,2,29.64,1
1784901141578,SOL,38784687d8467dd4,2,29.64,1
1784901141578,BTC,91d9d7280c7bf226,2,899.22,1
1784901141578,ETH,a9a8edf70fa5eb22,2,23.34,1
1784901141578,ETH,bb4a483dbc2d5f8b,2,23.34,1
1784901141578,ETH,4cc43c2bcbd2c392,2,191.55,1
1784901141578,ETH,1736b65bde55883d,2,291.95,1
1784901141578,BTC,22c8afcef3590860,2,873.6,1
1784901141578,BTC,58cf6f6b082d81f6,2,47.39,1
1784901141578,ETH,a43256b6be9abb61,2,522.01,1
1784901141578,ETH,827ce55f799da40b,2,159.68,1
1784901141578,ETH,9d7192ca83ee6752,2,92.25,1
1784901141578,ETH,ff2dba25f014a953,2,22.97,1
1784901141578,ETH,c23350b72ea8407d,2,538.68,1
1784901141578,BTC,5d7cbc2e41e21b54,2,12669.78,1
1784901141578,BTC,4a2d01e68e3d762c,2,5678.41,1
1784901141578,ETH,cd25e64c5e72fc85,4,10119.66,1
1784901141578,ETH,db9b465eb81a3878,2,1305.94,1
1784901141578,ETH,250728ba2a489b31,2,1789.79,1
1784901141578,ETH,3129d8fa48225269,2,33.71,1
1784901141578,ETH,ba3db43d2e48c0b0,2,23.34,1
1784901141578,SOL,f0c3f8c5adbbc660,2,2079.33,1
1784901141578,SOL,72093f15fa5c1410,2,23.71,1
1784901141578,BTC,f4a9e7d2d9ae6e97,2,836.45,1
1784901141578,ETH,051d49c5bd78e801,2,956.95,1
1784901141578,ETH,ab333978663f1c83,2,100.77,1
1784901141578,SOL,18b1d14ccb0d403a,2,35.57,1
1784901141578,SOL,4bb1e6fc774ebde7,2,102.26,1
1784901141578,SOL,5b05efe6d22149e1,2,955.93,1
1784901141578,ETH,77a00837734f6f41,2,537.57,1
1784901141578,ETH,92c1314e71a54b75,2,708.36,1
1784901141578,BTC,7372bd80de08b978,2,42.27,1
1784901141578,BTC,c254e2934cf437e6,2,4090.04,1
1784901141578,SOL,45e823ac7a3d85a2,2,208.97,1
1784901141578,ETH,64d1c0036023b42f,2,922.87,1
1784901141578,BTC,19d16fa214b0b51b,2,2574.69,1
1784901141578,BTC,0e0047f0c2943024,2,3317.63,1
1784901141578,SOL,cd58cec74861d66d,2,23.71,1
1784901141578,SOL,57b5a6f7232cfae6,2,149.69,1
1784901141578,BTC,96862576a04525f1,2,475.23,1
1784901141578,ETH,ae0bc47a220d5796,2,111.51,1
1784901141578,SOL,b4faff187e160b1d,2,794.38,1
1784901141578,BTC,f5a3c6e0e67bd0f8,2,480.35,1
1784901141578,SOL,713a793a00e7aa28,2,2297.19,1
1784901141578,SOL,b4e289391c159d12,2,603.2,1
1784901141578,ETH,7d6eeafc4aa733c0,2,37.79,1
1784901141578,SOL,54d6406f47ef695d,2,23.71,1
1784901141578,SOL,6264e259c77a9a99,2,189.7,1
1784901141578,SOL,25e73fbee8181b59,2,289.0,1
1784901141578,ETH,b9fccabd3b1f9557,4,1141.45,1
1784901141578,ETH,0aee648618facfe2,2,196.35,1
1784901141578,ETH,3004e1801320927f,2,1643.08,1
1784901141578,SOL,02d23b62780a7c48,2,1350.16,1
1784901141578,BTC,4a4e151442b70623,2,3107.56,1
1784901141578,ETH,77b6077dbacf24ca,2,774.3,1
1784901141578,ETH,b4631017fc20b5a3,2,23.34,1
1784901141578,BTC,3ca57395e35aa520,2,12434.08,1
1784901141578,BTC,85004900e6826dfe,2,1394.94,1
1784901141578,SOL,c52d82c831d0209a,2,23.71,1
1784901141578,SOL,56a98d75273b401c,2,5513.26,1
1784901141578,BTC,9f3995c58d09d181,2,219.04,1
1784901141578,SOL,846a07eec6f9ffa7,2,269.73,1
1784901141578,ETH,835121cf835ad482,2,6564.54,1
1784901141578,SOL,08dd0dc30716030f,2,137.83,1
1784901141578,BTC,1cb0fb2c2a54d6fb,2,462.42,1
1784901141578,BTC,044b75a00566a201,4,7894.43,1
1784901141578,ETH,35972e0792617851,2,23.34,1
1784901141578,SOL,df47e57232b3000b,2,69.66,1
1784901141578,BTC,de75fd7404d7dc5f,2,79.42,1
1784901141578,BTC,33772df9d2ad2fc8,2,361.21,1
1784901141578,BTC,d19cb54475e4509c,2,9531.18,1
1784901141578,BTC,149faeb66f59345b,2,24.34,1
1784901141578,BTC,9de27277c1776067,2,1293.71,1
1784901141578,ETH,fbf8cc30a64deb61,2,122.63,1
1784901141578,SOL,fd8049c81fe8c82b,2,23.71,1
1784901141578,ETH,aeeedd9a03862009,2,354.18,1
1784901141578,BTC,c2cc0ef1cf4f1220,2,365.06,1
1784901141578,BTC,444014907b0b43d8,2,874.85,1
1784901141578,BTC,4827bb63ce60c6ce,2,823.62,1
1784901141578,SOL,4827bb63ce60c6ce,2,47.43,1
1784901141578,ETH,5d5f208d1681327b,2,871.37,1
1784901141578,ETH,6c9675daf9fec356,2,22.97,1
1784901141578,BTC,1d54bce20f77ceda,2,24.34,1
1784901141578,ETH,95268d516b8f7afb,2,1304.83,1
1784901142122,xyz:TSLA,74dec477e882e65b,2,25.21,1
1784901142122,xyz:DRAM,02aa94099e5d1b0f,2,727.38,1
1784901142122,xyz:SKHX,c42071b516e97322,2,3833.37,1
1784901142122,xyz:XYZ100,7f9e08f1d5afbd38,2,16.92,1
1784901142122,xyz:TSLA,c1fd0a524145544a,2,45.37,1
1784901142122,xyz:SHAZ,3f71a22e8ef026be,54,85778.45,1
1784901142122,xyz:XYZ100,4c7d8e061dc35385,2,73.34,1
1784901142122,xyz:XYZ100,1b9899641323d5b1,2,28.21,1
1784901142122,xyz:MRVL,3bec119b6219a304,8,16060.51,1
1784901142122,xyz:TSLA,075b3b29226fdedb,10,17305.88,1
1784901142122,xyz:SNDK,8227da24a958586c,2,120.34,1
1784901142122,xyz:TSLA,928078cc1c8a8f26,2,1596.09,1
1784901142122,xyz:MSTR,fda6e77c71394d84,2,1475.99,1
1784901142122,xyz:KR200,8bbf92a5b82f661a,2,187.35,1
1784901142122,xyz:TSLA,ea13db235f1705b5,2,1633.27,1
1784901142122,xyz:TSLA,2ed4bb7fa585e550,2,601.13,1
1784901142122,xyz:XYZ100,b7ebd5a79a2f8ed0,2,146.68,1
1784901142122,xyz:TSLA,7aa3900d30ca6d02,2,37.81,1
1784901144452,BTC,200c1123ca4fb1e3,2,46.12,1
1784901144452,BTC,634ba995cdd4ca1f,2,7209.2,1
1784901144452,BTC,b5e2ffa7dcf5e05f,2,57.65,1
1784901144452,BTC,500428c7eef95892,2,426.63,1
1784901144452,SOL,b995070278e12154,2,16358.0,1
1784901144452,BTC,183b864bb1f46abe,2,10687.6,1
1784901144452,BTC,a0046cc492319a05,2,3812.79,1
1784901144452,BTC,7ec42ea3243999c4,2,12608.09,1
1784901144452,BTC,7de4f4397067bd10,2,96.09,1
1784901144452,BTC,5d1b38aa99eebe9d,2,1434.92,1
1784901144452,BTC,e90d4a175d44bc32,2,1633.5,1
1784901144452,BTC,6486e63fea85bc91,2,973.7,1
1784901144452,BTC,74d7590bbbb8fb4c,6,14242.88,1
1784901144452,BTC,22c5e7df8b320b80,2,709.77,1
1784901144452,BTC,47c383f5885d91ba,2,6648.04,1
1784901144452,BTC,77af52c5d9e59087,28,105072.56,1
1784901144452,BTC,a452f990e858b42e,2,249.83,1
1784901144452,BTC,2bed98409f99ce33,2,442.0,1
1784901144452,SOL,da482b6907ea3349,2,115.61,1
1784901144452,BTC,7f474260dba23f26,2,10454.27,1
1784901144452,BTC,c97a83e91dfe8566,2,4706.98,1
1784901144452,BTC,59cc19e5c826523e,6,59416.36,1
1784901144452,SOL,0a2ba309e854c88e,4,4990.64,1
1784901144452,BTC,f405f44db2908efc,4,518.86,1
1784901144452,SOL,8607065afb15a1bc,2,377.96,1
1784901144452,BTC,e7ed1454ca59ec71,2,14901.99,1
1784901144452,BTC,b64870d5fc7c15fe,2,5753.51,1
1784901144452,BTC,a99fe9c336c563b8,52,1414993.92,2
1784901144452,BTC,25d74d1bb67a7fc5,2,35.87,1
1784901144452,BTC,7e86ebc7ffcf96ff,2,1372.02,1
1784901144452,BTC,afb9b189168f012d,2,41692.1,1
1784901144452,BTC,0f52243d25c9497f,2,3539.57,1
1784901144452,BTC,db3c5042219f5b4c,2,383.04,1
1784901144452,BTC,bbacc6e374bc9120,2,166.54,1
1784901144452,BTC,5b05efe6d22149e1,2,2822.18,1
1784901144452,BTC,6e24a37cc9f9b9ab,2,1906.22,1
1784901144452,BTC,14e51928755a7aaf,2,5288.22,1
1784901144452,BTC,c57f8e079af1e756,2,59808.85,1
1784901144452,BTC,1a745a8aba138e26,2,24.34,1
1784901144452,BTC,27a732298548b635,4,11460.18,1
1784901144452,BTC,39e82799e98076eb,4,31824.88,1
1784901144452,BTC,4f564b2d15416cea,2,4031.43,1
1784901144452,BTC,abad91940f181fd4,2,24.34,1
1784901144452,BTC,f02b759ddaeb3908,2,2168.8,1
1784901144452,BTC,a79425ed494e10fb,2,790.4,1
1784901144452,SOL,b7d701df4df9f1a8,36,251957.06,2
1784901144452,BTC,85f9bffe1b4ce10a,2,1168.31,1
1784901144452,BTC,77dbd5ad83806173,2,713.54,1
1784901144452,BTC,9e7efda027794ebe,2,740.44,1
1784901144452,BTC,905e95bcf31dc800,2,30.74,1
1784901144452,BTC,7d21fcc0bca747cd,2,3179.54,1
1784901144452,BTC,d647550c44060b36,2,8933.97,1
1784901144452,BTC,967f24adbe54fd7a,2,33.31,1
1784901144452,BTC,e632b06779e88504,2,81.99,1
1784901144452,BTC,4d40d9e30da32842,2,18959.39,1
1784901144452,SOL,6e6efe0d50575a11,2,3007.1,1
1784901144452,BTC,cf62a750bac82009,4,9738.47,1
1784901144452,SOL,74a0ffab3ecac1ea,2,23.71,1
1784901144452,SOL,b4631017fc20b5a3,2,23.71,1
1784901144452,BTC,0b2e938447732329,2,11519.11,1
1784901144452,BTC,e55f5c9aab6b1a6f,2,24.34,1
1784901144452,SOL,c5c8e5604533efe6,2,1980.03,1
1784901144452,SOL,28f9329778c01b2d,2,127.46,1
1784901144452,BTC,be7ce75180f17fa1,2,2024.04,1
1784901144452,ETH,6d3061800706e536,2,2035.27,1
1784901144452,BTC,6c30c4f401f3fe93,2,3795.72,1
1784901144452,SOL,56eaaeb0a6bf044d,2,170.44,1
1784901144452,BTC,5af3f63c3dd6448e,2,5732.65,1
1784901144452,SOL,3b034101718d8bd8,2,195.63,1
1784901144452,BTC,b13cd639efd7b437,2,458.61,1
1784901144452,BTC,e1b2570417625537,2,24.34,1
1784901144452,BTC,46ee3a16b86a8d95,2,2390.42,1
1784901144452,BTC,145a943391830c20,2,8024.43,1
1784901144452,BTC,9254496e4c991169,2,488.08,1
1784901144452,BTC,6f9c209ef300a8bf,2,20705.13,1
1784901144452,BTC,8b5d241ddd1454a0,2,94.8,1
1784901144452,BTC,a6d3fb3357b82da0,2,23.06,1
1784901144452,BTC,0305032d054865f4,2,34905.23,1
1784901144452,BTC,c80e6e4f1c71b401,2,365.09,1
1784901144452,BTC,aec7d507d0089376,2,1187.51,1
1784901144452,BTC,c93c06bdef83a2db,2,4324.72,1
1784901144452,SOL,fdd96c2462e4d7a3,2,28.16,1
1784901144452,BTC,5e4681ee0461e2af,2,3992.94,1
1784901144452,BTC,ec13ba4ecb659cc9,2,56.36,1
1784901144452,BTC,11bd995650089caa,2,7499.09,1
1784901145122,xyz:MU,746152365dddcb95,2,20.61,1
1784901145122,xyz:CBRS,45bc9e2abeeead0f,2,8508.76,1
1784901145122,xyz:DRAM,bd1e8f741b221522,2,21.69,1
1784901145122,xyz:CBRS,edc71a1d4d1bbd89,2,282.17,1
1784901145122,xyz:XYZ100,3f4de1241dd7c715,2,28.21,1
1784901145122,xyz:SKHY,0ce10047cedb9d99,2,19.03,1
1784901145122,xyz:MU,b6c6e537a3ae7949,2,168.65,1
1784901145923,mkts:USTECH,21458b831eb0fcdf,6,59407.76,1
1784901147321,ETH,2f273269ccb75b6b,2,21932.93,1
1784901147321,SOL,35557412a0f1f249,2,56.32,1
1784901147321,BTC,814feef23d946375,4,14025.67,1
1784901147321,BTC,c442401b32573281,4,1019.67,1
1784901147321,BTC,1867d52e3aeb8d4d,2,84.54,1
1784901147321,SOL,0a0d47c2295b74e2,2,88.93,1
1784901147321,SOL,9a5b2c87d8d3b20c,2,6435.28,1
1784901147321,BTC,110c24b91076579f,2,24.34,1
1784901147321,BTC,55f3fea7b31b367f,2,826.23,1
1784901147321,SOL,7cc60412f5895efc,2,62.25,1
1784901147321,BTC,c58680e5b64ca539,2,1257.92,1
1784901147321,BTC,5d08c34ae3f6d48a,2,662.27,1
1784901147321,BTC,e3e935832a29567f,2,4260.54,1
1784901147321,BTC,9b26dd80f802d56a,10,93824.9,1
1784901147321,BTC,53dfbe454aa75a3e,2,24.34,1
1784901147321,BTC,6fc0c791ea76169f,2,370.17,1
1784901147321,BTC,8cbf3c7e3ad4f2f1,2,43.55,1
1784901147321,BTC,5e8f94a1563aed42,2,878.68,1
1784901147321,BTC,6b27cdd155b7f859,2,2023.79,1
1784901147321,SOL,0676e621528d54ae,2,274.19,1
1784901147321,BTC,9e008a9e3ffa20f1,2,1462.76,1
1784901147321,BTC,98ce9014478af7da,2,20.49,1
1784901147321,BTC,30af2928fe9aec4d,2,1034.95,1
1784901147321,BTC,51f9a47014e5751b,2,1169.44,1
1784901147321,BTC,ba3f22b03161bf2c,2,1314.18,1
1784901147321,BTC,2fdc89fb05182150,2,640.44,1
1784901147321,BTC,d45e16b10e90c847,4,3462.22,1
1784901147321,BTC,0a2d99bbb3e60dbb,2,20.49,1
1784901147321,SOL,0ea3ad89e1d2bba5,2,1575.43,1
1784901147321,SOL,caa461a8bd644819,2,23.71,1
1784901147321,BTC,fbe6515f9002670b,2,44815.43,1
1784901147321,BTC,972357b9914fd8c7,2,20.49,1
1784901147321,BTC,936cf0173739d0c6,2,914.55,1
1784901147321,BTC,17075ff24a7d840d,2,23946.05,1
1784901147321,SOL,2c8c1c14bceb7b6f,2,23.71,1
1784901147321,BTC,fa333d4fe1bd2d7b,2,24.34,1
1784901147321,ETH,a13a5ad23774e485,2,372.74,1
1784901147321,BTC,962d076113c3d1e0,2,23574.6,1
1784901147321,ETH,962d076113c3d1e0,2,14614.05,1
1784901147321,SUI,962d076113c3d1e0,6,2330.42,1
1784901147321,XRP,962d076113c3d1e0,4,8560.6,1
1784901147321,ONDO,962d076113c3d1e0,8,2884.74,1
1784901147321,RENDER,962d076113c3d1e0,4,1599.59,1
1784901147321,BTC,cbd2f90bfcfed122,2,174.2,1
1784901147321,BTC,e56a5141a4991a12,2,3077.95,1
1784901147321,BTC,13da2cace150f7db,2,24.34,1
1784901147321,SOL,d6cdab6c015f860d,2,284.56,1
1784901147321,BTC,cd895507b676d705,2,20.49,1
1784901147321,BTC,e0ec02f320d82ba2,2,20.49,1
1784901148130,xyz:SPCX,2b79b9b73f0c03de,2,1000.22,1
1784901148130,xyz:DRAM,1f53906e7507ee49,2,552.89,1
1784901148130,xyz:SPCX,e3263f7a746115ba,2,3073.56,1
1784901150337,ETH,f08c955f08dac0ce,2,152.94,1
1784901150337,ETH,14ca1c0690f88d1a,2,1014.68,1
1784901150337,BTC,9d38b3e337ac9e31,2,1097.53,1
1784901150337,BTC,7aa2f13b26ea81c5,2,2487.04,1
1784901150337,BTC,67c04f56fe5d9b15,2,728.7,1
1784901150337,SOL,3562f77e7ae6d616,2,1109.94,1
1784901150337,BTC,b5c03c984a3d5489,2,394.44,1
1784901150337,ETH,d3a5b92cc4383ca2,4,2139.34,1
1784901150337,BTC,8a2e3b1a1d987dac,2,7955.46,1
1784901150337,BTC,937d4d53303e58af,2,394.44,1
1784901150337,ETH,5bf2f5e49b91339e,2,20.0,1
1784901150337,SOL,642fbfa3676f2406,2,2585.92,1
1784901150337,BTC,723673b7ac4141eb,2,375.23,1
1784901150337,BTC,7113bf55899394e9,2,723.57,1
1784901150337,BTC,ec0159a241c7172f,2,394.44,1
1784901150337,ETH,17a2f503b347d6ba,4,8732.52,1
1784901150337,BTC,c88a66e73ef1d4ee,2,2026.0,1
1784901150337,BTC,a788995f4878539a,2,23.05,1
1784901150337,BTC,0db25613ac555553,2,5561.91,1
1784901150337,BTC,aabe0376ef95c964,2,197.22,1
1784901150337,SOL,635a7f173dcba4f2,2,440.12,1
1784901150337,ETH,e52b7c321359899b,2,716.94,1
1784901150337,BTC,62ddd8267aa6015d,2,2078.51,1
1784901150337,BTC,5b5a0c32d992af12,2,11433.73,1
1784901150337,BTC,b7952c8d8dab0419,2,58.91,1
1784901150337,BTC,ade7e549345e78e0,2,87.08,1
1784901150337,ETH,775fbc58583483b0,2,462.53,1
1784901150337,ETH,f3ebb9a3ef8bad16,2,1397.59,1
1784901150337,ETH,4b0524ae87be96cc,2,529.93,1
1784901150337,ETH,36e1be297b739948,2,73.69,1
1784901150337,ETH,38bfc0f44efb2d54,2,258.48,1
1784901150337,BTC,97129a14f7ce0ba5,8,14441.79,1
1784901150337,ETH,85fbe1dfb4df25e2,2,1572.38,1
1784901150337,ETH,05a0d18c6cf47e33,2,359.95,1
1784901150337,ETH,047f1ec45d3f11e2,2,655.1,1
1784901150337,SOL,dd76cf8afebb2fe6,2,1268.51,1
1784901150337,BTC,3725b467042c387f,2,1442.0,1
1784901150337,ETH,cbd2f90bfcfed122,2,145.91,1
1784901150337,BTC,cc74003dc18c5e25,2,626.23,1
1784901151258,xyz:MU,4bf98daee5549327,2,630.78,1
1784901151258,xyz:XYZ100,ab05047788c65790,2,834.9,1
1784901151258,xyz:EWY,01c9599db6028f81,16,42467.36,1
1784901151258,xyz:SNDK,7910e87745dd9839,10,5664.14,1
1784901151258,xyz:XYZ100,e81b687e2a50ad42,2,1466.71,1
1784901151258,xyz:CRCL,e184d3513b39f17c,4,4611.08,1
1784901153357,BTC,5b6ef14e13c3ce69,2,20.49,1
1784901154092,xyz:SPCX,f08237e19d4af064,2,54.67,1
1784901154092,xyz:USAR,0ec75a028a5484c8,2,62.43,1
1784901154092,xyz:SKHX,1fe4b6e3d1d50814,2,922.51,1
1784901154092,xyz:SPCX,7dca0e379f689d84,2,191.35,1
1784901154092,xyz:SKHX,097e125d3ce00494,2,40.21,1
1784901157102,xyz:CRWV,f7047f9b1994ba7c,2,1649.03,1
1784901157102,xyz:SMSN,5a5b461562e48e64,2,0.33,1
1784901157102,xyz:INTC,af5f97f29ef01988,8,34283.69,1
1784901163082,xyz:SNDK,e362e4e842a9704c,2,170.85,1
1784901163082,xyz:ORCL,8403c688770af314,10,70384.55,1
1784901166186,xyz:ORCL,c75363e240c33422,16,70348.4,1
1784901166186,xyz:SNDK,84935ced5ef4967f,4,1367.34,1
1784901166186,xyz:SNDK,83a4748b119ff7a5,4,18086.64,1
1784901166186,xyz:SNDK,b8009626c7d0c5de,2,68.82,1
1784901166186,xyz:DRAM,a4e6ac7de0e6ec03,10,25974.03,1
1784901166186,xyz:SNDK,64dc4db37314b617,2,191.49,1
1784901166186,xyz:INTC,cee386033c81b867,2,46.26,1
1784901166186,xyz:SNDK,2531e1a3af4757d0,2,1116.02,1
1784901166186,xyz:ORCL,9196f4352da006e4,2,27.43,1
1784901166254,ETH,2d6b41f911a65d84,2,733.0,1
1784901166254,ETH,241408ec1b4c91e5,2,493.11,1
1784901166254,ETH,ea03907936bcee1e,2,4249.9,1
1784901166254,ETH,b2743827cfad022d,2,1388.25,1
1784901166254,ETH,038e241bdd37691a,2,23.69,1
1784901166254,ETH,dd434abebb9967bc,2,73.67,1
1784901166254,ETH,b065a204033b7edb,2,48.5,1
1784901166254,ETH,5e401f8b8f52bec1,2,192.5,1
1784901166254,ETH,e5c25bf95cca514e,2,75.89,1
1784901166254,ETH,9adac41044433c9b,2,2124.58,1
1784901166254,ETH,1886f616cff15425,2,977.7,1
1784901166254,ETH,325ef357d0bf9c77,2,1030.27,1
1784901166254,ETH,6ec18ebea7cca869,2,23.69,1
1784901166254,ETH,4e2a0e556e366e32,2,74.04,1
1784901166988,para:IREN,04e3ff2a21df6afe,2,370.19,1
1784901169202,xyz:COIN,4f1fdaab5045dfba,6,18974.12,1
1784901172014,xyz:COIN,85082645408977ca,2,23.69,1
1784901172014,xyz:SPCX,1811de7d41e00240,2,1273.78,1
1784901178208,xyz:SKHX,af2db27da22bd8e3,2,7.09,1
1784901178208,xyz:SPCX,1e084bf5247edc94,2,7459.88,1
1784901181053,xyz:SMSN,9f12e00d2ab19396,2,750.91,1
1784901181053,xyz:SPCX,d97da146d5dd094f,2,65.87,1
1784901181053,xyz:CRWV,0a0e43b374311cc6,2,133.23,1
1784901184114,xyz:COIN,0969c84d68edb947,2,225.53,1
1784901184114,xyz:SPCX,a0425aa120c10594,2,192.98,1
1784901184114,xyz:SPCX,ff68aacf6a732f8b,2,63.57,1
1784901184114,xyz:COIN,08de530598befbf6,4,225.53,1
1784901184114,xyz:MSTR,92b253ff005c3b68,2,1876.32,1
1784901184114,BTC,e7c3fde6fa31980c,2,2836.44,1
1784901184114,BTC,c8e66ba2dfffaea2,2,79.39,1
1784901184114,ETH,7890e357fa770071,2,1270.43,1
1784901184114,ETH,8505c2e2f48283cc,2,2809.68,1
1784901184114,BTC,228992028e21cf45,2,221.54,1
1784901184114,BTC,66998f674b6742d7,2,25.61,1
1784901184114,BTC,71a2edb30e76982b,2,13845.41,1
1784901184114,BTC,7b0b852592551184,2,386.73,1
1784901184114,BTC,046c85a6066459d3,2,102.44,1
1784901184114,ETH,b73e9b6d2e59336a,2,155.52,1
1784901184114,BTC,e6bc30dbf0c1d82b,2,440.51,1
1784901184114,BTC,c5c298cf80e0e993,2,53.78,1
1784901184114,ETH,5e65847aeeb6744b,2,1523.7,1
1784901184114,BTC,e8b73ca5dd03f870,2,568.57,1
1784901184114,BTC,076160e45d4d3e73,2,4076.02,1
1784901184114,BTC,9073d55d38a24225,2,1698.02,1
1784901184114,ETH,08dd0dc30716030f,2,1277.47,1
1784901184114,BTC,c89cf64c07ceab51,2,637.72,1
1784901184114,BTC,715984b1e3e5d76e,6,17072.43,1
1784901184114,BTC,875e80d72ccfa18c,2,108.85,1
1784901184114,BTC,cb8f8f505aa3f547,2,20.49,1
1784901187227,xyz:SPCX,056cc897b66840a0,2,47.68,1
1784901190108,xyz:MRVL,f08dc0038c6af6c8,2,173.69,1
1784901190108,xyz:SPCX,e2827f71606734a8,4,923.67,1
1784901190108,xyz:SPCX,73696041ab08a49d,10,2010.42,1
1784901193101,xyz:SPCX,176e482a065da867,2,192.85,1
1784901193101,xyz:SNDK,9af8ebcf12445f88,2,38.82,1
1784901193101,xyz:TSLA,5b3ae06bdc97d2d7,2,144.09,1
1784901193101,xyz:TSLA,2f5673be39d9aefe,2,190.65,1
1784901193101,xyz:SNDK,eaa9831ccf34ae28,2,185.13,1
1784901193101,xyz:TSLA,57da1d17c72efc96,2,1479.3,1
1784901193101,xyz:TSLA,49becaae7b2639bc,2,141.57,1
1784901193101,xyz:TSLA,0dc16364d24fab53,2,318.39,1
1784901193101,xyz:TSLA,f88e0eb716958058,2,381.94,1
1784901193101,xyz:TSLA,b7090ab0f1fd4129,2,1208.73,1
1784901193101,xyz:TSLA,494a6f483d043616,2,775.2,1
1784901193101,xyz:SNDK,aa1ae6a8789ca720,2,38.82,1
1784901193101,xyz:SNDK,dfc3b8c2f2e01e1d,2,2490.32,1
1784901193101,xyz:SMSN,9e97b6f890116773,2,176.46,1
1784901193101,xyz:TSLA,ab435992e1f057db,2,5467.92,1
1784901193101,xyz:SNDK,ab435992e1f057db,2,3195.02,1
1784901199132,XRP,1df3b64f5a440d5f,2,91.6,1
1784901202219,xyz:MU,81816e52bcf25277,2,317.67,1
1784901202219,xyz:SNDK,e53d9cda9141b60a,2,71.52,1
1784901202219,xyz:AMD,b9569d0547b8ba65,2,4220.74,1
1784901202219,xyz:EWY,dfaaf0a556754178,2,26.36,1
1784901202219,xyz:EWY,cafe2a8582fedc4c,2,2830.55,1
1784901202219,xyz:INTC,c07379a13a18bf4a,2,33699.75,1
1784901202219,xyz:INTC,a9ff9c6963979871,2,82.81,1
1784901202219,xyz:XYZ100,5385b90c8ce225ad,2,28.19,1
1784901202219,xyz:MU,2625ea1ade63a16e,2,52.32,1
1784901202219,xyz:TSLA,1e8210540ffd517b,2,6531.3,1
1784901202219,xyz:TSLA,f2cb736e22a6dfe6,2,184.99,1
1784901202219,xyz:TSLA,55c7561b49018d72,2,4098.11,1
1784901202219,xyz:SNDK,8e28261b9bd704ee,2,4991.5,1
1784901202219,xyz:SNDK,afce65927f4b84fe,10,1784.99,1
1784901202219,xyz:SNDK,d54142c5e1dcc625,2,360.56,1
1784901202219,xyz:MRVL,bf4b0378b0446e0e,2,189.29,1
1784901202219,xyz:MU,849f2b286a4140d9,2,373.73,1
1784901202219,xyz:TSLA,98767ee7f373a810,2,2377.19,1
1784901202219,xyz:MU,d39fd3ba77f546b9,2,4374.49,1
1784901202219,xyz:TSLA,2e435fe098c6a62f,2,54.11,1
1784901202219,xyz:SNDK,7fd3dcdc6f333aad,2,6504.9,1
1784901202219,xyz:TSLA,8ec7523030743f75,4,3062.41,1
1784901202219,xyz:XYZ100,f83146a0f5d5cb36,2,879.53,1
1784901205175,xyz:SNDK,7cd1c6dd32b278a6,2,128.01,1
1784901205175,xyz:SPCX,f003a28907fd9370,2,2280.49,1
1784901205175,xyz:SKHY,f003a28907fd9370,2,2332.43,1
1784901205175,xyz:SNDK,94f97c40a8b60726,2,4078.49,1
1784901205175,xyz:SNDK,92715163084ff92b,2,1149.12,1
1784901205175,xyz:SNDK,10a7a7bc1cd1a63c,2,1905.28,1
1784901211133,xyz:SHAZ,c3a0073bbeda09e0,4,186.08,1
1784901211133,xyz:SHAZ,da665149eb704abe,8,4870.28,1
1784901214142,xyz:SKHX,a585498b909f6533,2,94.23,1
1784901215698,mkts:USTECH,91eb3d744acc3672,10,66347.93,1
1784901217098,xyz:SKHX,d912e1f09c6c3a29,2,5238.41,1
1784901217098,xyz:DRAM,5a863954d0d251d2,2,32.4,1
1784901217098,xyz:MU,7ee34cf44c8c6495,2,61.63,1
1784901217098,xyz:CBRS,b3c329cb5dbcbad6,8,36783.49,1
1784901223217,xyz:SKHX,cd62895403a56e53,2,238.26,1
1784901227096,BTC,a19bfba90251c37d,2,23158.93,1
1784901227096,XRP,aab50b15d0705443,2,23.99,1
1784901227096,BTC,493253ca1fa7a9ea,2,6506.53,1
1784901227096,BTC,c8da50c6ee4f5ad4,2,12078.24,1
1784901227096,BTC,e778a269997764e2,2,8052.16,1
1784901230150,BTC,b129772451a23da9,2,557.93,1
1784901230150,BTC,6de395d664bd79d4,2,3611.2,1
1784901230150,BTC,3a7837355b4c9905,2,1531.75,1
1784901230150,BTC,6d3b83158ee5edbc,2,20.47,1
1784901230150,SOL,56493728338c270c,2,343.53,1
1784901230150,BTC,4a9222a365368697,2,154.84,1
1784901230150,ETH,db5e2412b8950515,2,134.62,1
1784901230150,BTC,278e9e7eb29667ab,2,399.25,1
1784901230150,ETH,8af30ce2eafb979d,2,2440.94,1
1784901230150,XRP,42f91b703cedf92c,2,23.98,1
1784901230150,BTC,650844daa959da03,2,431.25,1
1784901230150,BTC,de3348637e5ac1f4,2,952.07,1
1784901230150,ETH,ba64efe98440796e,2,632.8,1
1784901230150,SOL,0ca4df99041f7afb,10,11174.79,1
1784901230150,ETH,cea6032b929ec8d3,2,23.67,1
1784901230150,SOL,0c069f46acc3f4c8,2,1193.43,1
1784901230150,BTC,791268c60c29d77e,2,286.64,1
1784901230150,BTC,5e401f8b8f52bec1,2,286.64,1
1784901230150,BTC,ebb2e565a9b5df6f,2,1832.47,1
1784901230150,ETH,b168ed0e9caa9444,4,3759.35,1
1784901230150,BTC,81b316721c07426b,2,152.28,1
1784901230150,ETH,c3f37708c1f0c342,22,23997.44,1
1784901230150,BTC,5985f1757bd7f6d0,2,1013.49,1
1784901230150,BTC,908160d0ed5050c2,2,40958.08,1
1784901230150,ETH,6992a70fadea519f,2,1059.85,1
1784901230150,ETH,c9af6e48813867bc,2,2613.75,1
1784901230150,BTC,1eecf6123c8055e6,2,206.03,1
1784901230150,ETH,b35f91c87e06ccff,2,20349.72,1
1784901230150,ETH,8eda8e13eb3726ce,2,112.79,1
1784901230150,BTC,d5acad94f1202ff7,2,2572.12,1
1784901230150,BTC,84b971665693fe25,2,431.25,1
1784901230150,ETH,c590fcf473399c35,2,1468.11,1
1784901230150,ETH,d0db50255c72fad2,2,362.77,1
1784901230150,BTC,8d3005833dffb1d0,2,66470.66,1
1784901230150,ETH,51c5107f9a06b409,2,269.95,1
1784901230150,BTC,381066dcf7489aa8,2,3992.54,1
1784901230150,BTC,376c0362a67fa1e9,2,23.03,1
1784901230150,BTC,271e5cba1739c9dd,2,2860.04,1
1784901230150,BTC,30bf0d5b9f9f2f5a,2,2816.53,1
1784901230150,BTC,8e407a2404d5ca63,2,34481.72,1
1784901230150,BTC,1150934a853358a7,2,142.04,1
1784901230150,BTC,140a7fb9c0c39e4f,2,20.47,1
1784901230150,ETH,29a8cc9b300256c6,2,570.97,1
1784901230150,ETH,044b75a00566a201,2,4893.56,1
1784901230150,BTC,98d44a57dd0a98d3,2,195.79,1
1784901230150,ETH,67240edf52305d04,2,426.75,1
1784901230150,ETH,5581db189c8faf67,8,4390.27,1
1784901230150,ETH,7cfe4123e935c16c,2,2612.27,1
1784901230150,ETH,a0ffedf63940f58c,2,2016.89,1
1784901230150,BTC,4e188442192e5311,2,797.23,1
1784901230150,BTC,cf67625607a8c3fe,2,98.53,1
1784901230150,BTC,e94187b00e1b2f01,2,20.47,1
1784901230150,BTC,d4c8e1a4a8978dc1,2,9083.03,1
1784901230150,BTC,cb50c18eb850beb6,2,648.79,1
1784901230150,BTC,846da6052e39223b,2,21668.48,1
1784901230150,BTC,c14190d610063611,2,46.07,1
1784901230150,BTC,98c9cbc2697664a8,2,3844.1,1
1784901232903,BTC,9a637cb68e255974,2,4407.4,1
1784901232903,SOL,cd637d4f0375d027,2,100.71,1
1784901232903,ETH,668ea59236efb5e0,2,171.9,1
1784901232903,BTC,b605a1e7252f8cc8,4,28089.63,1
1784901232903,SOL,47e226fd4d4a78cc,2,23.7,1
1784901232903,ETH,c9df5d828173f010,2,1109.41,1
1784901232903,BTC,7d545703da6ebb61,2,726.68,1
1784901232903,BTC,4bda03f3d499ca3d,2,11533.43,1
1784901232903,BTC,bfbdb8e33e0f8dca,2,337.75,1
1784901232903,SOL,f8f4ddaf12eb0417,2,352.49,1
1784901232903,BTC,7d9e0e9ef62d379e,2,1503.25,1
1784901232903,SOL,77255d9b95252fd4,2,23.7,1
1784901232903,BTC,550c97897e72b9aa,2,24.31,1
1784901232903,SOL,550c97897e72b9aa,2,23.7,1
1784901232903,BTC,57fc83bf2d6e7098,2,97.23,1
1784901232903,ETH,38784687d8467dd4,2,170.05,1
1784901232903,BTC,a1e8fa3ac65573c0,2,2041.86,1
1784901232903,ETH,7669f51764ee33a5,2,100.55,1
1784901232903,SOL,32820cdfad08d5d0,4,1008.6,1
1784901232903,BTC,b7b4acdbe6a8119a,2,3386.47,1
1784901232903,ETH,491d0657e2f38eda,2,2120.85,1
1784901232903,BTC,88f5ff59a0108806,2,10146.6,1
1784901232903,BTC,5fc31f966ef83b14,2,602.58,1
1784901232903,BTC,f4e058a7e7cdcd23,2,24.31,1
1784901232903,SOL,4517bc3ae3c75e42,2,2109.03,1
1784901232903,SOL,626992ed55089a1f,2,761.26,1
1784901232903,BTC,1319b0203b93f7b1,2,640.96,1
1784901232903,BTC,1efb3c7d0f525f21,2,2420.55,1
1784901232903,BTC,92864207342fefa1,2,24.31,1
1784901232903,BTC,41cb31c8d0b252fc,2,24.31,1
1784901232903,BTC,fe1006ef9280c89b,2,464.41,1
1784901232903,SOL,184a37333f3f50b3,2,533.17,1
1784901232903,BTC,8fec83244b4c9a56,2,5018.93,1
1784901232903,BTC,cabdffd97a7b379a,2,3148.5,1
1784901232903,SOL,69695739a2aef433,2,673.87,1
1784901232903,SOL,46f5de6a6f9b0b0c,4,2652.54,1
1784901232903,BTC,78519f4949beb325,2,312.16,1
1784901232903,BTC,b1165a8269320c9e,2,202.14,1
1784901232903,SOL,c6dd4cae8ecfc18f,2,605.75,1
1784901232903,SOL,071d1c23ef14ddcf,2,393.96,1
1784901232903,SOL,335ed98ec7a19d65,2,262.14,1
1784901232903,BTC,77e408f909352452,2,2579.19,1
1784901232903,BTC,679e1bc0a4edc9e3,2,158.64,1
1784901232903,BTC,c09264ad1be542f1,2,789.37,1
1784901232903,ETH,78ef2edd8d141230,2,7255.34,1
1784901232903,BTC,459881f615a92283,2,3336.57,1
1784901232903,BTC,f2c515b58cce4aaa,2,67.81,1
1784901232903,BTC,a38afb71dea6674c,2,3977.53,1
1784901232903,BTC,6f7ea9437a9c8a6d,2,1839.72,1
1784901232903,BTC,fda26e41b19388ab,2,327.52,1
1784901232903,BTC,8bcb818f307eb423,2,3903.33,1
1784901232903,SOL,e3daa8a2cf611c86,50,151330.27,1
1784901232903,ETH,5b2e4c2698627a38,2,604.8,1
1784901232903,SOL,7e4e5cb68f9e8fad,2,867.87,1
1784901232903,SOL,711434f11c329506,2,39.99,1
1784901232903,BTC,2e2d120efc1e5a0a,2,800.88,1
1784901232903,BTC,999b65e33d4b8a84,2,24.31,1
1784901232903,SOL,0e6089977c448bad,2,1589.11,1
1784901232903,BTC,ed982732ca92334b,6,3084.54,1
1784901232903,BTC,fddacfdf07b14405,2,142.01,1
1784901232903,BTC,1147ecd50f27777d,2,486.16,1
1784901232903,SOL,eef4c38ebc6f3dcc,2,1950.48,1
1784901232903,SOL,f03ca5fc48d54c1d,4,2277.78,1
1784901232903,BTC,346c29a887ef43bb,4,10645.55,1
1784901232903,ETH,0478484ebccf58c7,2,90.2,1
1784901232903,BTC,1359b4a8bb9b58f3,2,2041.86,1
1784901232903,BTC,7b72b61525875418,2,296.81,1
1784901232903,SOL,367d3013adec0ea6,6,15562.35,1
1784901232903,BTC,a17f907d7863de0b,2,11822.57,1
1784901232903,SOL,ab163e92105cd2fe,2,34.06,1
1784901232903,BTC,5fdb36e115a61c26,2,539.89,1
1784901232903,ETH,e3f5af5aad481906,2,319.03,1
1784901232903,BTC,31940d39b33876fb,2,362.06,1
1784901232903,SOL,f5d81b983efce570,4,204.38,1
1784901232903,ETH,e674d0dbe8a00968,2,28438.0,1
1784901232903,SOL,31b8b5f064016760,198,1558392.78,2
1784901232903,BTC,d6649b8ba26b3091,2,349.27,1
1784901232903,ETH,8d0a87d5595f3106,2,347.87,1
1784901232903,BTC,ee19d9a8ad35c4ec,2,405.56,1
1784901232903,BTC,0c23c5d6390de716,2,7902.61,1
1784901232903,BTC,36271a381a5428a8,2,5327.26,1
1784901232903,BTC,503f8815b438c8fd,2,703.65,1
1784901232903,SOL,81bd88a60389cf4b,2,379.13,1
1784901232903,BTC,478bbb7326a8bd9c,2,9738.49,1
1784901232903,BTC,1d5932c6ab400811,12,76570.98,1
1784901232903,ETH,7b387d50e7c905c5,2,887.6,1
1784901232903,SOL,ffc310caf3a330cd,2,836.74,1
1784901232903,ETH,1b74cb70abe37020,2,29904.89,1
1784901232903,BTC,35d084eb201c5afd,2,1463.59,1
1784901232903,SOL,6bbb3c2417ec86d6,2,23.7,1
1784901232903,SOL,2d6dec6787ca9700,2,23.7,1
1784901232903,SOL,f9529cb809cb0c38,2,262.13,1
1784901232903,ETH,465e84a7de4785fd,2,353.78,1
1784901232903,BTC,c46647944dce4063,2,21.75,1
1784901232903,BTC,b3abc9d195035d13,2,158.64,1
1784901232903,BTC,d29ddb78b680563d,2,1290.87,1
1784901232903,ETH,1b94b5510cc2cffd,2,936.4,1
1784901232903,BTC,59e0cb01d53994de,2,679.34,1
1784901232903,BTC,238bc43c4eb426ec,2,487.44,1
1784901232903,SOL,0f150642a7d9f358,2,288.79,1
1784901232903,ETH,a3c2119daa9be162,2,23.66,1
1784901232903,ETH,d4107498bcfb91e8,2,56.56,1
1784901232903,ETH,cbbd50794f674472,2,231.42,1
1784901232903,BTC,dfdde01ae3b9952f,2,307.05,1
1784901232903,BTC,52c922fd42628e27,2,17487.57,1
1784901232903,ETH,9cdeae2d6807b72a,2,23.66,1
1784901232903,BTC,b12addce29e92666,2,3371.11,1
1784901232903,BTC,f25f77c3bb65eb15,2,110.02,1
1784901232903,BTC,2e0ead30effb3566,2,2417.99,1
1784901232903,ETH,7ab2d91d074abc8d,6,158284.04,1
1784901232903,BTC,826b2a0cac3a8cb7,2,2173.63,1
1784901232903,SOL,286ae76a7024796a,4,1251.41,1
1784901232903,BTC,033b716c65abf800,2,629.45,1
1784901232903,BTC,9c9714898a78468d,2,1251.21,1
1784901232903,SOL,56d76f94cf48a21d,2,130.32,1
1784901232903,BTC,5f806d73df8812d7,2,23.03,1
1784901232903,BTC,5024d5fd76285c4e,2,321.12,1
1784901232903,BTC,2b2e8ed689f9036f,120,3838207.47,2
1784901232903,ETH,828450213633c9b6,2,1378.17,1
1784901232903,ETH,3d7df8d89f16b250,2,293.9,1
1784901232903,BTC,f753a7b518c975fe,2,369.73,1
1784901232903,ETH,abc38903a3e2c1d6,2,982.98,1
1784901232903,ETH,9580f9c657901499,2,88.72,1
1784901232903,BTC,d7f346a972fced8c,2,1384.25,1
1784901232903,SOL,a17d5f522ef350d2,2,213.26,1
1784901232903,BTC,632d92d1e4168651,2,395.32,1
1784901232903,BTC,39fb0d25d8ed5a21,2,4037.6,1
1784901232903,ETH,c14be6ef1a77f2a4,2,116.45,1
1784901232903,ETH,65d3b9ae0faea14d,2,1358.94,1
1784901232903,ETH,e98b114a6444f041,2,587.79,1
1784901232903,SOL,fdd23249e24adf95,2,1600.92,1
1784901232903,BTC,fed24ae74043f364,2,381.24,1
1784901232903,BTC,c4e99d05b762b92b,2,299.37,1
1784901232903,BTC,e0fd7a83fc6f7d35,2,3093.44,1
1784901232903,BTC,d0908481a4ecdcc8,2,1116.86,1
1784901232903,BTC,2716a46a2bfc7440,2,98.51,1
1784901232903,BTC,16e90dc307fa2f0b,2,1173.15,1
1784901232903,BTC,bab46049a587c1aa,2,20.47,1
1784901232903,BTC,7589df77563cd669,2,15735.88,1
1784901232903,ETH,95618c4e68709522,2,399.25,1
1784901232903,SOL,ce23f6be8a5aadd5,4,7452.19,1
1784901232903,BTC,064b727f1524df47,2,24.31,1
1784901232903,BTC,08d610000c3a4646,2,729.22,1
1784901232903,BTC,2077b2d53ffbe504,2,813.66,1
1784901232903,BTC,ccdf8dcd619d488c,2,7907.6,1
1784901232903,BTC,97ee128b1b7b3443,2,23.03,1
1784901232903,SOL,10fb4ac0865c5839,2,185.12,1
1784901232903,SOL,2590069d09cd9062,2,75.53,1
1784901232903,BTC,40cc9ff0c51acbcd,2,3156.13,1
1784901232903,BTC,211ca226ba84f1de,2,1755.25,1
1784901232903,BTC,8dce3c89480b0669,2,3267.43,1
1784901232903,SOL,3d912ee9a5cda07b,2,136.25,1
1784901232903,BTC,f4852291824afc4d,2,191.9,1
1784901232903,BTC,a58e3a3b4157d04b,2,85.72,1
1784901232903,BTC,cc85947ca0db7d3e,2,2783.84,1
1784901232903,ETH,fd8049c81fe8c82b,2,23.66,1
1784901232903,BTC,2e92f3c9aa764c1c,2,1843.53,1
1784901232903,BTC,c84054a6cfe82a7a,2,7530.2,1
1784901232903,BTC,396557523ceaa5a0,2,4615.86,1
1784901232903,BTC,73e0ae97a76a1a02,2,12453.1,1
1784901232903,SOL,cefaf8606fcc47fc,4,10840.63,1
1784901232903,BTC,2bbd968e238be10b,2,6396.7,1
1784901232903,ETH,0a7b260145c8f145,2,150.09,1
1784901232903,BTC,03290a1cfcbf6d94,2,3580.87,1
1784901232903,BTC,1bf2d2d649382403,2,546.28,1
1784901232903,ETH,170d68b166b553f7,28,369790.65,2
1784901232903,BTC,0ba861db5a0b504a,2,1162.92,1
1784901232903,BTC,8a85ae48f4e56a9a,2,237.96,1
1784901232903,BTC,c97b4807ed3ecbb4,2,4700.3,1
1784901232903,ETH,38631016ca2e8162,2,906.46,1
1784901232903,BTC,3e35f12630987e5d,2,24.31,1
1784901232903,SOL,eb47c5f76aaffc1e,4,2961.92,1
1784901232903,ETH,7a3d314471f7e03d,2,202.58,1
1784901232903,BTC,ca38df322f949834,2,138.17,1
1784901232903,ETH,1e63fd7eeb1cf26c,2,79.85,1
1784901232903,ETH,38028491210783a9,2,31.79,1
1784901232903,BTC,0998fad674cff2af,2,161.2,1
1784901232903,SOL,6009344a07303540,2,656.07,1
1784901232903,BTC,4a466d24549bc475,2,1816.66,1
1784901232903,BTC,73aabb713733b883,2,1539.05,1
1784901232903,BTC,9b0b1d6dc8057d0d,2,771.44,1
1784901232903,BTC,37470921282489eb,2,2156.97,1
1784901232903,BTC,a7e73b9bcdb69fa1,2,1817.94,1
1784901232903,BTC,a98971e02b6ee6fd,2,20376.05,1
1784901232903,BTC,17060ac349e757be,2,1724.55,1
1784901232903,BTC,de87a5ed036e9994,2,11885.07,1
1784901235076,xyz:CL,b7a4e6c0a7863402,4,352.66,1
1784901235950,ETH,d70eb5af3349283d,2,23.67,1
1784901235950,ETH,0f56f185e5682596,2,237.79,1
1784901235950,kPEPE,4b21f954643ad67d,8,2968.36,1
1784901235950,ETH,05fa4573fd036bbc,2,100.96,1
1784901235950,ETH,06e80db6cc8dece1,2,497.78,1
1784901235950,ETH,617ee4a3e584c716,2,79.88,1
1784901238966,LINK,a6c85a7d520f78fd,2,127.89,1
1784901241933,ETH,b8b1de08f025722d,2,66.57,1
1784901241933,ETH,d39a29de8b6240fa,2,23.67,1
1784901241933,ETH,2f5ba9cf22ea4897,2,2629.79,1
1784901241933,ETH,9057fe0ef5bb752a,2,223.0,1
1784901241933,ETH,3c4703413d4025f5,2,317.68,1
1784901241933,ETH,a55e7b378c5521a6,2,3754.78,1
1784901244991,ENA,a5341d0c3fc622b1,8,3786.79,1
1784901247067,xyz:SNDK,a342688cab3bd1b2,2,121.83,1
1784901247067,xyz:SNDK,ae25275b88b12a1c,8,40035.1,1
1784901247067,xyz:SKHX,28545bf72e447489,2,5207.04,1
1784901247067,xyz:SNDK,cf9ec94a591c4e8e,2,858.45,1
1784901247067,xyz:SNDK,4b9f954058860580,4,4039.62,1
1784901248017,kPEPE,b2dd78b4170a6085,2,675.05,1
1784901250093,xyz:MRVL,99ca45abe7e034e9,2,94.58,1
1784901250093,xyz:INTC,f8d49ae1e46e6cec,2,427.05,1
1784901250093,xyz:MRVL,29e7b93ce95317a1,2,15.76,1
1784901250093,xyz:INTC,bd95ee6a25f81e01,4,2371.83,1
1784901251035,SOL,07a103b06c6f50d0,2,444.18,1
1784901251035,SOL,c246c5561c6986b0,2,23.69,1
1784901251035,SOL,0f1c2020c808653f,2,133.25,1
1784901251035,SOL,63e3da302cebbfda,2,618.89,1
1784901251035,SOL,6f02d78600d3e665,2,23.69,1
1784901251035,SOL,ea43009df785c9a5,2,2478.52,1
1784901251035,SOL,1ce363eaf87aba21,4,1180.04,1
1784901251035,SUI,065567601856c730,2,37.41,1
1784901253101,xyz:NVDA,7707c02e48aca55e,2,87.28,1
1784901253101,xyz:SNDK,56cbe91a68110c0c,2,3800.93,1
1784901253101,xyz:XYZ100,61e2013f8b6340c9,2,62.02,1
1784901253101,xyz:SNDK,af69b4215a5f1a89,2,2511.17,1
1784901254227,SUI,46d6f69f2a20020f,2,366.16,1
1784901259133,xyz:XYZ100,711a13114ad19878,4,264.93,1
1784901259133,xyz:SHAZ,5b250b6ff42e9766,2,117.79,1
1784901262141,SOL,4f4a16fbac4289b2,2,1265.28,1
1784901262141,SOL,263cf0e7af9c41e4,2,2209.43,1
1784901262141,SOL,f313c30a3f987244,2,287.09,1
1784901262141,SOL,96186bfc749ddf38,2,1161.69,1
1784901262141,SOL,463aaef39d8130aa,2,861.28,1
1784901262141,SOL,1b9c54fb5ca55172,4,32292.02,1
1784901262141,SOL,4b645d982b3e5b4a,2,469.11,1
1784901262141,SOL,ce4f80f94758b580,6,34447.88,1
1784901262141,SOL,8869a58e793889d1,2,696.97,1
1784901262141,SOL,72abab20116f7bcd,2,68.07,1
1784901262141,SOL,f867fe72e92032ec,2,82.87,1
1784901262141,SOL,1873818041c133da,2,23.68,1
1784901262141,SOL,f89cb15ba5fead5e,2,2699.08,1
1784901264745,SOL,71d261006ea08523,2,23.69,1
1784901266012,para:IREN,4568d31822f369a4,2,18.95,1
1784901271179,xyz:KIOXIA,35ec287a52290baa,2,168.21,1
1784901271179,xyz:RKLB,46a0c5eb6a636cd8,2,643.02,1
1784901277213,xyz:HIMS,9af8ebcf12445f88,4,40.62,1
1784901277213,xyz:HIMS,1a382ac5000e34ea,12,42871.79,1
1784901277213,xyz:HIMS,f828b625b177dd5e,2,1780.61,1
1784901277213,xyz:HIMS,c5847b53327ffc4e,2,645.96,1
1784901277213,xyz:HIMS,089644a002b37e1d,2,373.85,1
1784901283160,xyz:KR200,b7f3f765082a2447,4,572.88,1
1784901283160,xyz:ORCL,1176f4ff7591b146,2,23.65,1
1784901283160,xyz:ORCL,94b4605636be21b1,10,140450.33,1
1784901292075,xyz:ORCL,94b4605636be21b1,50,561460.48,1
1784901285036,SUI,1f50ae7127e683f9,2,22.72,1
1784901287905,ETH,abb91d55b8058b9e,2,307.27,1
1784901287905,SOL,0c35c443655c382b,2,69.57,1
1784901287905,SOL,7669f51764ee33a5,2,322.67,1
1784901287905,ETH,c109ff46c654ecb0,2,129.79,1
1784901287905,SOL,324dfcf05d59e5f8,8,4265.66,1
1784901287905,ETH,e64ef21f95d3ed53,2,69.88,1
1784901287905,ETH,5b639d042ad98d2b,2,147.9,1
1784901287905,SOL,12b23402a4bb617e,2,187.97,1
1784901287905,SUI,13a047a97b3a51ba,4,299.54,1
1784901287905,ETH,39cdcbf24d4a0071,2,120.91,1
1784901287905,ETH,c85299ae19430951,2,441.12,1
1784901287905,ETH,0ba236aff8fc9e3b,2,1577.03,1
1784901287905,ETH,1c834efc9f7625fa,2,49.92,1
1784901287905,SOL,dbe9f4c2a757463e,2,7884.17,1
1784901287905,ETH,0a522cead9f38a21,2,109.82,1
1784901289069,xyz:RKLB,929e203eba8bd1b3,2,1897.63,1
1784901291069,ETH,67bf937e09e4ca8a,4,660.69,1
1784901291069,ETH,6a2878e75cc6d307,2,356.04,1
1784901291069,ETH,663afdb51358fbf6,2,938.72,1
1784901291069,ETH,265e11a0b4fbb0ac,2,401.52,1
1784901291069,ETH,292e162c030cee1b,2,233.29,1
1784901291069,ETH,4bdd8acba7e97221,2,720.58,1
1784901291069,ETH,3e36334d40b79fe9,2,733.15,1
1784901291069,ETH,7b2572faef39be5b,2,505.41,1
1784901291069,ETH,c5d5005aa128770e,2,102.41,1
1784901291069,ETH,97e28430a1533d82,2,214.07,1
1784901291069,ETH,4765bc900969eb83,2,288.01,1
1784901291069,ETH,3c029e7a17fdc79b,2,478.79,1
1784901291069,ETH,cc6b0c9a785305c7,2,777.89,1
1784901291069,ETH,83ccc9f065063c46,2,86.88,1
1784901291069,ETH,f088b0049c33d586,2,1448.56,1
1784901291069,ETH,38ed02f85de7acf2,4,4216.66,1
1784901291069,ETH,f423020bc1114356,2,46.58,1
1784901291069,ETH,1093811caa641936,2,23.66,1
1784901291069,ETH,028f0dbeaa1d06b0,2,2920.79,1
1784901291069,ETH,b75149b8991d986c,2,1345.78,1
1784901291069,ETH,d23aa1f88e78cac5,2,25.88,1
1784901291069,ETH,19deed6eb0362c7c,4,939.09,1
1784901291069,ETH,a79b864bbb6d5cfc,2,60.63,1
1784901291069,ETH,984b46c102ad48d7,2,646.27,1
1784901291069,ETH,2ac9b441584e0069,2,970.88,1
1784901291069,ETH,f759e946540ace90,2,105.37,1
1784901291069,ETH,d14fe56152a6a71e,2,2450.87,1
1784901291069,ETH,aea972c2a402b324,2,100.56,1
1784901291069,ETH,6612fb54040ea1e6,2,139.01,1
1784901291069,ETH,e0f47117681a883b,2,52.5,1
1784901291069,ETH,d93e762e836825e3,6,14960.35,1
1784901291069,ETH,74a6af7a1ff6ff26,2,1207.51,1
1784901291069,ETH,c9da649fec9edc3d,2,546.08,1
1784901291069,ETH,3698333912173975,2,749.79,1
1784901291069,ETH,8e59e401fbae7cd9,2,222.57,1
1784901291069,ETH,bec0aa16d48c817e,2,106.48,1
1784901291069,ETH,67507bf010661f4b,2,269.53,1
1784901291069,ETH,77f25230f1f4e6d2,2,58.79,1
1784901291069,ETH,72d2149e3dd40133,4,2935.21,1
1784901291069,ETH,5da4055b81e16917,2,404.47,1
1784901291069,ETH,5d734f29af89ecf2,2,981.24,1
1784901291069,ETH,7e39cb567282988f,2,929.48,1
1784901291069,ETH,90bf27082a2394de,2,1843.79,1
1784901291069,ETH,8449a97184ba0351,2,220.72,1
1784901291069,ETH,46cab8d71bb31edb,2,356.04,1
1784901291069,ETH,f430f9f0a8a024de,2,522.78,1
1784901291069,ETH,01da0e245ace376c,18,7146.97,1
1784901291069,ETH,4fd8938b2ad3cda5,2,296.87,1
1784901291069,ETH,6c321de56cf0f9b1,2,234.76,1
1784901291069,ETH,3caf1c43cb6d4533,2,525.34,1
1784901291069,ETH,36b0089e86539fbf,2,690.6,1
1784901291069,ETH,5ade80ee853db431,4,34.01,1
1784901291069,ETH,f7e767100abce1e0,2,1081.37,1
1784901291069,ETH,e2ba4c5c08cfd8c1,2,834.78,1
1784901291069,ETH,a65650d344072505,2,490.22,1
1784901291069,ETH,675f349608dd2e9c,2,1741.29,1
1784901291069,ETH,c112dac4af9cc9b5,2,195.94,1
1784901291069,ETH,bab293c2461f10b6,2,134.94,1
1784901291069,ETH,b0a8f1675937c6c8,2,92.43,1
1784901291069,ETH,84e39c497c4f7f13,2,369.7,1
1784901291069,ETH,5a31be72fbd087ac,4,6104.49,1
1784901291069,ETH,157569b7a33dba1d,2,23.66,1
1784901291069,ETH,97f590f5826fe58c,2,300.94,1
1784901291069,ETH,4e3fa68642a2740a,2,3331.37,1
1784901291069,ETH,016ceffe9f2591ab,2,246.22,1
1784901291069,ETH,17d2fd51dacd8d99,2,228.84,1
1784901291069,ETH,969b0ab432977cba,2,20.33,1
1784901291069,ETH,f190e453509b28a7,2,855.12,1
1784901291069,ETH,2b0e768c16a91f66,4,2494.74,1
1784901291069,ETH,7e8576ec2286e171,2,423.31,1
1784901291069,ETH,a3ccdb3f5dc38759,2,158.6,1
1784901291069,ETH,3245bccfb7d315e3,2,106.84,1
1784901291069,ETH,1aed8f4cdd9cc14c,2,4934.02,1
1784901291069,ETH,1d80d46a72b7eebb,2,482.83,1
1784901291069,ETH,8ceb343907422661,4,1438.13,1
1784901291069,ETH,bd9441a7696c07b9,2,484.68,1
1784901291069,ETH,20f3ea534ee68bab,8,26987.36,1
1784901291069,ETH,cadaa775e039acaf,2,23.66,1
1784901291069,ETH,b355218c7e098bf1,2,2116.16,1
1784901291069,ETH,1d4fc3e9c1958365,14,49824.84,1
1784901291069,ETH,98bdd573f106ffc5,2,895.41,1
1784901291069,ETH,fbe0fb5c0e2da9fd,2,23.66,1
1784901291069,ETH,25ee2c5039619410,2,249.55,1
1784901291069,ETH,6e4717f4dad772aa,2,86.51,1
1784901291069,ETH,f9a9b91eaa67ed7f,6,10203.35,1
1784901291069,ETH,515b88a40ba5d569,2,647.34,1
1784901291069,ETH,3e9cb1703f101673,2,344.93,1
1784901291069,ETH,d7973940c62b2aa6,2,2586.05,1
1784901291069,ETH,99112187d2a7f887,2,48.06,1
1784901291069,ETH,d888da4ad1e2e6d2,2,1918.37,1
1784901291069,ETH,012db3a264e57235,2,1373.07,1
1784901291069,ETH,c217799d047720b2,4,2109.51,1
1784901291069,ETH,36bc28a553d1e180,2,368.96,1
1784901291069,ETH,d4a58336065ff428,2,753.82,1
1784901291069,ETH,78776d461accf1c9,2,2963.88,1
1784901291069,ETH,1291d3c7f2d6772c,2,2853.34,1
1784901291069,ETH,1dae11e9dd694f95,2,23.66,1
1784901291069,ETH,b07fb437a25ace40,4,998.19,1
1784901291069,ETH,3511fd9aea165e4d,2,2980.15,1
1784901291069,ETH,4669054a36bb6f83,2,1409.67,1
1784901291069,ETH,63ef2bb6abb098c0,2,122.37,1
1784901291069,ETH,aae12bd2b5f8e410,2,317.57,1
1784901291069,ETH,57cfbd8e93e912b6,2,180.41,1
1784901291069,ETH,2e57f3199620beee,2,130.87,1
1784901291069,ETH,dda7ed6bcc63f817,2,441.79,1
1784901291069,ETH,ca16a57ff598017e,2,23.66,1
1784901291069,ETH,a81a0d05f1a8871d,2,315.35,1
1784901291069,ETH,f8ab36d4c62791d8,2,570.82,1
1784901291069,ETH,503cf094b602efb9,2,575.99,1
1784901291069,ETH,d919e036ce4bdcbd,4,398.54,1
1784901291069,ETH,e53e901f51b4f085,4,12235.22,1
1784901291069,ETH,f24ebfbf1e0cdd2d,2,217.01,1
1784901291069,ETH,9049ce5fb60f0c39,2,750.49,1
1784901291069,ETH,ec68d0ac7cd13570,2,425.89,1
1784901291069,ETH,1cbe6554ad5b752d,2,2044.81,1
1784901291069,ETH,2ae61d32d741443a,2,412.59,1
1784901291069,ETH,a8a9f933d6ce1aca,2,391.88,1
1784901291069,ETH,d227dfc6e5157dd4,4,237.72,1
1784901291069,ETH,550c09262aca5cfb,2,253.98,1
1784901291069,ETH,c7aeec709453797c,2,1277.31,1
1784901291069,ETH,18f60d01dee167dd,2,219.6,1
1784901291069,ETH,b771e064840cf306,2,229.21,1
1784901291069,ETH,e54effd836482118,2,28.47,1
1784901291069,ETH,ae4018ca71fbb5b7,2,602.98,1
1784901291069,ETH,dd37307407caf750,2,514.25,1
1784901291069,ETH,b4c3edf6083d4fc2,2,230.32,1
1784901291069,ETH,b4c2ba42b05fd6f1,2,959.74,1
1784901291069,SOL,70f00dd1d328f9c9,2,23.68,1
1784901291069,ETH,52b97d747ac4e694,4,3935.46,1
1784901291069,ETH,41b0ca4e36955f6a,2,628.49,1
1784901291069,ETH,9cdf8747bf621eb5,2,2451.85,1
1784901291069,ETH,8906c7421af867e1,2,153.06,1
1784901291069,ETH,84b7816d4e177d59,2,593.74,1
1784901291069,ETH,a9c6a6d81c3e91de,2,23.66,1
1784901291069,ETH,94206f6e9656ce2e,2,28.1,1
1784901291069,ETH,4e04ad9781a0fac1,2,101.3,1
1784901291069,ETH,a968ca8fe7a0bb07,2,378.57,1
1784901291069,ETH,98cb84f1598a3738,2,716.85,1
1784901291069,ETH,f1d172eef7cd8aa0,2,2509.52,1
1784901291069,ETH,a523c44f7903647b,2,221.45,1
1784901291069,ETH,ec2adc08e301382a,4,602.98,1
1784901291069,ETH,3fe666f6ac0a4adf,2,395.21,1
1784901291069,ETH,50390dfc0813f4fc,2,1353.1,1
1784901291069,ETH,e8b91b4e2b7ccfbc,2,1729.46,1
1784901291069,ETH,c38601522917ac90,2,68.02,1
1784901291069,ETH,26f1f5dc01f8d1dc,2,313.51,1
1784901291069,ETH,4c8a9bfb44410c98,2,23.66,1
1784901291069,ETH,d21e3cea08edce59,2,1140.89,1
1784901291069,ETH,b5e8cb030baecda7,2,980.07,1
1784901291069,ETH,2b3e786131bb54a2,2,939.41,1
1784901291069,ETH,074eacdb8a92118e,8,1628.16,1
1784901291069,ETH,50933a83d385fd14,34,103081.23,1
1784901291069,ETH,239ac6827e6f2116,2,465.08,1
1784901291069,ETH,d7e065f4984baf02,2,1176.39,1
1784901291069,ETH,39fb0d25d8ed5a21,2,246.59,1
1784901291069,ETH,2bea43eef3cb39bc,2,120.89,1
1784901291069,ETH,d6810d9d98a531bc,2,60.63,1
1784901291069,ETH,564b088b826f25c5,2,1953.49,1
1784901291069,ETH,0b27e55538fd17ca,2,1145.7,1
1784901291069,ETH,fe09906dc32a4f6c,2,550.11,1
1784901291069,ETH,ec71457e81957a75,2,644.02,1
1784901291069,ETH,19034fd5097d6d65,2,126.07,1
1784901291069,ETH,abe4648ec79a95c5,2,1482.5,1
1784901291069,ETH,2a426651d204b933,2,1355.69,1
1784901291069,ETH,8b9acbd8ab129ab0,8,12090.13,1
1784901291069,ETH,0efdb655e5cfab8f,2,349.72,1
1784901291069,ETH,d079302abb7a8b9b,2,255.45,1
1784901291069,ETH,6bda49a3eb469fc9,2,937.14,1
1784901291069,ETH,7589df77563cd669,2,9755.49,1
1784901291069,ETH,5802f172a5cfae94,2,242.51,1
1784901291069,ETH,61bb0b8222d7f21f,2,23.66,1
1784901291069,ETH,8cd9f34e1ec8fb6d,2,686.13,1
1784901291069,ETH,fa84230072c37f84,2,78.0,1
1784901291069,ETH,e15c485401c56632,2,919.39,1
1784901291069,ETH,86473b5e352d7145,2,130.13,1
1784901291069,ETH,e7043b1f096f2aa3,2,288.35,1
1784901291069,ETH,418c08767510a979,2,1540.83,1
1784901291069,ETH,367195519c746333,2,490.2,1
1784901291069,SOL,91282c053d0afd63,2,2754.54,1
1784901291069,ETH,0d9bbb674d15dabc,2,861.72,1
1784901291069,ETH,7e1637b9af56361e,2,4006.22,1
1784901291069,ETH,576ae0253cafffeb,2,564.5,1
1784901291069,ETH,409f186ebbecca71,2,97.97,1
1784901291069,ETH,4137dfb65c862b9b,2,87.61,1
1784901291069,ETH,ff12ea66e8832525,2,730.86,1
1784901291069,ETH,adcb53b59a6659f9,2,122.36,1
1784901291069,ETH,6a07decf9ca30fc0,2,338.26,1
1784901291069,ETH,25f84fdfe56ffa5f,2,1989.62,1
1784901291069,ETH,e0c31571cef1f855,2,211.46,1
1784901291069,ETH,858238130cffa95f,2,55.08,1
1784901291069,ETH,da45c20c09c6d05c,2,3014.37,1
1784901291069,ETH,741a2cb425d5730c,2,8193.22,1
1784901291069,ETH,969095c3d6fc1e9b,2,46.58,1
1784901291069,ETH,31515004ce5f0d31,2,482.06,1
1784901291069,ETH,05ba7818f8e74fa7,2,201.85,1
1784901291069,ETH,8a123e793e12ac62,2,499.81,1
1784901291069,ETH,105978223874cf90,2,23.66,1
1784901291069,ETH,afe9223d4b243f88,2,127.91,1
1784901291069,ETH,554f51dcd719fa83,2,188.54,1
1784901291069,ETH,ed73fce3ec1f31f9,2,1101.28,1
1784901291069,ETH,fa1e30d7e6de0257,2,1118.65,1
1784901291069,ETH,57d2f7b4ee6a266b,2,219.96,1
1784901291069,ETH,96e0148550314a72,2,1709.4,1
1784901291069,ETH,120b82e7805143dd,2,968.93,1
1784901291069,ETH,bcb306f94424e954,2,147.13,1
1784901291069,ETH,7db2b12dc94e6de8,2,553.04,1
1784901291069,ETH,dabbaca6ffe9c7c1,2,122.36,1
1784901291069,ETH,4305e0b8bf1719cd,2,1151.55,1
1784901291069,ETH,a88322ceb397bd94,2,929.75,1
1784901291069,ETH,b702e51d9de04f49,2,788.9,1
1784901291069,ETH,633f97fb0cd2dc52,2,1241.02,1
1784901291069,ETH,a81fbb47938b87fe,2,1023.27,1
1784901291069,ETH,4be69b345628dab8,2,365.24,1
1784901291069,ETH,037cf94b75d838e2,2,264.69,1
1784901291069,ETH,74e7b35a97d02308,2,23.66,1
1784901291069,ETH,fffa73fa782da95e,2,23.66,1
1784901291069,ETH,d489b04d54a98e5d,2,675.04,1
1784901291069,ETH,b0225d4ccbf58531,2,2458.0,1
1784901291069,ETH,b9d4b0e3e1439ca2,4,2141.19,1
1784901291069,ETH,1d6178bb85624fd7,2,733.81,1
1784901291069,ETH,abd2329eecf13b1b,2,873.55,1
1784901291069,ETH,e56a5141a4991a12,2,1014.4,1
1784901291069,ETH,08dcaafa86448c83,2,224.03,1
1784901291069,ETH,7a9c3b130a7619e1,2,1536.02,1
1784901291069,ETH,63b1cebcc31cc9d9,2,23.66,1
1784901291069,ETH,f34558386ed43ebd,2,1009.6,1
1784901291069,ETH,1bb48cda5b2233e0,2,2506.06,1
1784901291069,ETH,73089e5fd1454aef,2,396.3,1
1784901291069,ETH,854b92364e1db047,2,4106.78,1
1784901291069,ETH,551d88324305c651,2,873.55,1
1784901291069,ETH,293dd06e0e3489e0,2,2919.73,1
1784901291069,ETH,5badcc9efa138404,2,4687.91,1
1784901291069,ETH,e2c3463bc100d806,2,1164.12,1
1784901291069,SUI,dc802d2146c8718b,2,363.64,1
1784901291069,ETH,07717500662d83bc,2,5332.26,1
1784901291069,ETH,7fada929245cdf8b,4,2521.96,1
1784901292075,xyz:RKLB,51a36b06d1c41fb0,2,513.48,1
1784901292075,xyz:SMSN,e96306ef264981c8,2,333.22,1
1784901298202,xyz:PURRDAT,06f478281a171607,10,1273.66,1
1784901301128,xyz:ORCL,a195ba3b5578bf62,4,1326.67,1
1784901301128,xyz:ORCL,e202346ef710d348,2,284.4,1
1784901304138,xyz:ORCL,aa2619f3b88e6ce9,2,1751.7,1
1784901304138,xyz:AMD,e125ee0ce91e6b68,4,1419.14,1
1784901304138,xyz:ORCL,6f067aeba080c13a,4,11051.12,1
1784901304138,xyz:HIMS,61fdec8e6a42a170,4,10050.55,1
1784901306003,BTC,0bad6c0e4905eb37,2,44.77,1
1784901306003,BTC,d69a0c344e333029,2,49.89,1
1784901306003,BTC,03f11f94f46e7650,2,379.93,1
1784901306003,BTC,32fb0cedcadf50de,2,4850.8,1
1784901306003,BTC,dfde208f684e1e44,2,1613.1,1
1784901306003,BTC,98d8055207a3c454,2,255.84,1
1784901306003,BTC,048f916cada8c087,2,225.14,1
1784901306003,BTC,30c095dc7a13cf35,2,35372.99,1
1784901306003,BTC,d13210b9e4cd2807,2,101.06,1
1784901306003,BTC,4b66cd3b3d507d32,2,7753.35,1
1784901306003,BTC,4bad878b39e292f3,2,163.74,1
1784901306003,BTC,1d5c75aa54288806,2,1682.17,1
1784901306003,BTC,3470f41bf63d948e,2,2103.04,1
1784901306003,BTC,951249ea2b6cc078,20,102337.03,1
1784901306003,BTC,20fb154550ccaf55,2,6241.02,1
1784901306003,BTC,5748b08816823fb6,2,107.45,1
1784901307135,xyz:SNDK,7dbe4c610db03dcf,4,59352.0,1
1784901307135,xyz:SNDK,9bbe72eab7f06836,2,658.81,1
1784901307135,xyz:XYZ100,640c856df5723113,2,191.58,1
1784901307135,xyz:SMH,d5063a97caadf914,2,270.71,1
1784901307135,xyz:SNDK,69edba9f8c321ff1,2,896.22,1
1784901307135,xyz:COIN,dbcb4e81de48aa26,2,48.45,1
1784901307135,xyz:INTC,acca45202e8558b7,2,5681.48,1
1784901307135,xyz:INTC,f4c6e09516fb73ae,2,191.94,1
1784901307135,xyz:SNDK,daca7fc65db1b912,2,780.48,1
1784901307135,xyz:SNDK,289afd04a13286a5,2,92.0,1
1784901307135,xyz:HIMS,92d57795805d345c,2,4001.57,1
1784901307135,xyz:CRCL,ca1179c426cba5a7,2,407.19,1
1784901307135,xyz:SNDK,cf3dca85ef3e5cc2,2,1388.84,1
1784901312312,BTC,6fcc43588e671b32,2,5840.92,1
1784901312312,BTC,dcd8d74adb2c3c7d,2,790.38,1
1784901312312,ETH,b34793202e34ace2,2,26.61,1
1784901312312,ETH,5e2e76a4e8d534ec,2,264.63,1
1784901312312,BTC,2386227263534c2f,2,66396.17,1
1784901312312,ETH,2386227263534c2f,8,28612.58,1
1784901312312,HYPE,2386227263534c2f,38,41903.3,1
1784901312312,BTC,dd476f5b05108198,2,287.76,1
1784901312312,ETH,2651609ffa49b7a7,2,814.6,1
1784901312312,BTC,f05d73cbeff5d314,2,477.04,1
1784901312312,BTC,7ca5817c961c376c,2,29.42,1
1784901312312,ETH,3bb038855d2f727e,2,43.61,1
1784901312312,BTC,8505c2e2f48283cc,2,29782.68,1
1784901312312,ETH,b75d715336a89f5d,2,2451.19,1
1784901312312,ETH,68d1a3e0544681b3,2,23.65,1
1784901312312,ETH,0de862d1709dd18b,2,1230.03,1
1784901312312,ETH,86ff1d88be469b78,2,570.66,1
1784901312312,ETH,ee9f92bdf47b540b,2,1509.08,1
1784901312312,ETH,a9bb49343ed8ae1c,2,472.35,1
1784901312312,ETH,eae1f408b620f5bd,2,385.12,1
1784901312312,BTC,cbf89919aa04d0b4,12,49222.79,1
1784901312312,ETH,1a76a16753e5a332,2,2447.86,1
1784901312312,ETH,57929c15711bbb5e,2,1045.6,1
1784901312312,BTC,c98b93ace81521d3,2,127.89,1
1784901312312,ETH,eef2ef9a9792e070,2,85.75,1
1784901312312,ETH,b2f33a8cdfffd042,2,382.54,1
1784901312312,ETH,449a32adb7795326,2,23.65,1
1784901312312,ETH,8f1ab8d062d76fbf,2,338.18,1
1784901312312,BTC,8764e6cdd4d252ec,2,202.07,1
1784901312312,BTC,5a5a4b5cd213582e,2,45707.89,1
1784901312312,ETH,3aff2bc4303fd5a0,2,562.9,1
1784901312312,BTC,e97b3d8974289c99,2,352.98,1
1784901312312,ETH,2c59ce8f521ef977,2,272.76,1
1784901312312,ETH,465df33ac4dee42e,2,100.53,1
1784901312312,BTC,3a1ec118dfeeffd7,26,18796.99,1
1784901312312,ETH,8e38c7905c0eca60,2,776.9,1
1784901312312,ETH,ca61931133814ee4,2,574.73,1
1784901312312,ETH,4520c92b10031a8c,2,1021.94,1
1784901312312,BTC,a40c2e871c301648,2,38.37,1
1784901312312,ETH,2d99c6e4962a04fc,2,49.16,1
1784901312312,BTC,4eaa37ba18617148,2,414.34,1
1784901312312,ETH,a879444d4aa7a63e,2,522.98,1
1784901312312,ETH,a97c8e13a03f3f95,4,677.48,1
1784901312312,BTC,4a12ccd1b5b204f3,2,805.64,1
1784901312312,BTC,6d13c4b1707ac9cd,2,7812.19,1
1784901312312,ETH,a18f2f2ea3d82ec8,2,23.65,1
1784901312312,ETH,e5bbafcf7350562f,4,5468.23,1
1784901312312,ETH,43bcaf70bb9f2b2b,2,1751.16,1
1784901312312,ETH,009d193548cf2300,2,1741.19,1
1784901312312,ETH,34191645b7aeaa33,2,4707.96,1
1784901312312,BTC,f3ffdfc56d686069,2,1876.0,1
1784901312312,ETH,c3bce8e6b7c4fbf7,2,3890.04,1
1784901312312,ETH,233a1167889950d1,2,174.82,1
1784901312312,ETH,d785bce6b68d93e6,2,32.89,1
1784901312312,BTC,174ff0233878a2bc,4,9488.7,1
1784901312312,ETH,d2b1d0503958f803,2,347.79,1
1784901312312,ETH,1777c0f3fbdc319e,2,449.43,1
1784901312312,ETH,8b06f27f8dad55f0,2,511.16,1
1784901312312,ETH,7e64b96a0403ad0f,2,283.85,1
1784901312312,ETH,67b92d5bf048e443,2,1636.22,1
1784901312312,BTC,c65a72e38928e6c4,2,341.44,1
1784901312312,BTC,8449ecbecc6b1d9c,2,6396.56,1
1784901312312,BTC,8dc6a380016fcdf1,2,1578.04,1
1784901312312,BTC,6f89807f175c9f3e,2,1278.8,1
1784901313185,xyz:ORCL,900f2629e9feb233,2,1100.26,1
1784901313185,xyz:MU,284d3700d43a8ba5,2,33.62,1
1784901313185,xyz:CBRS,a5e0bd3c70acee10,2,2697.04,1
1784901313185,xyz:ORCL,2af6ccb588b02100,2,93.21,1
1784901315301,ETH,88f548b6c4a1456a,2,4903.78,1
1784901315301,ETH,829da7eab9fe4a00,2,244.91,1
1784901315301,BTC,2c96d2e135629a10,2,189.21,1
1784901315301,ETH,7cfaa3aa4ace4022,2,1505.3,1
1784901315301,BTC,6220b5b04764526b,2,158.52,1
1784901315301,ETH,bc6e7bd7c59adfef,2,4908.22,1
1784901315301,BTC,47ae1ff2de908106,2,8647.23,1
1784901315301,ETH,5cc3bdd4f2e0a1a1,2,126.7,1
1784901315301,ETH,599b42ca8c53fef1,2,71.66,1
1784901315301,ETH,9049f22303b6c416,2,431.09,1
1784901315301,ETH,550c97897e72b9aa,2,23.64,1
1784901315301,ETH,cbddbf93cbb0e9b1,2,810.46,1
1784901315301,BTC,055df9bafcbf7a93,2,61.36,1
1784901315301,BTC,814fe7d1be149c4e,2,33.24,1
1784901315301,BTC,198af65d9c882b4b,2,6456.02,1
1784901315301,ETH,a7929a8be57f6627,2,165266.24,1
1784901315301,BTC,9c019a86b3339c1c,2,185.37,1
1784901315301,ETH,4f07dc9ab133315b,2,42.85,1
1784901315301,BTC,d2d2a9e5f29a4667,2,31729.11,1
1784901315301,BTC,dadc69c3963cfc90,2,749.15,1
1784901315301,ETH,8074c1f8decf454e,2,28605.6,1
1784901315301,BTC,670cac7864f15e22,2,614.92,1
1784901315301,ETH,66572bf6874a5019,2,1960.04,1
1784901315301,ETH,a1f02b486519f215,2,204.28,1
1784901315301,ETH,41cb31c8d0b252fc,2,49.13,1
1784901315301,ETH,4d395c5f5c39d28c,2,356.84,1
1784901315301,ETH,dce7cbfe0560bac1,2,873.63,1
1784901315301,BTC,4bfa1f8cecd64976,2,5049.76,1
1784901315301,ETH,5f4a31501eceda57,2,9799.07,1
1784901315301,ETH,13ea355960aa4502,2,1402.98,1
1784901315301,BTC,89ecade184491f50,2,843.76,1
1784901315301,BTC,2c1250eb1b4c991f,2,7731.88,1
1784901315301,ETH,deef11d6f5269d31,2,315.47,1
1784901315301,SOL,88cca02fe57fdca4,2,112.36,1
1784901315301,BTC,45a894c12c6f14f4,2,1820.47,1
1784901315301,ETH,c82f7916df773d4c,2,2367.48,1
1784901315301,ETH,04872633f4c426ec,2,7413.12,1
1784901315301,ETH,5891125ac81cee41,2,197.63,1
1784901315301,ETH,b96c9055ba66f3a8,2,64.65,1
1784901315301,ETH,f7f434135ae1c5f0,2,5785.17,1
1784901315301,ETH,5f217f8d4eeadbfa,2,94.2,1
1784901315301,BTC,9ec4c50a361df00d,54,1046440.45,2
1784901315301,ETH,b73dc0e85f94b264,2,2587.28,1
1784901315301,BTC,4371a9a02359a43e,2,444.88,1
1784901315301,ETH,ae1bd0a6b3840902,2,23.64,1
1784901315301,ETH,d68a2e40f44ed63b,2,124.49,1
1784901315301,ETH,dcc3d44a9c4205ba,2,624.66,1
1784901315301,ETH,c6359aa597ccc0f9,2,214.62,1
1784901315301,ETH,746f18a16d1edd76,2,316.21,1
1784901315301,ETH,98eba68311094349,2,3460.91,1
1784901315301,ETH,d330d07fbe38b0fe,2,35.09,1
1784901315301,BTC,38f760cd49eea1cd,2,392.47,1
1784901315301,ETH,b0e93ad5574d404d,2,23.64,1
1784901315301,ETH,6ca1392fc1604e97,2,743.6,1
1784901315301,ETH,ada814b6bc55097d,2,1901.3,1
1784901315301,ETH,623640c28100b74f,2,23.64,1
1784901315301,ETH,c37181cd9069a036,2,264.49,1
1784901315301,ETH,e6e2cdd470170072,2,502.75,1
1784901315301,BTC,71c075f4b816df38,2,233.95,1
1784901315301,ETH,2937a81468222f2b,2,3543.65,1
1784901315301,ETH,c729f4dab5119e56,2,464.71,1
1784901315301,ETH,60e52c4e7ec44154,2,379.0,1
1784901315301,ETH,dbb678f161bcd134,6,1443.25,1
1784901315301,BTC,0de625d97eaccc0c,2,47239.44,1
1784901315301,BTC,f0c2bd469066d0da,2,809.23,1
1784901315301,ETH,12de1c6183eb0a79,2,76.47,1
1784901315301,ETH,e4d3ae893ccc5411,4,273.73,1
1784901315301,ETH,01b3ad238dd83d0f,4,363.12,1
1784901315301,BTC,622f93b9095adaf4,2,1728.4,1
1784901315301,ETH,d86fe545f0caa2f5,2,23.64,1
1784901315301,ETH,424be5a7311691b5,8,8110.92,1
1784901315301,BTC,3919e9f0b4184701,2,283.8,1
1784901315301,ETH,4aa02c5d6b75b9b7,2,747.67,1
1784901315301,BTC,cf8e68dd9144b697,2,1029.11,1
1784901315301,BTC,41bff7243eabb053,2,72.87,1
1784901315301,LINK,d44284a326600d39,2,1174.43,1
1784901315301,ETH,6f02d78600d3e665,4,545.6,1
1784901315301,ETH,860551d89abc7c48,2,56.15,1
1784901315301,ETH,ba88f2a5192412a1,2,654.21,1
1784901315301,ETH,cd58cec74861d66d,2,23.64,1
1784901315301,ETH,9ed70228b1e5ee63,2,1851.06,1
1784901315301,BTC,074ce4c08ffdd421,2,9552.2,1
1784901315301,BTC,4296b3397c8fe521,2,30.68,1
1784901315301,ETH,a2996991ffa91cee,2,701.86,1
1784901315301,ETH,0f150642a7d9f358,2,294.04,1
1784901315301,ETH,f8000394152e7d49,2,1237.86,1
1784901315301,BTC,c68e4377fccfa93d,2,1884.36,1
1784901315301,BTC,ac46f43f4f83e65a,2,402.7,1
1784901315301,BTC,403087a2999fdb76,2,8579.34,1
1784901315301,BTC,69dd507b08d931de,2,245.45,1
1784901315301,ETH,88b94650bcfe0d2c,2,153.3,1
1784901315301,ETH,828adad7eee915c8,2,1804.89,1
1784901315301,ETH,79eafe07ac3362a0,2,1031.0,1
1784901315301,ETH,8ac29e7137c4a548,2,694.47,1
1784901315301,ETH,dc1bbad0054559b6,2,684.13,1
1784901315301,SOL,25c8b6e67e5bff78,2,1530.23,1
1784901315301,ETH,7a4070c0973ed6cb,2,132.61,1
1784901315301,ETH,3b85b97acee89479,2,37.68,1
1784901315301,BTC,09510801c539bb45,2,27380.77,1
1784901315301,ETH,a7407bdef8cff5e0,2,333.94,1
1784901315301,ETH,bf2e3a115ee8fb94,2,424.07,1
1784901315301,BTC,3d38a0f3c5f59871,2,3872.27,1
1784901315301,ETH,4b66cd3b3d507d32,2,4597.18,1
1784901315301,ETH,381066dcf7489aa8,2,1016.96,1
1784901315301,ETH,a74b63977d71853e,2,497.58,1
1784901315301,ETH,68aeb1aaba937aa0,2,960.07,1
1784901315301,ETH,0bdd399ba8bc11cf,2,444.02,1
1784901315301,ETH,77cddbd75e9bc59c,2,1324.67,1
1784901315301,ETH,258176ef1b0ba911,2,6035.26,1
1784901315301,ETH,5e76fbef434f39e8,2,232.72,1
1784901315301,ETH,d5ec3477376bdb7a,2,356.47,1
1784901315301,BTC,09edea235dd360e2,2,423.15,1
1784901315301,BTC,988d7f9f6c780115,2,11541.4,1
1784901315301,ETH,f87dd62d422ac5a1,2,734.74,1
1784901315301,ETH,f6a0bed2d4cef3e5,2,87.92,1
1784901315301,ETH,8c53105168aaafd7,2,1959.67,1
1784901315301,ETH,077f607a9705c207,2,1897.24,1
1784901315301,ETH,f08f9215df8f3b59,2,255.62,1
1784901315301,ETH,3b8c599bb0a188a5,2,5006.85,1
1784901315301,ETH,38182f85eb2ebc76,2,127.81,1
1784901315301,ETH,34fd444d147ebcd2,2,39.9,1
1784901315301,ETH,ae99c32bcf275a5f,2,207.6,1
1784901315301,ETH,8d0103388fe76f48,2,364.23,1
1784901315301,ETH,48d68f869ffb4104,2,84.96,1
1784901315301,ETH,547fe7b0b2cdb45f,2,66.12,1
1784901315301,ETH,3f4a26b92f27d071,6,1568.47,1
1784901315301,ETH,f922167ac66fd8df,4,293.67,1
1784901315301,ETH,b5704d3ca1d78d9b,2,25.49,1
1784901315301,ETH,580aa028c318430e,2,295.52,1
1784901315301,ETH,ed5177c353892f4f,2,3145.07,1
1784901315301,ETH,ec5bad6411732e17,2,278.53,1
1784901315301,ETH,fe5d7261cb8c38a5,4,7991.97,1
1784901315301,ETH,71d261006ea08523,2,132.25,1
1784901315301,BTC,2d5178693bf8aae7,2,24.29,1
1784901315301,ETH,35846c8d69615d3b,2,23.64,1
1784901315301,BTC,ae9663bc6be0fb0d,2,686.5,1
1784901315301,ETH,e185794e3f489906,2,2350.49,1
1784901315301,BTC,4cdc12863f46160e,2,678.83,1
1784901315301,ETH,d8cd8d237a33b588,2,2193.5,1
1784901315301,BTC,718815cd1d9f5e35,2,570.17,1
1784901315301,ETH,718815cd1d9f5e35,2,522.7,1
1784901315301,ETH,efdbac1de14f300d,2,252.3,1
1784901315301,ETH,3e35f12630987e5d,2,23.64,1
1784901315301,ETH,b4fe543e5085d20b,8,4900.76,1
1784901315301,ETH,86a0c391e629824c,2,105.64,1
1784901315301,ETH,c76113a9d7dcd904,2,26.6,1
1784901315301,BTC,d9ce1e4827ccb073,10,165926.09,1
1784901315301,ETH,34be42ef8622a32c,2,2076.65,1
1784901315301,BTC,7622961b17567841,2,127.84,1
1784901315301,ETH,69d6025a0c1d1b6a,12,8278.91,1
1784901315301,ETH,6da0c52b3621d0cf,2,24.01,1
1784901315301,BTC,85e1ed6d63a5a731,2,4847.69,1
1784901315301,BTC,0cb189bbac8e01dd,2,577.84,1
1784901315301,BTC,40eb4e3e36bdd333,2,1642.74,1
1784901315301,ETH,39b0be15788d8b09,2,808.94,1
1784901315301,ETH,86c0216683a2e868,2,379.72,1
1784901315301,BTC,6a4e447748fa3805,2,130.4,1
1784901315301,ETH,718f992773169b56,2,629.42,1
1784901315301,ETH,8ed13afc44e584d1,2,973.32,1
1784901316149,mkts:USTECH,0d113e7c83dfd86e,16,63221.13,1
1784901318563,SOL,98802f1b25009080,2,309.09,1
1784901318563,SOL,db8d841755f7e293,2,1415.31,1
1784901318563,VIRTUAL,25cc5c74e847d3d9,32,18533.84,1
1784901318563,SOL,0594c0d4633bed51,2,1215.66,1
1784901318563,SOL,5f040ee1875dce1d,2,79.86,1
1784901318563,SOL,656942110cf5d3b8,2,634.45,1
1784901318563,SOL,abe4b2cfd65158e5,2,390.43,1
1784901318563,SOL,846f6b5e53424327,2,23.66,1
1784901318563,ETH,fdd23249e24adf95,2,485.84,1
1784901318563,SOL,86473b5e352d7145,2,916.92,1
1784901318563,SOL,3d8b69c2278a96a9,2,59.16,1
1784901318563,SOL,0fe6b6b92c396540,8,23700.99,1
1784901318563,ETH,9a6dd21361a6600c,2,148.89,1
1784901318563,SUI,b60476dabe67722d,2,22.7,1
1784901318563,SOL,37470921282489eb,2,1064.71,1
1784901319122,xyz:MU,6792368592800779,2,326.51,1
1784901319122,xyz:HIMS,93ccbdf5d1b988ab,2,294.74,1
1784901319122,xyz:SPCX,0a1d97a904ec9e7d,2,1109.25,1
1784901319122,xyz:MSTR,9e97b6f890116773,2,94.62,1
1784901319122,xyz:SPCX,358f08b469166d6a,2,1125.13,1
1784901321456,BTC,f00e249eb3706dce,4,6857.12,1
1784901321456,ETH,7f12cec20cdfeadf,2,352.08,1
1784901321456,ETH,951013d85b44cddf,2,863.75,1
1784901321456,ETH,267339ca6cec1b66,2,432.24,1
1784901321456,BTC,2c3eb542e5f26f3f,2,226.27,1
1784901321456,BTC,716ebd646fed20fd,2,3321.18,1
1784901321456,ETH,e1c701b95ee12b0d,2,650.21,1
1784901321456,ETH,74cdfa3aff680440,2,268.21,1
1784901321456,ETH,5b92eabd2c403715,2,580.39,1
1784901321456,BTC,9c047eb07ebe4f90,2,517.74,1
1784901321456,BTC,db1713ec04bc7e91,2,26.85,1
1784901321456,ETH,724977a1d6f3d976,2,2667.73,1
1784901321456,ETH,75ac822cc15784e4,2,343.21,1
1784901321456,BTC,5754212718ff557e,2,2376.47,1
1784901321456,ETH,bb861534c4293596,2,1023.35,1
1784901321456,ETH,fb631f422db604e9,2,190.63,1
1784901321456,ETH,97d5cde29e03c841,2,951.31,1
1784901321456,BTC,b37b575c7f044d5d,8,29035.38,1
1784901321456,BTC,a7010b685a0372ad,2,9375.35,1
1784901321456,ETH,4e3b30ddce147593,2,23.64,1
1784901321456,ETH,ab56a07044e889cd,2,1494.02,1
1784901321456,ETH,719ab20c2fb06a21,2,256.02,1
1784901321456,BTC,99755bb671a17ca5,2,818.14,1
1784901321456,ETH,0fdec16eb395ea43,2,2591.99,1
1784901321456,ETH,1b6feb3f102a2848,2,3136.18,1
1784901321456,BTC,070dd7f6e192f720,2,3592.14,1
1784901321456,BTC,6b9ac8798155be90,2,5265.48,1
1784901321456,BTC,3c904c2eea7ae6e2,2,714.59,1
1784901321456,ETH,2c9f8a2c88d678df,2,2179.7,1
1784901321456,ETH,e027afa601e425d9,2,6341.07,1
1784901321456,ETH,469de141ac7d62a3,2,207.26,1
1784901321456,ETH,373ee185a8642584,2,331.02,1
1784901321456,ETH,257beb8671122fcd,2,216.49,1
1784901321456,ETH,ebb64b4513c42cac,2,6425.67,1
1784901321456,ETH,bd8224809088f44e,2,596.28,1
1784901321456,ETH,4a8657017b113e9f,2,211.32,1
1784901321456,BTC,487a5379f92f0980,2,2350.87,1
1784901321456,ETH,7934ee0cc1821b73,2,189.52,1
1784901321456,ETH,a7d599ccb505acf7,2,472.51,1
1784901322127,xyz:XYZ100,993969ee6c41ab2c,2,1717.88,1
1784901322127,xyz:HOOD,1b1b086eed268499,2,392.46,1
1784901322127,xyz:SPCX,94b53f9be8f9674d,2,1419.14,1
1784901322127,xyz:HIMS,b09fa79f97665d2e,2,548.46,1
1784901322127,xyz:SKHY,9346715b599da208,8,78824.15,1
1784901322127,xyz:CRCL,3ca694941bbe34b2,4,2914.88,1
1784901322127,xyz:HOOD,141365045a14e60d,50,285487.36,2
1784901322127,xyz:ORCL,f92fd63c20c632ae,38,311443.69,2
1784901322127,xyz:XYZ100,73b6663226d4627a,2,664.62,1
1784901322127,xyz:CRCL,01c5529e6f9e7a95,2,84.86,1
1784901322127,xyz:ORCL,d83d63febbc1e3dd,2,94.43,1
1784901322127,xyz:NVDA,4a51c8947f5d278a,2,207.76,1
1784901322127,xyz:XYZ100,34af9b789865b505,2,473.12,1
1784901322127,xyz:ORCL,8657eeaf12467bcc,2,725.36,1
1784901322127,xyz:ORCL,73e21ca4208339aa,2,19.12,1
1784901322127,xyz:CRWV,b3c329cb5dbcbad6,2,9893.79,1
1784901322127,xyz:SPCX,5f74afee249c0a41,2,1879.34,1
1784901324464,ETH,a38487219001646d,2,3963.57,1
1784901324464,ETH,0e5cc89bb11cfd77,2,392.0,1
1784901325074,xyz:ORCL,6a48124e6a3d0aae,4,2130.69,1
1784901325074,xyz:SPCX,4efa97a0e69dfe6e,2,158.72,1
1784901325074,xyz:CBRS,4df9c7066d87fd90,14,5130.1,1
1784901325074,xyz:SPCX,56e4b9ae6618279c,12,58444.62,1
1784901328191,xyz:SKHX,f7501b8287200b61,2,936.92,1
1784901340183,xyz:MRVL,f22cabbccf4e028c,2,188.4,1
1784901340183,xyz:MRVL,a79019c5583c1256,2,392.5,1
1784901340183,xyz:MRVL,4eff5b9ea401f7fe,2,392.5,1
1784901340183,xyz:CRCL,0ec617366fedd35f,2,946.31,1
1784901340183,xyz:NBIS,50abb67742954157,2,18945.92,1
1784901340183,xyz:RKLB,b3c329cb5dbcbad6,2,11385.4,1
1784901343163,xyz:CRCL,96b0b3f458e518f1,2,119.52,1
1784901343163,xyz:SMSN,dfdcbfc78e23d922,2,1037.73,1
1784901346201,xyz:NOK,eaae62314a844822,8,7117.57,1
1784901346201,xyz:SKHX,a88166867f0dca2a,2,188.58,1
1784901349146,xyz:MSTR,39199f1c50c6e5e8,4,3785.55,1
1784901351453,BTC,3c93a3598fc27596,30,1971961.67,1
1784901351453,BTC,4a962089e4b0ebe5,2,20.45,1
1784901351453,BTC,e73373ae439a67b6,2,2285.06,1
1784901351453,BTC,c300f47df9012745,2,4494.73,1
1784901351453,BTC,be5a8cceb0a94a4b,2,172.53,1
1784901351453,BTC,1d7d711f63ea6693,2,199.37,1
1784901351453,BTC,b0b9a0fe66bb14d0,2,10376.08,1
1784901351453,BTC,99bc7859b5e84ffa,2,1923.39,1
1784901351453,BTC,906e6c95181bff32,2,2916.4,1
1784901351453,BTC,14ac377455c0e501,2,28.12,1
1784901351453,BTC,ea0670312744c58a,2,88504.06,1
1784901351453,BTC,ebc495b39e2207f0,2,918.88,1
1784901354746,BTC,2cf3849123c6c28a,2,26159.38,1
1784901354746,BTC,822c6e739bafb230,2,2901.06,1
1784901354746,BTC,530981ed9f8a9103,2,4916.47,1
1784901354746,ETH,530981ed9f8a9103,2,5015.69,1
1784901354746,BTC,7c481b89be70e618,2,12243.24,1
1784901354746,BTC,a1026be7570b3ade,2,348046.69,1
1784901354746,BTC,538da3b550af7068,2,428.13,1
1784901354746,BTC,b9b3ad1b03b88c20,2,76.68,1
1784901354746,BTC,e0723f56c95c36eb,2,2764.31,1
1784901354746,BTC,d73363f99fdd51c0,2,2397.53,1
1784901354746,BTC,e66e0be6667ca385,2,274.77,1
1784901357555,ADA,7799c783bd98e6e0,8,1845.73,1
1784901369400,SOL,55ae31f75d59355f,2,44.36,1
1784901369400,SOL,466a7439363a5bcc,2,26.62,1
1784901369400,XRP,a8a7e2e6207bf060,2,97.97,1
1784901369400,BTC,618a71660236360c,2,780.86,1
1784901369400,SOL,b19a74558829f3cf,2,63.58,1
1784901369400,SOL,66c89c8b9fee5759,2,23.66,1
1784901369400,XRP,64ac120ee9df25cd,2,47.89,1
1784901369400,SOL,2bb8334531bae6bc,2,409.58,1
1784901369400,SOL,8de67a4a7b0abb13,2,5664.59,1
1784901369400,XRP,23587bddafab6c71,2,3576.81,1
1784901369400,SOL,6fd9a664e48b6d0d,2,801.41,1
1784901369400,SOL,a13a5ad23774e485,2,23.66,1
1784901369400,SOL,b76a708b804be9f1,4,23.66,1
1784901369400,XRP,d70db744d57a438e,2,34.83,1
1784901369400,SOL,3bf9dde67bc17e9c,2,1616.09,1
1784901385195,xyz:SKHX,36c6e71ad8fa5d71,2,372.6,1
1784901427084,xyz:QCOM,b784baf4079c8382,2,187.14,1
1784901430075,xyz:SKHX,a62150ed64ed4dd3,2,138.96,1
1784901430075,xyz:CBRS,b512be24abbfccab,4,942.94,1
1784901430075,xyz:SKHX,b943247c89d0ba63,4,287.29,1
1784901454151,xyz:SKHX,f05e4a3a1833a153,2,122.43,1
1784901457062,xyz:GOOGL,dae35f32b16b2939,2,218.13,1
1784901463184,xyz:SKHX,2e81c19385c52d15,6,35285.49,1
1784901475145,xyz:MU,fdf9e9f6f9c5e0a8,2,229.0,1
1784901475145,xyz:MU,98df745e624338a8,2,243.9,1
1784901481108,xyz:KIOXIA,4f07d81aa87ec7ed,2,476.29,1
1784901481108,xyz:KIOXIA,f3426d444d1e606f,2,33.21,1
1784901481108,xyz:KIOXIA,81b093513a7c1451,2,65.76,1
1784901496170,xyz:GOOGL,d3c9cfeb30e701e8,2,897.66,1
1784901598054,xyz:SKHX,8036ab73a4cecafa,8,14284.06,1
